site_id,file,line,component,task,wave,target,status,behavior_record,evidence,kind,owner,fingerprint
INP-001,src/capabilities/chores/components/ChoreEditorDrawer.tsx,232,Input,04,Representative native pilots,Input filled for ordinary entry; classify structured/inline exceptions before edit,implemented-awaiting-native,Chore title; parent ChoreDraft onChange; autofocus only on create; title.trim gates explicit Add/Save chore footer; no blur save; full-height BottomDrawer resize host.,Initial iOS pilot: native-chore-resting.png; full native matrix still open.,shared-input,ChoreEditorDrawer,b2e25f614d28bd134f8a4b1f
INP-002,src/capabilities/chores/components/ChoreEditorDrawer.tsx,241,SmallSetPickerField,04,Representative native pilots,Owned picker trigger using shared input material,implemented-awaiting-native,Assignee choice; household sentinel maps to null in parent draft; no deselect; compact row; explicit outer Add/Save persists.,Initial iOS pilot: native-chore-resting.png; first-tap assignee opening from keyboard; full native matrix still open.,shared-input,ChoreEditorDrawer,e69d8ef6eeee0aed6fb0896a
INP-003,src/capabilities/chores/components/ChoreEditorDrawer.tsx,257,PickerFieldTrigger,04,Representative native pilots,Owned picker trigger using shared input material,implemented-awaiting-native,Repeat trigger opens ActivityRepeatSheets; no deselect; selected label summarizes rule; parent ChoreDraft retained; outer Add/Save persists.,Initial iOS pilot: native-chore-resting.png; full native matrix still open.,shared-input,ChoreEditorDrawer,7beab7e5061d031dd684ce12
INP-004,src/capabilities/chores/components/ChoreEditorDrawer.tsx,271,SmallSetPickerField,04,Representative native pilots,Owned picker trigger using shared input material,implemented-awaiting-native,Missed-repeat basis; shown only with repeat rule; immediate local draft choice; no deselect; outer Add/Save persists.,Initial iOS pilot: native-chore-resting.png; full native matrix still open.,shared-input,ChoreEditorDrawer,1e9faaa76a4962b867dba161
INP-005,src/capabilities/chores/components/ChoreEditorDrawer.tsx,287,Input,04,Representative native pilots,Input filled for ordinary entry; classify structured/inline exceptions before edit,implemented-awaiting-native,Definition-of-done paragraph; parent draft onChange; newline retained; 92-150 height bounds; explicit outer Add/Save persists; BottomDrawer resize host.,Initial iOS pilot: native-chore-keyboard.png; full native matrix still open.,shared-input,ChoreEditorDrawer,a6bc27336cc71a54df4c971c
INP-006,src/capabilities/chores/components/ChoreEditorDrawer.tsx,318,SmallSetPickerField,04,Representative native pilots,Owned picker trigger using shared input material,implemented-awaiting-native,Token reward; shown when tokens enabled; numeric option parses through Number into parent draft; no deselect; outer Add/Save persists.,Shared treatment opted in; focused pilot suites pass (53 tests); native acceptance in progress.,shared-input,ChoreEditorDrawer,89e28a4e4f97c9df48de76ed
INP-007,src/capabilities/chores/components/ChoreReviewDrawer.tsx,168,Input,05,"Account, household, Plan and remaining forms",Input filled for ordinary entry; classify structured/inline exceptions before edit,implemented-awaiting-native,"Optional review note; local note reset when drawer closes or selected occurrence disappears; request another look sends trimmed note or null, approval ignores it; no blur save; existing BottomDrawer extend and scroll host retained.",Task05 source opt-in; 5 focused suites / 58 tests pass in kwilt-account-input-focused.log; native and broader accessibility acceptance remain open.,shared-input,ChoreReviewDrawer,d1d9f0bd3aa01e8084113c5a
INP-008,src/capabilities/chores/components/ChoreSettingsDrawer.tsx,73,Input,05,"Account, household, Plan and remaining forms",Input filled for ordinary entry; classify structured/inline exceptions before edit,implemented-awaiting-native,"Reward exchange rate; local decimal draft, positive cents with at most two decimals; explicit Save enabled only for valid changed value; decimal keyboard and Done retained; existing drawer host retained.",Task05 source opt-in; 5 focused suites / 58 tests pass in kwilt-account-input-focused.log; native and broader accessibility acceptance remain open.,shared-input,ChoreSettingsDrawer,a8a08c8758af249f57a6948f
INP-009,src/capabilities/explore/screens/ExploreMapScreen.tsx,1110,SearchField,07,"Money, Explore and Games",SearchField composition; preserve query and clear semantics,implemented-awaiting-native,"Visited Places search; shared SearchField replaces icon/raw-text/custom shell. Existing local trimmed locale-insensitive saved-place filter retained; clear only resets/refocuses query, selected result still owns map centering. Nearby search, map and drawer host unchanged.","Scoped gate passes: 10 suites / 108 tests, app/test types, code health and whitespace in kwilt-games-explore-local.log; direct input policy passes; native acceptance remains open.",shared-input,ExploreMapScreen,c340de5d445cc81f0b8ef67a
INP-010,src/capabilities/explore/screens/ExploreMapScreen.tsx,1151,Input,07,"Money, Explore and Games",Input filled for ordinary entry; classify structured/inline exceptions before edit,implemented-awaiting-native,"Place name; controlled local draft, autofocus, max160 and Done/Save handler retained. Handler requires latest point and trimmed name, records visit at that point and clears/closes; existing downstream sharing choice unchanged. No actual place created during verification.",Post-default iOS native drawer: long draft ending caret and Cancel/Save above alphabetic and taller emoji keyboards; empty draft disables Save; first-tap Cancel closes. native-place-name-long.png and native-place-name-emoji.png. No Place saved; persistence/assistive/platform matrix remains open.,shared-input,ExploreMapScreen,e26b94f66bdd86b525be554d
INP-011,src/capabilities/games/features/connection-games/PromptConnectionGames.tsx,29,Input,07,"Money, Explore and Games",Input filled for ordinary entry; classify structured/inline exceptions before edit,implemented-awaiting-native,"Common Thread answer; shared named multiline92-120 field, max80 and local answer retained. We found one reveals trimmed answer only in local game; New pair clears answer/sharedAnswer and advances prompt/player. No remote publishing added.","Scoped gate passes: 10 suites / 108 tests, app/test types, code health and whitespace in kwilt-games-explore-local.log; direct input policy passes; native acceptance remains open.",shared-input,CommonThreadGame,f045fceb73ee61dccfd4c9c7
INP-012,src/capabilities/games/features/remote/JoinTableDrawer.tsx,219,Input,07,"Money, Explore and Games",Input filled for ordinary entry; classify structured/inline exceptions before edit,implemented-awaiting-native,"Join player name; shared Input preserves native ref, word capitalization, no autocorrect, max18 and name-help clearing. Return joins by token only when existing canJoinToken permits; no automatic join on typing.","Scoped gate passes: 10 suites / 108 tests, app/test types, code health and whitespace in kwilt-games-explore-local.log; direct input policy passes; native acceptance remains open. Native code/name focus, required-value gating, and alphabetic/emoji clearance with fixed Join action verified; see native-games-code-resize.png and native-games-name-emoji.png. No table joined; broader native matrix remains open.",shared-input,JoinTableDrawer,90b89b9748a346b3bd7131ec
INP-013,src/capabilities/games/features/remote/JoinTableDrawer.tsx,239,Input,07,"Money, Explore and Games",Input filled for ordinary entry; classify structured/inline exceptions before edit,implemented-awaiting-native,"Join code; shared Input preserves uppercase keyboard, no autocorrect, max8, normalized cleanCode and existing canJoinCode guard. Go invokes existing explicit join path. Code grouping/case logic unchanged; obsolete display-font textbox styling removed.","Scoped gate passes: 10 suites / 108 tests, app/test types, code health and whitespace in kwilt-games-explore-local.log; direct input policy passes; native acceptance remains open. Native code/name focus, required-value gating, and alphabetic/emoji clearance with fixed Join action verified; see native-games-code-resize.png and native-games-name-emoji.png. No table joined; broader native matrix remains open.",shared-input,JoinTableDrawer,ebad6ce446e9c71d2522650e
INP-014,src/capabilities/games/features/setup/GamePlayerSetup.tsx,154,Input,07,"Money, Explore and Games",Input filled for ordinary entry; classify structured/inline exceptions before edit,implemented-awaiting-native,"Setup player name; shared Input owns one field with existing Remove action in trailing slot. Stable seat key, max18, saved/profile identity clearing on rename and min-player removal guard retained. Start/remote actions remain separate.","Scoped gate passes: 10 suites / 108 tests, app/test types, code health and whitespace in kwilt-games-explore-local.log; direct input policy passes; native acceptance remains open.",shared-input,GamePlayerSetup,410c3cf47f1793a878f8aaff
INP-015,src/capabilities/games/players/PlayerIdentityEditor.tsx,57,Input,07,"Money, Explore and Games",Input filled for ordinary entry; classify structured/inline exceptions before edit,implemented-awaiting-native,"Player identity name; shared Input retains autofocus, max18, Done blurAndSubmit and existing save/close callback. Color and sound choices, secondary action and removal remain unchanged; keyboard-safe sheet host retained.","Scoped gate passes: 10 suites / 108 tests, app/test types, code health and whitespace in kwilt-games-explore-local.log; direct input policy passes; native acceptance remains open.",shared-input,PlayerIdentityEditor,bcedd631f1b56f102b5c27c8
INP-016,src/capabilities/groceries/components/KrogerStoreFinder.tsx,168,SearchField,06,Food forms and repeating editors,Input filled for ordinary entry; classify structured/inline exceptions before edit,implemented-awaiting-native,"Nearby-store query; shared SearchField preserves word capitalization, explicit Search/Return invokes onFindStores. Clear only updates query and refocuses; no search, selection or cart action. Map/header geometry retained; old local pill radius removed for canonical field material.","Scoped local gate passes: 7 suites / 93 tests, app/test types, architecture, code health and whitespace in kwilt-food-remaining-local.log; native acceptance open.",shared-input,KrogerStoreFinder,6aa1b510d5a44b08661e0494
INP-017,src/capabilities/groceries/components/StoreOpportunityCaptureSheet.tsx,12,Input,06,Food forms and repeating editors,Input filled for ordinary entry; classify structured/inline exceptions before edit,implemented-awaiting-native,"Store opportunity six-field adapter; shared Input owns label and material, parent View retains flex for paired fields. Draft keys and decimal keyboards unchanged; explicit Review submits only valid concept/store/price/quantity/unit and retains existing busy handling. No deal or Money semantics added.","Scoped local gate passes: 5 suites / 20 tests, app types, code health and whitespace in kwilt-food-forms-local.log; native acceptance open.",shared-input,field,4ef0f3d91541b0dde0913104
INP-018,src/capabilities/groceries/screens/GroceryItemEditScreen.tsx,95,Input,06,Food forms and repeating editors,Input filled for ordinary entry; classify structured/inline exceptions before edit,implemented-awaiting-native,"Grocery Field adapter for item, quantity and note; Input owns label/material and forwards controlled callbacks plus decimal keyboard. Save preserves list revision and user_review payload, quantity blank to null and nonempty to Number, note blank to null; errors retain draft and navigation occurs on success.","Scoped local gate passes: 5 suites / 20 tests, app types, code health and whitespace in kwilt-food-forms-local.log; native acceptance open.",shared-input,Field,76e4e210db590591ea00961a
INP-019,src/capabilities/meal-planning/components/MealOccasionDrawer.tsx,65,Input,06,Food forms and repeating editors,Input filled for ordinary entry; classify structured/inline exceptions before edit,implemented-awaiting-native,"Optional meal-occasion date; local YYYY-MM-DD text remains text entry. Explicit Save dish trims blank to null and retains diner/serving/unresolved-member guards; open reset, alternate-dish choices and drawer host unchanged.","Scoped local gate passes: 5 suites / 20 tests, app types, code health and whitespace in kwilt-food-forms-local.log; native acceptance open.",shared-input,MealOccasionDrawer,073eb74921544eddf437b207
INP-020,src/capabilities/meal-planning/components/MealPlanningReminderOfferDrawer.tsx,80,Input,06,Food forms and repeating editors,Input filled for ordinary entry; classify structured/inline exceptions before edit,implemented-awaiting-native,"Reminder clock; conditional input after choosing once/weekly, existing numbers-and-punctuation keyboard and HH:MM parser retained. Explicit Add to Activities uses computed reminder time; no reminder created on typing. Original builder signature and scheduling functions restored and verified unchanged after cleanup error.","Scoped local gate passes: 5 suites / 20 tests, app types, code health and whitespace in kwilt-food-forms-local.log; native acceptance open.",shared-input,MealPlanningReminderOfferDrawer,e6c56f2a0a8ac895f937de9d
INP-021,src/capabilities/meal-planning/components/TripTargetSheet.tsx,2,Input,06,Food forms and repeating editors,Input filled for ordinary entry; classify structured/inline exceptions before edit,implemented-awaiting-native,"Trip target amount; local decimal draft initialized from cents on visibility; existing Math.round(Number(value)*100) and safe-integer/nonnegative guard retained, including existing blank-to-zero behavior. Explicit target action owns busy/save; no Money plan change.","Scoped local gate passes: 5 suites / 20 tests, app types, code health and whitespace in kwilt-food-forms-local.log; native acceptance open.",shared-input,TripTargetSheet,92d41b591a399db3b0813627
INP-022,src/capabilities/meal-planning/screens/MealChoiceResponseScreen.tsx,163,Input,06,Food forms and repeating editors,Input filled for ordinary entry; classify structured/inline exceptions before edit,implemented-awaiting-native,Optional meal suggestion; local single-line draft capped by projection suggestionLimit or240; unavailable state locks editing; existing explicit Done guard/submit owns response. Typing never sends a response.,"Scoped local gate passes: 7 suites / 93 tests, app/test types, architecture, code health and whitespace in kwilt-food-remaining-local.log; native acceptance open.",shared-input,MealChoiceResponseScreen,f71646409ec0b8a346d96fea
INP-023,src/capabilities/meal-planning/screens/MealPlanEditorScreen.tsx,155,Input,06,Food forms and repeating editors,Input filled for ordinary entry; classify structured/inline exceptions before edit,implemented-awaiting-native,"Meal horizon count; controlled number-pad draft; currentHorizon accepts integer1-60; preparing a starting point remains unsaved, explicit plan persistence unchanged. Field container retains layout flex.","Scoped local gate passes: 7 suites / 93 tests, app/test types, architecture, code health and whitespace in kwilt-food-remaining-local.log; native acceptance open.",shared-input,MealPlanEditorScreen,019d260b54ab0e1d3ed29eb8
INP-024,src/capabilities/meal-planning/screens/MealPlanEditorScreen.tsx,156,Input,06,Food forms and repeating editors,Input filled for ordinary entry; classify structured/inline exceptions before edit,implemented-awaiting-native,"Horizon starts-on text; YYYY-MM-DD remains typed date, existing finite Date.parse and endsOn>=startsOn guard retained; parent draft and explicit persistence unchanged.","Scoped local gate passes: 7 suites / 93 tests, app/test types, architecture, code health and whitespace in kwilt-food-remaining-local.log; native acceptance open.",shared-input,MealPlanEditorScreen,889da034019f5d00c3167dc9
INP-025,src/capabilities/meal-planning/screens/MealPlanEditorScreen.tsx,156,Input,06,Food forms and repeating editors,Input filled for ordinary entry; classify structured/inline exceptions before edit,implemented-awaiting-native,Horizon ends-on text; controlled date string and existing date-order validation retained; field shares owned material and paired container flex without native date-picker substitution.,"Scoped local gate passes: 7 suites / 93 tests, app/test types, architecture, code health and whitespace in kwilt-food-remaining-local.log; native acceptance open.",shared-input,MealPlanEditorScreen,1cc6d7e204996b81938da75e
INP-026,src/capabilities/meal-planning/screens/MealPlanEditorScreen.tsx,163,Input,06,Food forms and repeating editors,Input filled for ordinary entry; classify structured/inline exceptions before edit,implemented-awaiting-native,Meal idea; local note draft; explicit Add trims nonempty text into a stable-id meal_note and clears input; removing a note and final plan persistence unchanged.,"Scoped local gate passes: 7 suites / 93 tests, app/test types, architecture, code health and whitespace in kwilt-food-remaining-local.log; native acceptance open.",shared-input,MealPlanEditorScreen,96eb677ec4032afb2154c66a
INP-027,src/capabilities/money/components/MoneyTransactionSplitDrawer.tsx,115,Input,07,"Money, Explore and Games",Input filled for ordinary entry; classify structured/inline exceptions before edit,implemented-awaiting-native,"Split allocation amount; per-source-category draft and decimal keyboard retained. Existing amount parser and allocation-plan validation own cents, total/sign/direction/pending constraints. Inline Done dismisses keyboard only; outer Save owns allocation mutation.","Scoped local gate passes: app types, code health, related Jest and scanner script tests in kwilt-money-input-local.log; native acceptance remains open.",shared-input,MoneyTransactionSplitDrawer,d5076a850cd337c965946c5a
INP-028,src/capabilities/money/screens/MoneyCategoryCreateScreen.tsx,42,Input,07,"Money, Explore and Games",Input filled for ordinary entry; classify structured/inline exceptions before edit,implemented-awaiting-native,"New category name; local draft with word capitalization and Next key; explicit create parses trimmed nonempty name, busy/error handling unchanged.","Scoped local gate passes: app types, code health, related Jest and scanner script tests in kwilt-money-input-local.log; native acceptance remains open.",shared-input,MoneyCategoryCreateScreen,1c48c9bb632dad2dfd03923c
INP-029,src/capabilities/money/screens/MoneyCategoryCreateScreen.tsx,51,Input,07,"Money, Explore and Games",Input filled for ordinary entry; classify structured/inline exceptions before edit,implemented-awaiting-native,"New category monthly amount; decimal draft parsed by existing category-plan parser, allowing dollar/comma normalization and nonnegative cents with at most two decimals; explicit create owns persistence.","Scoped local gate passes: app types, code health, related Jest and scanner script tests in kwilt-money-input-local.log; native acceptance remains open.",shared-input,MoneyCategoryCreateScreen,5a5c25154778d1815864ac66
INP-030,src/capabilities/money/screens/MoneyCategoryDetailScreen.tsx,651,Input,07,"Money, Explore and Games",Input filled for ordinary entry; classify structured/inline exceptions before edit,implemented-awaiting-native,"Manual expected month-end total; decimal local forecast draft, optional-money parser applied only in manual forecast mode by explicit Save forecast; no change to projected/actual transaction truth.","Scoped local gate passes: app types, code health, related Jest and scanner script tests in kwilt-money-input-local.log; native acceptance remains open.",shared-input,MoneyCategoryDetailScreen,d64f534f4a04cad70636faeb
INP-031,src/capabilities/money/screens/MoneyCategoryDetailScreen.tsx,655,Input,07,"Money, Explore and Games",Input filled for ordinary entry; classify structured/inline exceptions before edit,implemented-awaiting-native,"Scheduled forecast amount; decimal local draft, optional-money parser used in scheduled/hybrid mode by explicit Save forecast; no transaction write on typing.","Scoped local gate passes: app types, code health, related Jest and scanner script tests in kwilt-money-input-local.log; native acceptance remains open.",shared-input,MoneyCategoryDetailScreen,63ed6c1000faf2cf1acdcb3a
INP-032,src/capabilities/money/screens/MoneyCategoryDetailScreen.tsx,656,Input,07,"Money, Explore and Games",Input filled for ordinary entry; classify structured/inline exceptions before edit,implemented-awaiting-native,"Scheduled due day; number-pad local draft, existing optional day validation1-31; explicit Save forecast owns persistence.","Scoped local gate passes: app types, code health, related Jest and scanner script tests in kwilt-money-input-local.log; native acceptance remains open.",shared-input,MoneyCategoryDetailScreen,3747c93e3417c86bcafaca7f
INP-033,src/capabilities/money/screens/MoneyLivingPlanScreen.tsx,170,Input,07,"Money, Explore and Games",Input filled for ordinary entry; classify structured/inline exceptions before edit,implemented-awaiting-native,"Living planning basis amount; local decimal draft locked while saving; existing parseMonthlyAmount and explicit savePlanningBasisOverride retained, errors/draft behavior unchanged.","Scoped local gate passes: app types, code health, related Jest and scanner script tests in kwilt-money-input-local.log; native acceptance remains open.",shared-input,BudgetSettingsSurface,e22733b3a1406e5ccd1f8fff
INP-034,src/capabilities/money/screens/MoneyTransactionDetailScreen.tsx,569,Input,07,"Money, Explore and Games",Input filled for ordinary entry; classify structured/inline exceptions before edit,implemented-awaiting-native,"Transaction note; local draft capped500, multiline112-180, saving lock retained; explicit Save note calls existing reviewed transaction-note action, successful save closes editor and failure retains it.","Scoped local gate passes: app types, code health, related Jest and scanner script tests in kwilt-money-input-local.log; native acceptance remains open.",shared-input,MoneyTransactionDetailScreen,e6861c13f6290e559feb8405
INP-035,src/capabilities/money/screens/MoneyTransactionDetailScreen.tsx,613,Input,07,"Money, Explore and Games",Input filled for ordinary entry; classify structured/inline exceptions before edit,implemented-awaiting-native,"Saved-money coverage amount; decimal local draft, existing Number/round and clamp0..transactionAmount retained for partial coverage; explicit review save owns setTransactionPlanCoverage. No allocation/coverage mutation on typing.","Scoped local gate passes: app types, code health, related Jest and scanner script tests in kwilt-money-input-local.log; native acceptance remains open.",shared-input,MoneyTransactionDetailScreen,5663ebd6c77f31c237310dad
INP-036,src/capabilities/money/screens/MoneyTransactionDetailScreen.tsx,664,SearchField,04,Representative native pilots,SearchField composition; preserve query and clear semantics,implemented-awaiting-native,Money category query; local categoryQuery; search return; filters categories; category selection separately persists; pending choice gates selection; drawer host.,"Keyboard task verified narrow resize repair: native-money-search-resized.jpg; filtering, one-tap clear/focus and Close pass; scoped20 tests. No financial mutation.",shared-input,MoneyTransactionDetailScreen,81df84990a05d1ee8c5760bd
INP-037,src/capabilities/money/screens/MoneyTransactionDetailScreen.tsx,728,Input,07,"Money, Explore and Games",Input filled for ordinary entry; classify structured/inline exceptions before edit,implemented-awaiting-native,"Category name in transaction picker; local draft, existing parseCategoryName(newName or query) and explicit Create and choose retained; busy state and error handling unchanged.","Scoped local gate passes: app types, code health, related Jest and scanner script tests in kwilt-money-input-local.log; native acceptance remains open.",shared-input,MoneyTransactionDetailScreen,b59a3da8bedd88166ebe84ed
INP-038,src/capabilities/money/screens/MoneyTransactionDetailScreen.tsx,729,Input,07,"Money, Explore and Games",Input filled for ordinary entry; classify structured/inline exceptions before edit,implemented-awaiting-native,Category monthly amount in transaction picker; local decimal draft parsed by existing parseMonthlyAmount on explicit Create and choose; no automatic category write.,"Scoped local gate passes: app types, code health, related Jest and scanner script tests in kwilt-money-input-local.log; native acceptance remains open.",shared-input,MoneyTransactionDetailScreen,5aa4fbf87357b1a76031103d
INP-039,src/capabilities/money/screens/MoneyTransactionDetailScreen.tsx,770,Input,07,"Money, Explore and Games",Input filled for ordinary entry; classify structured/inline exceptions before edit,implemented-awaiting-native,"Partial merchant-rule match; local draft with no capitalization/autocorrect, associated helper/error and Done retained; existing explicit reviewed rule save owns matching scope and persistence.","Scoped local gate passes: app types, code health, related Jest and scanner script tests in kwilt-money-input-local.log; native acceptance remains open.",shared-input,MoneyTransactionDetailScreen,4ac9e70e2dd514310d33e333
INP-040,src/capabilities/recipes/components/IngredientLineEditor.tsx,16,Input,06,Food forms and repeating editors,Input filled for ordinary entry; classify structured/inline exceptions before edit,implemented-awaiting-native,"Ingredient row; shared filled Input retains literal originalText and stable line id through parent patch, separate Remove targets that row; explicit screen Save persists. Horizontal flex belongs to container; no input-specific color/border/radius remains.","Scoped local gate passes: 7 recipe editor tests plus app/test types, code health and whitespace in kwilt-input-recipe-local.log; separate input policy check passes; native acceptance open. Native second ingredient long ending text and separate Remove action visible above software keyboard; header Save reachable. See native-recipe-ingredient-long.png. Draft discarded without Save.",shared-input,IngredientLineEditor,cd8a7ccf5db7e13c99457a68
INP-041,src/capabilities/recipes/components/InstructionSectionEditor.tsx,18,Input,06,Food forms and repeating editors,Input filled for ordinary entry; classify structured/inline exceptions before edit,implemented-awaiting-native,"Instruction row; named by current position, stable step id retained across edits/removals; shared multiline72-120 preserves newlines and separate Remove action; parent explicit Save persists complete draft. Keyboard/long-text native acceptance open.","Scoped local gate passes: 7 recipe editor tests plus app/test types, code health and whitespace in kwilt-input-recipe-local.log; separate input policy check passes; native acceptance open. Native long instruction retained full value with internal scrolling, ending caret above software keyboard, selected phrase replaced using on-screen key, and selected-all deletion restored placeholder. See native-recipe-instruction-long.png/native-recipe-instruction-empty.png. Clipboard paste unproven; draft discarded without Save.",shared-input,InstructionSectionEditor,683b3d900b6f39f028861126
INP-042,src/capabilities/recipes/screens/MealPlanDrawer.tsx,1044,Input,06,Food forms and repeating editors,Input filled for ordinary entry; classify structured/inline exceptions before edit,implemented-awaiting-native,"Optional meal hard-pass reason; controlled local draft, autofocus,140-character max and multiline112-180 retained. Explicit Save sends trimmed Other text or selected reason through existing onReact callback, then resets picker state. Typing does not send a reaction.","Scoped gate passes: 3 suites / 64 tests, app types, code health and whitespace in kwilt-input-cook-local.log; separate input policy check passes; native acceptance open.",shared-input,MealPlanDrawer,ff1981886d6810a1eb829e19
INP-043,src/capabilities/recipes/screens/RecipeCookCompleteScreen.tsx,118,Input,06,Food forms and repeating editors,Input filled for ordinary entry; classify structured/inline exceptions before edit,implemented-awaiting-native,"Cook substitution value; shared filled Input retains ingredientLineId-based local substitution patch; explicit Done sends structured substitution, no ingredient/version mutation on typing.","Scoped gate passes: 3 suites / 64 tests, app types, code health and whitespace in kwilt-input-cook-local.log; separate input policy check passes; native acceptance open.",shared-input,RecipeCookCompleteView,e4f38baab17f7236aced3c0b
INP-044,src/capabilities/recipes/screens/RecipeCookCompleteScreen.tsx,131,Input,06,Food forms and repeating editors,Input filled for ordinary entry; classify structured/inline exceptions before edit,implemented-awaiting-native,Optional substitution note; existing single-line field and ingredientLineId-based patch retained; explicit Done owns persistence and failure handling with the full cook-learning draft.,"Scoped gate passes: 3 suites / 64 tests, app types, code health and whitespace in kwilt-input-cook-local.log; separate input policy check passes; native acceptance open.",shared-input,RecipeCookCompleteView,6c3dd03a2a07f056f63feb57
INP-045,src/capabilities/recipes/screens/RecipeCookCompleteScreen.tsx,171,Input,06,Food forms and repeating editors,Input filled for ordinary entry; classify structured/inline exceptions before edit,implemented-awaiting-native,"Cooking note; shared multiline110-160 retains local draft and private_note default. Explicit destination choice can request recipe_edit_proposal, whose existing review step does not edit/publish the recipe; Done owns save. Native keyboard/long-text acceptance open.","Scoped gate passes: 3 suites / 64 tests, app types, code health and whitespace in kwilt-input-cook-local.log; separate input policy check passes; native acceptance open.",shared-input,RecipeCookCompleteView,2b592f76005a6faab52baa16
INP-046,src/capabilities/recipes/screens/RecipeEditScreen.tsx,131,Input,06,Food forms and repeating editors,Input filled for ordinary entry; classify structured/inline exceptions before edit,implemented-awaiting-native,"AI recipe-change draft; unified filled field on muted parent, multiline88-120; existing explicit Suggest changes uses instruction, Apply to draft changes only local recipe draft, and Save remains separate. Failure keeps direct manual editing available.","Scoped local gate passes: 7 recipe editor tests plus app/test types, code health and whitespace in kwilt-input-recipe-local.log; separate input policy check passes; native acceptance open.",shared-input,RecipeEditView,8623c95f912ae9540aa49235
INP-047,src/capabilities/recipes/screens/RecipeEditScreen.tsx,204,Input,06,Food forms and repeating editors,Input filled for ordinary entry; classify structured/inline exceptions before edit,implemented-awaiting-native,"Recipe Field adapter; Input owns one label/material and optional multiline96-120, forwarding existing controlled callbacks, autofocus, decimal keyboard and placeholders. Seven runtime uses cover title, description, yield quantity/unit, source title/author and notes. Yield placement moved to container; parent explicit Save owns persistence.","Scoped local gate passes: 7 recipe editor tests plus app/test types, code health and whitespace in kwilt-input-recipe-local.log; separate input policy check passes; native acceptance open. Native title draft entry enables Save; header remains available during lower ingredient/instruction editing. Seven adapter contexts are not all accepted from this check; unsaved fixture discarded.",shared-input,Field,b1a3f3aabbf63df29d51b543
INP-048,src/capabilities/recipes/screens/RecipeImportReviewScreen.tsx,117,Input,06,Food forms and repeating editors,Input filled for ordinary entry; classify structured/inline exceptions before edit,implemented-awaiting-native,"Recipe import source; shared Input retains mode-derived URL/default keyboard, capitalization and autocorrect; text mode multiline180-220. Explicit extraction uses trimmed URL or source text; photo/private-copy confirmation, review/edit/save and error retention unchanged.","Scoped local gate passes: 7 suites / 93 tests, app/test types, architecture, code health and whitespace in kwilt-food-remaining-local.log; native acceptance open.",shared-input,RecipeImportReviewScreen,5aa3d5c78b3079c472628dbb
INP-049,src/capabilities/recipes/screens/RecipeLibraryDrawers.tsx,847,Input,06,Food forms and repeating editors,Input filled for ordinary entry; classify structured/inline exceptions before edit,implemented-awaiting-native,"Coverage name in plan timing; shared Input replaces its sole custom input style; controlled value.label patches existing draft, date selection and outer timing save remain unchanged.","Scoped local gate passes: 7 suites / 93 tests, app/test types, architecture, code health and whitespace in kwilt-food-remaining-local.log; native acceptance open.",shared-input,MealTimingEditor,a420c687fff6698ea449b31d
INP-050,src/features/account/ActivityAreasSettingsScreen.tsx,83,Input,05,"Account, household, Plan and remaining forms",Input filled for ordinary entry; classify structured/inline exceptions before edit,implemented-awaiting-native,"Inline area rename; local draft and autofocus; plain Input retains Done and explicit Save callbacks, trim and expected reference; successful save exits edit, failure retains draft. Parent row supplies inline context.","Scoped gate passes: 8 suites / 53 tests, app/test types and architecture in kwilt-input-adapters-local.log; native acceptance open.",shared-input,ActivityAreasSettingsScreen,6455cad80e856df8aa2375da
INP-051,src/features/account/ActivityAreasSettingsScreen.tsx,136,Input,05,"Account, household, Plan and remaining forms",Input filled for ordinary entry; classify structured/inline exceptions before edit,implemented-awaiting-native,"New area; filled Input with existing local draft; Done or Add invokes trimmed nonempty create, success clears draft and failure retains it. Horizontal layout flex stays on container; editing material owned by Input.","Scoped gate passes: 8 suites / 53 tests, app/test types and architecture in kwilt-input-adapters-local.log; native acceptance open.",shared-input,ActivityAreasSettingsScreen,a8f313d1712d039deb2a27de
INP-052,src/features/account/DestinationDetailScreen.tsx,269,Input,05,"Account, household, Plan and remaining forms",Input filled for ordinary entry; classify structured/inline exceptions before edit,implemented-awaiting-native,Destination display name; controlled cursorDraft; required trimmed nonempty value; explicit Save owns create/update and existing Pro guard; keyboard-aware screen retained.,Scoped local gate passes: 9 suites / 98 tests plus app types and architecture in kwilt-forms-input-local.log; native acceptance remains open.,shared-input,DestinationDetailScreen,d883a86607b82aa705370baf
INP-053,src/features/account/DestinationDetailScreen.tsx,275,Input,05,"Account, household, Plan and remaining forms",Input filled for ordinary entry; classify structured/inline exceptions before edit,implemented-awaiting-native,Repository name; controlled cursorDraft; required trimmed nonempty value; explicit Save retains create/update and expectedUpdatedAt guard; no blur persistence.,Scoped local gate passes: 9 suites / 98 tests plus app types and architecture in kwilt-forms-input-local.log; native acceptance remains open.,shared-input,DestinationDetailScreen,254d213349ac31936a4eac54
INP-054,src/features/account/DestinationDetailScreen.tsx,281,Input,05,"Account, household, Plan and remaining forms",Input filled for ordinary entry; classify structured/inline exceptions before edit,implemented-awaiting-native,"Optional repository URL; controlled cursorDraft, no capitalization; Save trims blank to null; explicit persistence and host unchanged.",Scoped local gate passes: 9 suites / 98 tests plus app types and architecture in kwilt-forms-input-local.log; native acceptance remains open.,shared-input,DestinationDetailScreen,9f6f3fea73443347f0be7f04
INP-055,src/features/account/DestinationDetailScreen.tsx,288,Input,05,"Account, household, Plan and remaining forms",Input filled for ordinary entry; classify structured/inline exceptions before edit,implemented-awaiting-native,"Branch policy; controlled cursorDraft, no capitalization; Save trims and defaults blank to feature_branch; explicit persistence unchanged.",Scoped local gate passes: 9 suites / 98 tests plus app types and architecture in kwilt-forms-input-local.log; native acceptance remains open.,shared-input,DestinationDetailScreen,c3bdc9361f9b5adfdf58b3e4
INP-056,src/features/account/DestinationsLibraryScreen.tsx,86,SearchField,05,"Account, household, Plan and remaining forms",SearchField composition; preserve query and clear semantics,implemented-awaiting-native,Destination library query; SearchField retains local case-insensitive built-in and curated filters; clear empties/refocuses without install or navigation; existing keyboard-aware screen retained.,"Scoped gate passes: 8 suites / 53 tests, app/test types and architecture in kwilt-input-adapters-local.log; native acceptance open.",shared-input,DestinationsLibraryScreen,55fb9cee3cc7f1278ae1343e
INP-057,src/features/account/EmailPasswordSignInForm.tsx,73,Input,05,"Account, household, Plan and remaining forms",Input filled for ordinary entry; classify structured/inline exceptions before edit,implemented-awaiting-native,Sign-in email; local email draft with email keyboard/autofill and no autocorrect/capitalization; explicit submit validates nonempty trimmed email; backend receives existing values; busy lock and email retention on error unchanged.,Task05 source opt-in; 5 focused suites / 58 tests pass in kwilt-account-input-focused.log; native and broader accessibility acceptance remain open.,shared-input,EmailPasswordSignInForm,84ae68cd79764e0c41859e70
INP-058,src/features/account/EmailPasswordSignInForm.tsx,87,Input,05,"Account, household, Plan and remaining forms",Input filled for ordinary entry; classify structured/inline exceptions before edit,implemented-awaiting-native,Sign-in password; secure local draft and password autofill; Done invokes existing submit; busy lock retained; failed sign-in clears password and preserves email; existing form host retained.,Task05 source opt-in; 5 focused suites / 58 tests pass in kwilt-account-input-focused.log; native and broader accessibility acceptance remain open.,shared-input,EmailPasswordSignInForm,5322ca41653f4ee6744b9e39
INP-059,src/features/account/ExecutionTargetsSettingsScreen.tsx,370,SearchField,05,"Account, household, Plan and remaining forms",SearchField composition; preserve query and clear semantics,implemented-awaiting-native,"Inline destination library query; local controlled filter over name, description and kind; clear empties query once and refocuses; no installation or navigation on query or clear; existing keyboard-aware screen host retained.",Task05 source opt-in; 5 focused suites / 58 tests pass in kwilt-account-input-focused.log; native and broader accessibility acceptance remain open.,shared-input,ExecutionTargetsSettingsScreen,82f083b5de95edf6dffd7fbc
INP-060,src/features/account/ExecutionTargetsSettingsScreen.tsx,408,SearchField,05,"Account, household, Plan and remaining forms",SearchField composition; preserve query and clear semantics,implemented-awaiting-native,Drawer destination library query; same controlled filter and clear contract as inline branch; clear preserves open drawer and never installs a destination; existing BottomDrawer scroll host retained.,Task05 source opt-in; 5 focused suites / 58 tests pass in kwilt-account-input-focused.log; native and broader accessibility acceptance remain open.,shared-input,ExecutionTargetsSettingsScreen,82f083b5de95edf6dffd7fbc
INP-061,src/features/account/NotificationsSettingsScreen.tsx,761,SmallSetPickerField,05,"Account, household, Plan and remaining forms",Owned picker trigger using shared input material,implemented-awaiting-native,Prompt frequency choice; existing custom SettingsRow trigger remains a grouped row; no deselect; selected cadence persists through existing immediate handler; no additional input surface introduced.,Task05 source opt-in; 5 focused suites / 58 tests pass in kwilt-account-input-focused.log; native and broader accessibility acceptance remain open.,shared-input,NotificationsSettingsScreen,07f81dbf2b9703bc4691aa37
INP-062,src/features/account/NotificationsSettingsScreen.tsx,782,SmallSetPickerField,05,"Account, household, Plan and remaining forms",Owned picker trigger using shared input material,implemented-awaiting-native,Weekly check-in day choice; existing custom SettingsRow trigger remains a grouped row; no deselect; numeric day passes to existing immediate persistence handler; no additional input surface introduced.,Task05 source opt-in; 5 focused suites / 58 tests pass in kwilt-account-input-focused.log; native and broader accessibility acceptance remain open.,shared-input,NotificationsSettingsScreen,467c60a56170e77798f7c360
INP-063,src/features/account/PhoneAgentSettingsScreen.tsx,224,Input,05,"Account, household, Plan and remaining forms",Input filled for ordinary entry; classify structured/inline exceptions before edit,implemented-awaiting-native,"Phone verification number; controlled draft and phone-pad retained; existing explicit request-code action, permissions and backend flow unchanged; no save on text entry.",Task05 source opt-in; 5 focused suites / 58 tests pass in kwilt-account-input-focused.log; native and broader accessibility acceptance remain open.,shared-input,PhoneAgentSettingsScreen,5a53eb26b06daba7fadb8ce9
INP-064,src/features/account/PhoneAgentSettingsScreen.tsx,252,Input,05,"Account, household, Plan and remaining forms",Input filled for ordinary entry; classify structured/inline exceptions before edit,implemented-awaiting-native,"Verification code; controlled number-pad draft; explicit Verify retained, success clears code and reloads status; no automatic verification introduced.",Task05 source opt-in; 5 focused suites / 58 tests pass in kwilt-account-input-focused.log; native and broader accessibility acceptance remain open.,shared-input,PhoneAgentSettingsScreen,e47afcedeaf0850d96278626
INP-065,src/features/account/PhoneAgentSettingsScreen.tsx,297,Input,05,"Account, household, Plan and remaining forms",Input filled for ordinary entry; classify structured/inline exceptions before edit,implemented-awaiting-native,Prompts per day; controlled numeric draft; existing finite Number parsing and fallback retained; explicit Save owns persistence; keyboard and host unchanged.,Task05 source opt-in; 5 focused suites / 58 tests pass in kwilt-account-input-focused.log; native and broader accessibility acceptance remain open.,shared-input,PhoneAgentSettingsScreen,1b8e72fc77acf7c742d028c7
INP-066,src/features/account/ProfileSettingsScreen.tsx,226,Input,05,"Account, household, Plan and remaining forms",Input filled for ordinary entry; classify structured/inline exceptions before edit,implemented-awaiting-native,"Full name; local draft, blur trims empty to undefined and skips unchanged values; updateProfile uses existing expectedUpdatedAt guard; keyboard-aware settings host retained.","Source/related tests pass; actual iOS account form observed at three larger-text steps, first-tap email focus and direct name/email field switch with fields/carets above keyboard. Contrast toggled and restored; original text size/values restored without edits. See native-account-* captures. Long/empty editing, persistence and broader assistive/platform acceptance remain open.",shared-input,ProfileSettingsScreen,e4bf53e5caac8c25916a0f85
INP-067,src/features/account/ProfileSettingsScreen.tsx,234,Input,05,"Account, household, Plan and remaining forms",Input filled for ordinary entry; classify structured/inline exceptions before edit,implemented-awaiting-native,"Birthday; formatted MM-DD-YYYY read value, no free-text mutation or soft keyboard; focus opens existing date picker, which commits local YYYY-MM-DD; picker behavior unchanged.","Source/related tests pass; birthday placeholder/label remain contained at three larger-text steps in actual iOS account form. Date picker not opened; date mutation, assistive and broader runtime acceptance remain open.",shared-input,ProfileSettingsScreen,c14e12df368cf6008cc95f1f
INP-068,src/features/account/ProfileSettingsScreen.tsx,242,Input,05,"Account, household, Plan and remaining forms",Input filled for ordinary entry; classify structured/inline exceptions before edit,implemented-awaiting-native,"Profile email; local draft, blur trims empty to undefined and skips unchanged values; updateProfile uses existing expectedUpdatedAt guard; existing email keyboard and host retained.","Source/related tests pass; actual iOS account form observed at three larger-text steps, first-tap email focus and direct name/email field switch with fields/carets above keyboard. Contrast toggled and restored; original text size/values restored without edits. See native-account-* captures. Long/empty editing, persistence and broader assistive/platform acceptance remain open.",shared-input,ProfileSettingsScreen,3302d6f58bd0d9d9067c01fe
INP-069,src/features/account/SuperAdminToolsScreen.tsx,522,Input,05,"Account, household, Plan and remaining forms",Input filled for ordinary entry; classify structured/inline exceptions before edit,implemented-awaiting-native,Admin detail display; read-only unified Input with existing label/value/helper/trailing badge and optional capped multiline44-140. Only style override caller hides empty status textbox for adjacent tier badge; privacy/access guards unchanged.,Scoped gate passes: 7 related tests plus app/test types and architecture in kwilt-input-specialized-local.log; native acceptance remains open.,shared-input,renderDetailField,bd8161d7755a7d1c0cacdf31
INP-070,src/features/account/SuperAdminToolsScreen.tsx,863,SearchField,05,"Account, household, Plan and remaining forms",Input filled for ordinary entry; classify structured/inline exceptions before edit,implemented-awaiting-native,Admin directory search; local trimmed case-insensitive title/secondary filter and existing last-seen ordering; shared clear empties/refocuses without fetching privileged detail or mutation; Done keyboard and route guards retained.,Scoped gate passes: 7 related tests plus app/test types and architecture in kwilt-input-specialized-local.log; native acceptance remains open.,shared-input,SuperAdminToolsScreen,730cd546369ed5a8c2c65c45
INP-071,src/features/activities/ActivitiesScreen.tsx,3824,Input,08,"Inline editing, rich notes and capture",Input filled for ordinary entry; classify structured/inline exceptions before edit,implemented-awaiting-native,"View name; unified filled field retains controlled viewEditorName, explicit view save trims and uses Untitled view fallback; layout/filter/group configuration and drawer host unchanged.","Scoped local automation passed29.97s: app types, architecture, code health, whitespace,6 Jest suites34 tests and script tests; /tmp/kwilt-rich-creation-local.log. Native acceptance remains open.",shared-input,ActivitiesScreen,5c5c26e1ec7d1bb2a2e9afeb
INP-072,src/features/activities/ActivitiesScreen.tsx,3832,FormField,08,"Inline editing, rich notes and capture",Keep field anatomy; avoid duplicate text labels,implemented-awaiting-native,"Layout segmented choice; existing canonical FormField supplies label/control semantics, no textbox material. Local viewEditorLayout and outer Save remain; retain segmented presentation.",Canonical caller audit: current source and zero AST violations verified; shared EditableField/FormField2 suites5 tests passed /tmp/kwilt-adapter-callers-focused.log. Native caller acceptance remains open.,shared-input,ActivitiesScreen,b1ee58043835defa3495e2dc
INP-073,src/features/activities/ActivitiesScreen.tsx,3845,FormField,08,"Inline editing, rich notes and capture",Keep field anatomy; avoid duplicate text labels,implemented-awaiting-native,Kanban grouping segmented choice; existing canonical FormField supplies label/control semantics when kanban selected. Local viewEditorKanbanGroupBy and outer Save remain; retain segmented presentation.,Canonical caller audit: current source and zero AST violations verified; shared EditableField/FormField2 suites5 tests passed /tmp/kwilt-adapter-callers-focused.log. Native caller acceptance remains open.,shared-input,ActivitiesScreen,4bddeef4a391b33a82b492b2
INP-074,src/features/activities/ActivityDetailRefresh.tsx,835,NarrativeEditableTitle,08,"Inline editing, rich notes and capture",Existing inline adapter with plain material; preserve completion,implemented-awaiting-native,Retained shared editorial To-do title caller: titleLg/bold/textPrimary display/input styles and width-only container. Changed/nonempty trim updates activity timestamp; editing state/ref preserved. No field fill/border/shadow. Shared native renderer resolution remains INP-174; native caret proof stays open.,"Editorial caller/source audit complete; shared title5 behavior tests and scoped gate25.03s pass (app/test types,architecture,code health,whitespace): /tmp/kwilt-title-audit-local.log. Internal native title resolution INP-174 and native acceptance remain open.",shared-input,ActivityDetailRefresh,02509719a877e64fc48e62e1
INP-075,src/features/activities/ActivityDetailRefresh.tsx,878,RelationPickerField,08,"Inline editing, rich notes and capture",Owned picker trigger using shared input material,implemented-awaiting-native,"Linked Goal custom row; unified relation search behind existing primary Open goal, separate clear and picker actions. Row is navigation/relationship composition rather than boxed input; timestamped goal link updates unchanged.","Scoped local automation40.71s: app/test types, architecture, code health, whitespace,11 suites86 tests; /tmp/kwilt-step-inputs-local.log. Native step expansion, keyboard and custom-row acceptance remains open.",shared-input,ActivityDetailRefresh,05a03e77274df5a10ae2ae1d
INP-076,src/features/activities/ActivityDetailRefresh.tsx,1159,Input,08,"Inline editing, rich notes and capture",Input inline; preserve content sizing and commit policy,implemented-awaiting-native,"Existing Activity step; plain unified body editor with accessible name retains local completion strike-through and existing step-id callback, focus/blur host callbacks, expanding multiline with no nested scroll, Done and existing viewport clamp.","Scoped local automation40.71s: app/test types, architecture, code health, whitespace,11 suites86 tests; /tmp/kwilt-step-inputs-local.log. Native step expansion, keyboard and custom-row acceptance remains open.",shared-input,ActivityDetailRefresh,e5920e17a1c2ba794f60b2af
INP-077,src/features/activities/ActivityDetailRefresh.tsx,1200,Input,08,"Inline editing, rich notes and capture",Input inline; preserve content sizing and commit policy,implemented-awaiting-native,"New Activity step; plain unified body editor with accessible name retains ref/testID, expanding multiline, Done continue and blur exit commits plus focus hosting. Redundant local typography/padding removed.","Scoped local automation40.71s: app/test types, architecture, code health, whitespace,11 suites86 tests; /tmp/kwilt-step-inputs-local.log. Native step expansion, keyboard and custom-row acceptance remains open.",shared-input,ActivityDetailRefresh,315be66a184dae8859761d96
INP-078,src/features/activities/ActivityDetailRefresh.tsx,1474,LongTextField,08,"Inline editing, rich notes and capture",Shared preview material; preserve rich editor and persistence,implemented-awaiting-native,"Activity notes preview; unified filled treatment, hidden visual label with existing editor name. Existing900ms autosave preserves nonempty rich value, maps empty to undefined, skips unchanged content and updates timestamp. Rich editor and title/keyboard source unchanged.","Scoped local automation passed29.97s: app types, architecture, code health, whitespace,6 Jest suites34 tests and script tests; /tmp/kwilt-rich-creation-local.log. Native acceptance remains open.",shared-input,ActivityDetailRefresh,94ea4923599b2c2e6e9039c7
INP-079,src/features/activities/ActivityDetailRefresh.tsx,1520,EnumPickerField,08,"Inline editing, rich notes and capture",Owned picker trigger using shared input material,implemented-awaiting-native,"Difficulty custom row; explicit unified enum ownership retains ThreeColumnRow presentation, controlled open state, optional clear and timestamped difficulty update. No restyling of row selection semantics.","Scoped local automation40.71s: app/test types, architecture, code health, whitespace,11 suites86 tests; /tmp/kwilt-step-inputs-local.log. Native step expansion, keyboard and custom-row acceptance remains open.",shared-input,ActivityDetailRefresh,27b7e2417d33aa2dba543b2d
INP-080,src/features/activities/ActivityDetailRefresh.tsx,1577,TagEntryField,08,"Inline editing, rich notes and capture",Input filled for ordinary entry; classify structured/inline exceptions before edit,implemented-awaiting-native,"Owned TagEntryField chips/filled frame and plain Input; accessible Add tags and chip removal. Existing draft value, comma parsing, Done/blur commits and native callbacks preserved exactly; detail ref/testID, keyboard focus/reveal, suggestion guard, Backspace and external AI-autofill/clearance retained. Draft empty-space press now focuses input.","TagEntryField2 behavior tests and exact native-callback comparison pass; final scoped gate83.98s app/test types, architecture, code health,92 suites607 tests and script tests /tmp/kwilt-tags-final-local.log. Storybook specimen added; visual/native acceptance open. Storybook393/320 chip containment,44-point targets and14-point close icons verified by red/green rendered check; add/remove specimen interaction verified. Final scoped gate69.83s95 suites620 tests. Native acceptance remains open.",shared-input,ActivityDetailRefresh,2fdfdfb71da2778a2b45f5b5
INP-081,src/features/activities/ActivityDetailRefresh.tsx,1870,EnumPickerField,08,"Inline editing, rich notes and capture",Owned picker trigger using shared input material,implemented-awaiting-native,Activity priority status; required selection retains active fallback and parent setActivityPriorityState callback; compact filled trigger.,"Scoped local automation passed36.41s: app/test types, architecture, code health, whitespace,2 Jest suites10 tests; /tmp/kwilt-pickers-local.log. Direct input policy passed337 sites. Native selection/clear/accessibility acceptance open.",shared-input,ActivityDetailRefresh,e54328d3b7f075a7e50529ae
INP-082,src/features/activities/ActivityDetailRefresh.tsx,1891,SmallSetPickerField,08,"Inline editing, rich notes and capture",Owned picker trigger using shared input material,implemented-awaiting-native,Activity area; required option list retains explicit No area sentinel normalized to null and timestamped update; compact filled trigger.,"Scoped local automation passed36.41s: app/test types, architecture, code health, whitespace,2 Jest suites10 tests; /tmp/kwilt-pickers-local.log. Direct input policy passed337 sites. Native selection/clear/accessibility acceptance open.",shared-input,ActivityDetailRefresh,c8dab314328eaded9a26e1b6
INP-083,src/features/activities/ActivityDetailRefresh.tsx,1915,EnumPickerField,08,"Inline editing, rich notes and capture",Owned picker trigger using shared input material,implemented-awaiting-native,Activity type; required selection retains task fallback and timestamped update; compact filled trigger.,"Scoped local automation passed36.41s: app/test types, architecture, code health, whitespace,2 Jest suites10 tests; /tmp/kwilt-pickers-local.log. Direct input policy passed337 sites. Native selection/clear/accessibility acceptance open.",shared-input,ActivityDetailRefresh,4c7e70370b486dbc2498c220
INP-084,src/features/activities/ActivityDraftDetailFields.tsx,271,TitleInput,08,"Inline editing, rich notes and capture",Owned TitleInput editorial adapter; uncapped native heading entry,implemented-awaiting-native,"Controlled draft title, stable accessible name To-do title, parent onChange, Done and blur unchanged; no commit-on-blur introduced.",TitleInput/NarrativeEditableTitle: six focused tests pass. Native tall-title/caret acceptance pending.,shared-input,ActivityDraftDetailFields,322498cce26149635fe735fd
INP-085,src/features/activities/ActivityDraftDetailFields.tsx,330,Input,08,"Inline editing, rich notes and capture",Input inline; preserve content sizing and commit policy,implemented-awaiting-native,"Draft Activity step; plain unified named body editor retains step-id local array mapping, expanding multiline/no nested scroll and Done blur. Outer activity creation owns persistence.","Scoped local automation40.71s: app/test types, architecture, code health, whitespace,11 suites86 tests; /tmp/kwilt-step-inputs-local.log. Native step expansion, keyboard and custom-row acceptance remains open.",shared-input,ActivityDraftDetailFields,a5fb8cd77a29317e7c5ff307
INP-086,src/features/activities/ActivityDraftDetailFields.tsx,372,Input,08,"Inline editing, rich notes and capture",Input inline; preserve content sizing and commit policy,implemented-awaiting-native,"New draft step; plain unified named body editor retains single-line behavior, blurOnSubmit false, ref, Done continue and blur exit callbacks. Existing outer draft ownership unchanged.","Scoped local automation40.71s: app/test types, architecture, code health, whitespace,11 suites86 tests; /tmp/kwilt-step-inputs-local.log. Native step expansion, keyboard and custom-row acceptance remains open.",shared-input,ActivityDraftDetailFields,af1fa175b47c18832461d0a7
INP-087,src/features/activities/ActivityDraftDetailFields.tsx,505,EnumPickerField,08,"Inline editing, rich notes and capture",Owned picker trigger using shared input material,implemented-awaiting-native,Draft difficulty; optional clear normalizes to undefined in local draft; fixed choices and compact filled trigger.,"Scoped local automation passed36.41s: app/test types, architecture, code health, whitespace,2 Jest suites10 tests; /tmp/kwilt-pickers-local.log. Direct input policy passed337 sites. Native selection/clear/accessibility acceptance open.",shared-input,ActivityDraftDetailFields,76f2b2b7a0a8db1bfbd08582
INP-088,src/features/activities/ActivityDraftDetailFields.tsx,527,LongTextField,08,"Inline editing, rich notes and capture",Shared preview material; preserve rich editor and persistence,implemented-awaiting-native,Activity draft notes; unified filled preview with existing zero-debounce local draft callback. Outer create/save owns persistence; no additional write or editor behavior introduced.,"Scoped local automation passed29.97s: app types, architecture, code health, whitespace,6 Jest suites34 tests and script tests; /tmp/kwilt-rich-creation-local.log. Native unsaved draft bold/Done/reopen rendering observed on iPhone17Pro/iOS26.5; no create or persisted reopen. Remaining rich actions, assistive and platform acceptance remain open.",shared-input,ActivityDraftDetailFields,c99cfbe5e83a736d5b5eeec3
INP-089,src/features/activities/ActivityDraftDetailFields.tsx,541,TagEntryField,08,"Inline editing, rich notes and capture",Input filled for ordinary entry; classify structured/inline exceptions before edit,implemented-awaiting-native,"Owned TagEntryField chips/filled frame and plain Input; accessible Add tags and chip removal. Existing draft value, comma parsing, Done/blur commits and native callbacks preserved exactly; detail ref/testID, keyboard focus/reveal, suggestion guard, Backspace and external AI-autofill/clearance retained. Draft empty-space press now focuses input.","TagEntryField2 behavior tests and exact native-callback comparison pass; final scoped gate83.98s app/test types, architecture, code health,92 suites607 tests and script tests /tmp/kwilt-tags-final-local.log. Storybook specimen added; visual/native acceptance open. Storybook393/320 chip containment,44-point targets and14-point close icons verified by red/green rendered check; add/remove specimen interaction verified. Final scoped gate69.83s95 suites620 tests. Native acceptance remains open.",shared-input,ActivityDraftDetailFields,eaaa87a80557906ff18b1f66
INP-090,src/features/activities/ActivityDraftDetailFields.tsx,572,SmallSetPickerField,08,"Inline editing, rich notes and capture",Owned picker trigger using shared input material,implemented-awaiting-native,Draft area; No area sentinel normalizes to null in local draft; required option list and compact filled trigger.,"Scoped local automation passed36.41s: app/test types, architecture, code health, whitespace,2 Jest suites10 tests; /tmp/kwilt-pickers-local.log. Direct input policy passed337 sites. Native selection/clear/accessibility acceptance open.",shared-input,ActivityDraftDetailFields,2b29268ef81740d6bad1ee32
INP-091,src/features/activities/ActivityDraftDetailFields.tsx,612,EnumPickerField,08,"Inline editing, rich notes and capture",Owned picker trigger using shared input material,implemented-awaiting-native,Draft type; required selection retains task fallback in local draft; compact filled trigger.,"Scoped local automation passed36.41s: app/test types, architecture, code health, whitespace,2 Jest suites10 tests; /tmp/kwilt-pickers-local.log. Direct input policy passed337 sites. Native selection/clear/accessibility acceptance open.",shared-input,ActivityDraftDetailFields,436183b81f097fde3000dbe5
INP-092,src/features/activities/ActivityLocationSheet.tsx,269,Combobox,08,"Inline editing, rich notes and capture",Owned picker trigger using shared input material,implemented-awaiting-native,"Location search Combobox retains controlled query/open, external search, disabled searching option, current-location/result selection and map preview, platform drawer/popover, portal, radius and outer Save/Cancel. Custom material trigger replaced with canonical PickerFieldTrigger.","Clear-label regression failed then passed; scoped gate85.92s app/test types, architecture, code health,95 suites620 tests /tmp/kwilt-location-trigger-local.log. Native location/map keyboard acceptance open.",shared-input,ActivityLocationSheet,4daad3f5f552517fd7ff8e9d
INP-093,src/features/activities/ActivityPeekFields.tsx,19,LongTextField,08,"Inline editing, rich notes and capture",Shared preview material; preserve rich editor and persistence,implemented-awaiting-native,Activity peek notes; disabled unified filled preview retains read-only value and no-op onChange. No editor can be opened from this surface; native contrast/readability acceptance remains open.,"Scoped local automation passed29.97s: app types, architecture, code health, whitespace,6 Jest suites34 tests and script tests; /tmp/kwilt-rich-creation-local.log. Native acceptance remains open.",shared-input,ActivityPeekNotes,cbd54df6ad5528084e38a953
INP-094,src/features/activities/InlineViewCreator.tsx,162,Input,08,"Inline editing, rich notes and capture",Input filled for ordinary entry; classify structured/inline exceptions before edit,implemented-awaiting-native,"Inline AI view description; named shared Input owns sparkles and create/loading slot, replaces custom bordered wrapper. Existing ref/autofocus, single-line Go, trimmed explicit create callback and busy edit lock retained; blank text does not create.","Scoped local automation passed38.01s: app/test types, architecture, code health, whitespace,4 suites19 tests; /tmp/kwilt-chapter-view-local.log. Native acceptance remains open.",shared-input,InlineViewCreator,e538c10c13e4ab14a7d96a9b
INP-095,src/features/activities/QuickAddDock.tsx,452,Input,08,"Inline editing, rich notes and capture","Per-site form/inline/composer classification; shared material, existing persistence",implemented-awaiting-native,"Shared QuickAdd editor uses unified plain Input within the established single white drawer surface. Checkbox/action row, measured22-96 growth, scroll threshold, focus guard and Done submit/empty collapse remain. Exact15pt semibold22-line-height role retained. Ref and native callbacks unchanged; outer UnderKeyboardDrawer remains sole keyboard owner.","QuickAdd focused41 tests and scanner/policy21 tests pass. Scoped gate31.73s,9 suites137 tests,app/test types,architecture,code health,whitespace and script tests: /tmp/kwilt-quick-add-local.log. Native caret/first-tap create and capability acceptance remain open.",shared-input,QuickAddDock,17661f8d329b6e96ff24f455
INP-096,src/features/activities/TagGroupsDrawer.tsx,53,SearchField,08,"Inline editing, rich notes and capture",SearchField composition; preserve query and clear semantics,implemented-awaiting-native,Tag search; owned SearchField filters local query and owns clear/refocus. Closing resets query; applying/clearing active tag remains separate row actions.,"Scoped local automation passed35.89s: app/test types, architecture, code health, whitespace,2 suites2 tests; /tmp/kwilt-checkin-local.log. Check-in explicit-Send behavior tested. Native acceptance open.",shared-input,TagGroupsDrawer,0e8139de364bdfee8618ec90
INP-097,src/features/ai/AiChatScreen.tsx,1386,Input,08,"Inline editing, rich notes and capture",Input inline; preserve content sizing and commit policy,implemented-awaiting-native,"AI Goal proposal title explicitly unified inline; existing titleMd semantic role retained, accessible name added, controlled title and measured single-line/wrapped behavior unchanged. Removed field-specific padding/elevation. Proposal confirmation stays external.","Final scoped gate passed69.83s,95 suites620 tests plus app/test types,architecture,code health,whitespace; /tmp/kwilt-ai-tags-final-local.log. Exact semantic typography exceptions reviewed; native proposal editing remains open.",shared-input,renderGoalProposalCard,7db24ff22eb1531a8fcafce9
INP-098,src/features/ai/AiChatScreen.tsx,1404,Input,08,"Inline editing, rich notes and capture",Input inline; preserve content sizing and commit policy,implemented-awaiting-native,"AI Goal proposal description explicitly unified plain small Input; shared bodySm material/metrics replace redundant overrides. Named field retains local draft, three-line minimum and220 maximum, explicit proposal confirmation.","Final scoped gate passed69.83s,95 suites620 tests plus app/test types,architecture,code health,whitespace; /tmp/kwilt-ai-tags-final-local.log. Exact semantic typography exceptions reviewed; native proposal editing remains open.",shared-input,renderGoalProposalCard,dd061f1388d8b6e7215d4647
INP-099,src/features/ai/AiChatScreen.tsx,1421,PickerFieldTrigger,08,"Inline editing, rich notes and capture","Per-site form/inline/composer classification; shared material, existing persistence",implemented-awaiting-native,"AI proposed Goal target date; owned compact picker trigger displays existing date label, calendar icon, disabled inactive state and selected-value accessibility. Existing toggle opens native date picker; no date parsing/save change and no clear action. Removes custom read-only opacity/material override.","Scanner regression red/green; final scoped gate52.52s app/test types, architecture, code health,related Jest and script tests /tmp/kwilt-internal-adapters-final-local.log. Native acceptance open; compatibility defaults unchanged.",shared-input,renderGoalProposalCard,3a22ca5a99de34f79c866cf2
INP-100,src/features/ai/AiChatScreen.tsx,1457,RelationPickerField,08,"Inline editing, rich notes and capture",Owned picker trigger using shared input material,implemented-awaiting-native,AI Goal proposal linked Arc; optional relation selection updates local selectedGoalArcId only; existing explicit proposal confirmation owns creation. Unified trigger and owned relation search.,"Scoped local automation passed36.41s: app/test types, architecture, code health, whitespace,2 Jest suites10 tests; /tmp/kwilt-pickers-local.log. Direct input policy passed337 sites. Native selection/clear/accessibility acceptance open.",shared-input,renderGoalProposalCard,957740270cb8400bb85f52ac
INP-101,src/features/ai/AiChatScreen.tsx,3041,Input,08,"Inline editing, rich notes and capture","Per-site form/inline/composer classification; shared material, existing persistence",implemented-awaiting-native,"Suggested activity title uses shared plain small Input with only existing15pt semibold semantic title typography retained. Native ref, single-line Done/blur exit, per-suggestion draft edits and explicit selection/create actions unchanged.","Final scoped gate passed69.83s,95 suites620 tests plus app/test types,architecture,code health,whitespace; /tmp/kwilt-ai-tags-final-local.log. Exact semantic typography exceptions reviewed; native proposal editing remains open.",shared-input,AiChatPane,0249f9a07db52b786053d9b5
INP-102,src/features/ai/AiChatScreen.tsx,3319,Input,08,"Inline editing, rich notes and capture","Per-site form/inline/composer classification; shared material, existing persistence",implemented-awaiting-native,AI proposed Arc name; named canonical filled Input retains controlled arcDraftName and explicit Adopt Arc trim/fallback confirmation. No adoption or save on text change.,"Scoped local gate28.14s app types, architecture, code health, whitespace and1 related navigation suite3 tests; /tmp/kwilt-ai-proposal-local.log. Proposal callbacks source-reviewed; no native or proposal-interaction proof claimed.",shared-input,AiChatPane,b406abced4085750734abf4d
INP-103,src/features/ai/AiChatScreen.tsx,3325,Input,08,"Inline editing, rich notes and capture","Per-site form/inline/composer classification; shared material, existing persistence",implemented-awaiting-native,AI proposed Arc narrative; named canonical multiline field retains local arcDraftNarrative and explicit Adopt Arc flow; existing three-line minimum with180 maximum. Not-now/reset and proposal fallback unchanged.,"Scoped local gate28.14s app types, architecture, code health, whitespace and1 related navigation suite3 tests; /tmp/kwilt-ai-proposal-local.log. Proposal callbacks source-reviewed; no native or proposal-interaction proof claimed.",shared-input,AiChatPane,e3d1a0ad9d9cf2dbbe110c0f
INP-104,src/features/ai/AiChatScreen.tsx,3424,Input,08,"Inline editing, rich notes and capture","Per-site form/inline/composer classification; shared material, existing persistence",implemented-awaiting-native,"AI Arc feedback note; canonical labeled multiline field owns label/material, existing three-line minimum with180 maximum. Local feedbackReasons/note and explicit Save feedback trim-to-undefined payload retained; Cancel resets without submission.","Scoped local gate28.14s app types, architecture, code health, whitespace and1 related navigation suite3 tests; /tmp/kwilt-ai-proposal-local.log. Proposal callbacks source-reviewed; no native or proposal-interaction proof claimed.",shared-input,AiChatPane,a1077371eb535f7d9fb611da
INP-105,src/features/ai/AiChatScreen.tsx,3581,Input,08,"Inline editing, rich notes and capture","Per-site form/inline/composer classification; shared material, existing persistence",implemented-awaiting-native,"AI chat composer now uses shared unified composer Input with footer-owned Expand and Send; local draft, native ref/test ID, content-size expansion threshold, Return-send handler and sending/empty guards retained. Removed feature border, shadow and placeholder typography; action hit targets44. Existing measured composer fence and expanded-editor host retained. Native long-text and first-tap Send acceptance pending.","Scoped local gate passed26.80s,3 suites15 tests plus app/test types,architecture,code health and whitespace; /tmp/kwilt-chat-composer-local.log. Native composer keyboard/caret, first-tap Send and expanded continuity acceptance remain open.",shared-input,AiChatPane,a265499a81d177e624844a8d
INP-106,src/features/ai/AiChatScreen.tsx,3792,Input,08,"Inline editing, rich notes and capture","Per-site form/inline/composer classification; shared material, existing persistence",implemented-awaiting-native,"Expanded AI chat editor uses unified plain Input filling the measured existing EditorSurface body. Body remains sole keyboard-layout owner; matching minimum/maximum follow body layout, with no new keyboard offset. Shared draft, native ref/autofocus, Return-send, header Send/Close and existing guards preserved. Native long-text caret, expansion continuity and first-tap actions remain pending.","Scoped local gate passed26.88s,3 suites16 tests including full-pane resize/draft/native-instance regression; /tmp/kwilt-expanded-local.log. Native expanded-editor caret, close/reopen continuity and first-tap actions remain open.",shared-input,AiChatPane,6a591a436be80fb80e1ac6be
INP-107,src/features/arcs/ArcBannerSheet.tsx,697,SearchField,08,"Inline editing, rich notes and capture",Input filled for ordinary entry; classify structured/inline exceptions before edit,implemented-awaiting-native,"Banner image query; SearchField owns named query/clear/refocus, replaces elevated input and local geometry. Return and existing Search button call existing Unsplash handler; selecting/uploading remains separate.","Scoped local automation passed38.01s: app/test types, architecture, code health, whitespace,4 suites19 tests; /tmp/kwilt-chapter-view-local.log. Native acceptance remains open.",shared-input,ArcBannerSheet,c2185c28a8dc27f6a94d56a8
INP-108,src/features/arcs/ArcCreationFlow.tsx,241,Input,08,"Inline editing, rich notes and capture",Input filled for ordinary entry; classify structured/inline exceptions before edit,implemented-awaiting-native,"Arc creation custom answer adapter; unified multiline82-120 field now named by owning question title. Existing local answer callbacks, sentence capitalization and Done dismissal retained; margin moves to container. Outer survey/creation owns persistence.","Scoped local automation passed29.97s: app types, architecture, code health, whitespace,6 Jest suites34 tests and script tests; /tmp/kwilt-rich-creation-local.log. Native acceptance remains open.",shared-input,renderCustomInput,8817b7930333a8baec7a6b67
INP-109,src/features/arcs/ArcDetailScreen.tsx,1070,NarrativeEditableTitle,08,"Inline editing, rich notes and capture",Existing inline adapter with plain material; preserve completion,implemented-awaiting-native,"Retained shared editorial Arc title caller: centered titleLg, display width420/lineHeight46, small vertical host padding. Changed/nonempty trim updates Arc timestamp and rename toast; validation preserved. No field fill/border/shadow. Shared native renderer resolution remains INP-174; native caret proof stays open.","Editorial caller/source audit complete; shared title5 behavior tests and scoped gate25.03s pass (app/test types,architecture,code health,whitespace): /tmp/kwilt-title-audit-local.log. Internal native title resolution INP-174 and native acceptance remain open.",shared-input,ArcDetailScreen,3fd6390aba13818679e63442
INP-110,src/features/arcs/ArcDetailScreen.tsx,1457,TextInput,08,"Inline editing, rich notes and capture",Input filled for ordinary entry; classify structured/inline exceptions before edit,removed-verified-unused,Removed unreachable module-local editor and its props: source-wide reference audit found no caller/export/dynamic reference. Active canonical editor/picker and title/keyboard implementation preserved.,"Source-wide reference audit and AST disappearance verify unused removal. Final scoped automation25.68s app types, architecture, code health,5 suites29 tests /tmp/kwilt-old-editors-final-local.log. Historical identity retained.",raw-native-input,ArcNarrativeEditorSheet,824cf98e30ad63bb1c42f849
INP-111,src/features/arcs/ArcsScreen.tsx,1183,EditableField,08,"Inline editing, rich notes and capture",Existing inline adapter with plain material; preserve completion,implemented-awaiting-native,"Arc creation name; existing canonical EditableField title adapter owns unified material, validation and commit-on-Done/blur. Explicitly no autofocus; empty name rejected, accepted text updates manualName before outer creation.",Canonical caller audit: current source and zero AST violations verified; shared EditableField/FormField2 suites5 tests passed /tmp/kwilt-adapter-callers-focused.log. Native caller acceptance remains open.,shared-input,NewArcModal,a72eb80b74a7687010080bf6
INP-112,src/features/arcs/ArcsScreen.tsx,1198,LongTextField,08,"Inline editing, rich notes and capture",Shared preview material; preserve rich editor and persistence,implemented-awaiting-native,Manual Arc description; unified filled form preview retains local manualNarrative and75-percent editor snap point inside the creation drawer. Outer Arc creation owns persistence.,"Scoped local automation passed29.97s: app types, architecture, code health, whitespace,6 Jest suites34 tests and script tests; /tmp/kwilt-rich-creation-local.log. Native acceptance remains open.",shared-input,NewArcModal,acbe6819df756ab902656d01
INP-113,src/features/arcs/GoalDetailScreen.tsx,2757,NarrativeEditableTitle,08,"Inline editing, rich notes and capture",Existing inline adapter with plain material; preserve completion,implemented-awaiting-native,"Retained shared editorial Goal title caller: centered titleLg/textPrimary, width420, small vertical host padding. Changed/nonempty trim updates Goal timestamp and editing state. No field fill/border/shadow. Shared native renderer resolution remains INP-174; native caret proof stays open.","Editorial caller/source audit complete; shared title5 behavior tests and scoped gate25.03s pass (app/test types,architecture,code health,whitespace): /tmp/kwilt-title-audit-local.log. Internal native title resolution INP-174 and native acceptance remain open.",shared-input,GoalDetailScreen,1886df4f4f1917774c933e7a
INP-114,src/features/arcs/GoalDetailScreen.tsx,2785,LongTextField,08,"Inline editing, rich notes and capture",Shared preview material; preserve rich editor and persistence,implemented-awaiting-native,"Goal description; explicit unified treatment retains flat/plain editorial presentation beside narrative content. Existing rich onChange trims empty to undefined with updatedAt, AI field-context callback retained. Shared title/keyboard behavior untouched.","Scoped local automation passed29.97s: app types, architecture, code health, whitespace,6 Jest suites34 tests and script tests; /tmp/kwilt-rich-creation-local.log. Native acceptance remains open.",shared-input,GoalDetailScreen,c2a375d447eab9d5217b07c6
INP-115,src/features/arcs/GoalDetailScreen.tsx,3086,RelationPickerField,08,"Inline editing, rich notes and capture",Owned picker trigger using shared input material,implemented-awaiting-native,Goal linked Arc; optional clear normalizes to null through existing handleUpdateArc; unified trigger and relation search preserve options and callback.,"Scoped local automation passed36.41s: app/test types, architecture, code health, whitespace,2 Jest suites10 tests; /tmp/kwilt-pickers-local.log. Direct input policy passed337 sites. Native selection/clear/accessibility acceptance open.",shared-input,GoalDetailScreen,975060a598ed0ec11583d356
INP-116,src/features/arcs/GoalDetailScreen.tsx,3103,EnumPickerField,08,"Inline editing, rich notes and capture",Owned picker trigger using shared input material,implemented-awaiting-native,Goal priority; optional selection parses existing 1/2/3 values or undefined and updates timestamp; unified fixed-choice trigger.,"Scoped local automation passed36.41s: app/test types, architecture, code health, whitespace,2 Jest suites10 tests; /tmp/kwilt-pickers-local.log. Direct input policy passed337 sites. Native selection/clear/accessibility acceptance open.",shared-input,GoalDetailScreen,c2351333db14754c6627c33f
INP-117,src/features/arcs/GoalDetailScreen.tsx,4058,TextInput,08,"Inline editing, rich notes and capture",SearchField composition; preserve query and clear semantics,removed-verified-unused,Removed unreachable module-local editor and its props: source-wide reference audit found no caller/export/dynamic reference. Active canonical editor/picker and title/keyboard implementation preserved.,"Source-wide reference audit and AST disappearance verify unused removal. Final scoped automation25.68s app types, architecture, code health,5 suites29 tests /tmp/kwilt-old-editors-final-local.log. Historical identity retained.",raw-native-input,ArcSelectorModal,aa9f4449099bca1fda521753
INP-118,src/features/arcs/GoalDetailScreen.tsx,4035,Input,08,"Inline editing, rich notes and capture",Input filled for ordinary entry; classify structured/inline exceptions before edit,implemented-awaiting-native,"Goal Add To-do title; canonical labeled Input retains local state, reset on open, title nonempty gate, type choice and explicit Add callback. Notes empty normalization and original payload behavior retained.","Final scoped automation25.68s app types, architecture, code health,5 suites29 tests /tmp/kwilt-old-editors-final-local.log. Native Add To-do keyboard/long-text acceptance open.",shared-input,GoalActivityComposerModal,4f1f404e36d998f37970c7a9
INP-119,src/features/arcs/GoalDetailScreen.tsx,4056,Input,08,"Inline editing, rich notes and capture",Input filled for ordinary entry; classify structured/inline exceptions before edit,implemented-awaiting-native,"Goal Add To-do optional multiline120-180 notes; canonical labeled Input retains local state, reset on open, title nonempty gate, type choice and explicit Add callback. Notes empty normalization and original payload behavior retained.","Final scoped automation25.68s app types, architecture, code health,5 suites29 tests /tmp/kwilt-old-editors-final-local.log. Native Add To-do keyboard/long-text acceptance open.",shared-input,GoalActivityComposerModal,969a3f5297b628dfb19d6386
INP-120,src/features/chapters/ChapterDetailScreen.tsx,1562,Input,08,"Inline editing, rich notes and capture",Input filled for ordinary entry; classify structured/inline exceptions before edit,implemented-awaiting-native,"Chapter personal note; named multiline72-180 Input retains note ref, maximum length, autocorrect, saving lock, draft state and explicit Save/Cancel. Existing chapter note update and analytics handlers unchanged.","Scoped local automation passed38.01s: app/test types, architecture, code health, whitespace,4 suites19 tests; /tmp/kwilt-chapter-view-local.log. Native acceptance remains open.",shared-input,ChapterDetailScreen,a0277617548485e3541f286e
INP-121,src/features/chapters/ChapterDetailScreen.tsx,1676,Input,08,"Inline editing, rich notes and capture",Input filled for ordinary entry; classify structured/inline exceptions before edit,implemented-awaiting-native,Chapter feedback explanation; named small multiline40-140 Input with flex on container retains500-character limit and optional trimmed Save flow. Empty Save only dismisses; existing rating submission unchanged.,"Scoped local automation passed38.01s: app/test types, architecture, code health, whitespace,4 suites19 tests; /tmp/kwilt-chapter-view-local.log. Native acceptance remains open.",shared-input,ChapterDetailScreen,f0c6b460cf4e6b5e51897460
INP-122,src/features/dev/DevToolsScreen.tsx,1741,Input,05,"Account, household, Plan and remaining forms",Input filled for ordinary entry; classify structured/inline exceptions before edit,implemented-awaiting-native,"Developer workflow feedback; per-chat local draft now named Input, multiline64-120; explicit Save trims nonempty note into existing AsyncStorage chat feedback, success clears that draft and refreshes history; failures retain it. Existing developer route guard and scroll host unchanged.",Scoped gate passes: 7 related tests plus app/test types and architecture in kwilt-input-specialized-local.log; native acceptance remains open.,shared-input,DevToolsScreen,384202d08ab8f0f950693a58
INP-123,src/features/goals/CheckinComposer.tsx,97,Input,08,"Inline editing, rich notes and capture","Per-site form/inline/composer classification; shared material, existing persistence",implemented-awaiting-native,"Check-in message; unified composer material, named multiline field capped56/80-180,500 characters, autofocus and busy lock retained. Duplicate compact enclosure removed; shared error anatomy. Existing explicit Send trims and submits, success clears; blur does not send.","Scoped local automation passed35.89s: app/test types, architecture, code health, whitespace,2 suites2 tests; /tmp/kwilt-checkin-local.log. Check-in explicit-Send behavior tested. Native acceptance open.",shared-input,CheckinComposer,fad04fb5e554fb40ca751c35
INP-124,src/features/goals/GoalCreationFlow.tsx,345,Input,08,"Inline editing, rich notes and capture",Input filled for ordinary entry; classify structured/inline exceptions before edit,implemented-awaiting-native,"Goal achievement prompt; unified multiline100-140 with explicit question name, controlled draft and submitting lock. Existing nonempty prompt gate and outer survey submission retained; Done does not create a goal.","Scoped local automation passed29.97s: app types, architecture, code health, whitespace,6 Jest suites34 tests and script tests; /tmp/kwilt-rich-creation-local.log. Native acceptance remains open.",shared-input,surveySteps,14ba16ce663816fc8dd3b5a3
INP-125,src/features/goals/GoalCreationFlow.tsx,365,Input,08,"Inline editing, rich notes and capture",Input filled for ordinary entry; classify structured/inline exceptions before edit,implemented-awaiting-native,"Optional Goal timeframe; unified multiline100-140 with explicit question name, controlled natural-language draft and submitting lock. Remains free text with optional continuation, not a typed date or new date picker.","Scoped local automation passed29.97s: app types, architecture, code health, whitespace,6 Jest suites34 tests and script tests; /tmp/kwilt-rich-creation-local.log. Native acceptance remains open.",shared-input,surveySteps,e6e2fbbf916a1ba5c822e3a2
INP-126,src/features/goals/GoalFeedSection.tsx,388,Input,08,"Inline editing, rich notes and capture","Per-site form/inline/composer classification; shared material, existing persistence",implemented-awaiting-native,"Check-in reply; unified named small single-line field retains160-character limit, local replyText and busy lock. Explicit reply Send/Cancel, failure and feed-refresh callbacks unchanged.","Scoped local automation passed35.89s: app/test types, architecture, code health, whitespace,2 suites2 tests; /tmp/kwilt-checkin-local.log. Check-in explicit-Send behavior tested. Native acceptance open.",shared-input,CheckinCard,2449bbb702a26ee3c054f932
INP-127,src/features/goals/GoalsInventorySearchBar.tsx,43,SearchField,04,Representative native pilots,SearchField composition; preserve query and clear semantics,implemented-awaiting-native,Goal query; controlled by useGoalsInventorySearchAndSort; clear also sets searchRevealed false and can remove field. Preserve that host effect without firing query clear twice; sorting independent; no query durability.,Focused clear/filter/sort regressions pass; native reveal could not be exercised reliably with CUA gestures.,shared-input,GoalsInventorySearchBar,4ed1dc7715471853905ec1ac
INP-128,src/features/goals/GoalsScreen.tsx,1550,EditableField,08,"Inline editing, rich notes and capture",Existing inline adapter with plain material; preserve completion,implemented-awaiting-native,"Goal creation title; existing canonical EditableField title adapter owns unified material and validation. Empty title rejected, accepted text updates local goal draft. Only caller override is marginTop0; no local material or typography override.",Canonical caller audit: current source and zero AST violations verified; shared EditableField/FormField2 suites5 tests passed /tmp/kwilt-adapter-callers-focused.log. Native caller acceptance remains open.,shared-input,GoalCoachDrawer,3395a1385641b69bd23a38d3
INP-129,src/features/goals/GoalsScreen.tsx,1568,LongTextField,08,"Inline editing, rich notes and capture",Shared preview material; preserve rich editor and persistence,implemented-awaiting-native,Goal draft description; unified filled form preview retains local draft callback and disabled AI tools. Outer creation action owns persistence; no automatic post or new save behavior.,"Scoped local automation passed29.97s: app types, architecture, code health, whitespace,6 Jest suites34 tests and script tests; /tmp/kwilt-rich-creation-local.log. Native acceptance remains open.",shared-input,GoalCoachDrawer,68de020cd3e986c8d444dd68
INP-130,src/features/goals/GoalsScreen.tsx,1584,RelationPickerField,08,"Inline editing, rich notes and capture",Owned picker trigger using shared input material,implemented-awaiting-native,"Goal creation linked Arc; optional clear normalizes to null in local draft, disabled when no Arcs exist; unified relation search and outer creation persistence unchanged.","Scoped local automation passed36.41s: app/test types, architecture, code health, whitespace,2 Jest suites10 tests; /tmp/kwilt-pickers-local.log. Direct input policy passed337 sites. Native selection/clear/accessibility acceptance open.",shared-input,GoalCoachDrawer,2ad52eb0e2b9ab32e3f60832
INP-131,src/features/goals/PendingCheckinDraftCard.tsx,109,Input,08,"Inline editing, rich notes and capture","Per-site form/inline/composer classification; shared material, existing persistence",implemented-awaiting-native,"Pending check-in edit; unified named multiline80-180 field on muted card,500 characters and autofocus retained. Existing local edit/Done/Send/Skip/item-removal behavior remains; no new persistence or send-on-blur. Regression correction: Done and reopening now retain the local edited message for explicit Send; a parent draft id/text change resets local text. No persistence is performed by Done.","Material scope passed35.89s; edit-loss regression failed then passed. Final scoped gate27.46s app/test types, architecture, code health,1 suite2 tests; /tmp/kwilt-pending-edit-local.log. Native acceptance open.",shared-input,PendingCheckinDraftCard,7ac0c2d5cda861f7b6b2b542
INP-132,src/features/goals/ShareGoalDrawer.tsx,479,Input,08,"Inline editing, rich notes and capture",Input filled for ordinary entry; classify structured/inline exceptions before edit,implemented-awaiting-native,"Invite recipient email; unified named email field retains no capitalization, email keyboard and busy lock. Explicit Send email invite trims/nonempty-validates and owns existing preparation/send/analytics flow; no invitation sent during implementation.","Scoped local automation passed29.97s: app types, architecture, code health, whitespace,6 Jest suites34 tests and script tests; /tmp/kwilt-rich-creation-local.log. Native acceptance remains open.",shared-input,ShareGoalDrawer,02017e1966c35c01d9216383
INP-133,src/features/household-food/components/FoodNeedsDrawer.tsx,107,Input,06,Food forms and repeating editors,Input filled for ordinary entry; classify structured/inline exceptions before edit,implemented-awaiting-native,"Food need; controlled label and chosen person; Return or Add trims label and submits existing lowercased ingredient concept/display label for that person, then clears. Common-food selections and drawer host unchanged.","Scoped local gate passes: 7 suites / 93 tests, app/test types, architecture, code health and whitespace in kwilt-food-remaining-local.log; native acceptance open.",shared-input,FoodNeedsDrawer,64ab2962dd53a0e80e61c44c
INP-134,src/features/household/HouseholdSettingsScreen.tsx,376,Input,05,"Account, household, Plan and remaining forms",Input filled for ordinary entry; classify structured/inline exceptions before edit,implemented-awaiting-native,Child profile name; local childName; explicit Add child requires trimmed nonempty name and no active mutation; success clears draft and closes entry form; failures retain draft.,Scoped local gate passes: 9 suites / 98 tests plus app types and architecture in kwilt-forms-input-local.log; native acceptance remains open.,shared-input,entryForm,936597a690aad8504a08e51f
INP-135,src/features/household/HouseholdSettingsScreen.tsx,385,Input,05,"Account, household, Plan and remaining forms",Input filled for ordinary entry; classify structured/inline exceptions before edit,implemented-awaiting-native,"Child account email; local email draft and email keyboard; explicit Send invitation requires nonempty value and no active mutation; success clears and closes, failures retain draft; no invitation sent during implementation.",Scoped local gate passes: 9 suites / 98 tests plus app types and architecture in kwilt-forms-input-local.log; native acceptance remains open.,shared-input,entryForm,03bfaa86499d27e15bcbf475
INP-136,src/features/household/HouseholdSettingsScreen.tsx,396,Input,05,"Account, household, Plan and remaining forms",Input filled for ordinary entry; classify structured/inline exceptions before edit,implemented-awaiting-native,"Optional caregiver email; local draft and email keyboard; explicit Create/Send invitation owns existing service call; blank value permits manually shared invitation; success clears and closes, failure retains draft; no invitation sent during implementation.",Scoped local gate passes: 9 suites / 98 tests plus app types and architecture in kwilt-forms-input-local.log; native acceptance remains open.,shared-input,entryForm,92635ebcdc2d540a1a4027b2
INP-137,src/features/household/HouseholdSettingsScreen.tsx,407,Input,05,"Account, household, Plan and remaining forms",Input filled for ordinary entry; classify structured/inline exceptions before edit,implemented-awaiting-native,"Invitation code; local capitalized draft; explicit Review invitation loads preview, separate Join household confirms membership; no automatic join on input; existing mutation guard retained.",Scoped local gate passes: 9 suites / 98 tests plus app types and architecture in kwilt-forms-input-local.log; native acceptance remains open.,shared-input,entryForm,421b3a7a9c03fd80efdc3acc
INP-138,src/features/household/personalDevice/ManagedChildDeviceHost.tsx,105,Input,05,"Account, household, Plan and remaining forms",Input filled for ordinary entry; classify structured/inline exceptions before edit,implemented-awaiting-native,Managed-child setup code; shared field contrasts on muted parent; numeric keyboard and seven-character formatted draft retained. Six normalized digits gate explicit Continue; no setup claim on typing. Cancel and existing preview/permission flow unchanged.,Scoped gate passes: 7 related tests plus app/test types and architecture in kwilt-input-specialized-local.log; native acceptance remains open.,shared-input,ManagedChildDeviceHost,fe11941841836252a9fbc342
INP-139,src/features/onboarding/IdentityAspirationFlow.tsx,2793,Input,05,"Account, household, Plan and remaining forms",Input filled for ordinary entry; classify structured/inline exceptions before edit,implemented-awaiting-native,"Optional Arc nickname; controlled nickname, word capitalization and Done retained; explicit Continue owns transition, Skip clears nickname then continues; shared form material and accessible name only.",Scoped gate passes: 7 related tests plus app/test types and architecture in kwilt-input-specialized-local.log; native acceptance remains open.,shared-input,renderNickname,369d0b9c37659c615e2492be
INP-140,src/features/onboarding/IdentityAspirationFlow.tsx,3646,Input,05,"Account, household, Plan and remaining forms",Input filled for ordinary entry; classify structured/inline exceptions before edit,implemented-awaiting-native,"Aspirations paragraph; controlled dream draft,180-point requested viewport, Done/blur dismisses keyboard; existing outer continuation/selection owns progress, no posting or implicit save added.",Scoped gate passes: 7 related tests plus app/test types and architecture in kwilt-input-specialized-local.log; native acceptance remains open.,shared-input,renderDreams,53aa76a76aad8d924f1a9ba3
INP-141,src/features/onboarding/IdentityAspirationFlow.tsx,4068,Input,05,"Account, household, Plan and remaining forms",Input filled for ordinary entry; classify structured/inline exceptions before edit,implemented-awaiting-native,"Custom survey answer adapter; shared Input named by owning question title, existing82-120 cap and local callback; Return advances through supplied Next callback or dismisses when absent; original margin moved from text renderer to field container.",Scoped gate passes: 7 related tests plus app/test types and architecture in kwilt-input-specialized-local.log; native acceptance remains open.,shared-input,renderCustomInput,f73d10dc3484f1f330665355
INP-142,src/features/onboarding/IdentityAspirationFlow.tsx,4183,Input,05,"Account, household, Plan and remaining forms",Input filled for ordinary entry; classify structured/inline exceptions before edit,implemented-awaiting-native,"Concrete focus paragraph; existing forwarded dreamInputRef,96-150 cap and controlled draft; Done advances only when trimmed text has at least two characters, otherwise dismisses; question spacing and outer survey flow retained.",Scoped gate passes: 7 related tests plus app/test types and architecture in kwilt-input-specialized-local.log; native acceptance remains open.,shared-input,renderFirstTimeSurvey,4e13717c14636a3e3610fc26
INP-143,src/features/plan/PlanCalendarSettingsScreen.tsx,594,RelationPickerField,05,"Account, household, Plan and remaining forms",Owned picker trigger using shared input material,implemented-awaiting-native,"Default write-calendar relation; unified trigger and shared relation search; deselect clears default, selection decodes value and invokes existing immediate calendar handler; existing permissions and host unchanged.","Scoped gate passes: 8 suites / 53 tests, app/test types and architecture in kwilt-input-adapters-local.log; native acceptance open.",shared-input,PlanCalendarSettingsScreen,47e51fb8fb7d16ef2aed3433
INP-144,src/features/plan/PlanScheduleApplyPage.tsx,429,RelationPickerField,05,"Account, household, Plan and remaining forms",Owned picker trigger using shared input material,implemented-awaiting-native,"Proposal calendar relation; existing custom inline Calendar text trigger retained, controlled open proposal ID and no deselect; selection updates proposal through existing handler, outer Apply owns schedule persistence.","Scoped gate passes: 8 suites / 53 tests, app/test types and architecture in kwilt-input-adapters-local.log; native acceptance open.",shared-input,PlanScheduleApplyPage,4dd58195bcd3240b5551b81f
INP-145,src/features/plan/PlanSlotCapturePage.tsx,127,SearchField,05,"Account, household, Plan and remaining forms",SearchField composition; preserve query and clear semantics,implemented-awaiting-native,To-do search in slot capture; SearchField retains local query/filter/group controls and clear name; clear restores matching inventory without selecting or committing a to-do; shared compact control replaces former 36-point local height/fill/radius.,"Scoped gate passes: 8 suites / 53 tests, app/test types and architecture in kwilt-input-adapters-local.log; native acceptance open.",shared-input,PlanSlotCapturePage,4f1ab0f4c6b30970b58d4164
INP-146,src/features/safety/UgcReportDrawer.tsx,143,Input,05,"Account, household, Plan and remaining forms",Input filled for ordinary entry; classify structured/inline exceptions before edit,implemented-awaiting-native,"Optional safety note; local draft capped at 500 characters, multiline 88-120 and busy edit lock; explicit report requires reason and target, failure preserves draft with error toast; target removal resets state; no real report submitted.",Scoped local gate passes: 9 suites / 98 tests plus app types and architecture in kwilt-forms-input-local.log; native acceptance remains open.,shared-input,UgcReportDrawer,f3c921bb56bf60f0bb8675e6
INP-147,src/features/screen-time/rule-builder/RuleSentencePickerField.tsx,11,PickerFieldTrigger,05,"Account, household, Plan and remaining forms",Input filled for ordinary entry; classify structured/inline exceptions before edit,implemented-awaiting-native,"Screen Time sentence choice; one owned PickerFieldTrigger replaces button plus read-only Input; announces current choice on outer button, no deselect; forwards existing onPress and audited width/flex placement styles. No text editor or policy mutation introduced.","Scoped gate passes: 8 suites / 53 tests, app/test types and architecture in kwilt-input-adapters-local.log; native acceptance open.",shared-input,RuleSentencePickerField,3a57a5fa12fd4a16d1efc2dd
INP-148,src/features/search/GlobalSearchDrawer.tsx,540,SearchField,04,Representative native pilots,SearchField composition; preserve query and clear semantics,implemented-awaiting-native,Global search query; local state; autofocus; scope-dependent placeholder; native while-editing clear currently; return search; filtering/navigation and search scope remain caller-owned; BottomDrawer host.,Initial iOS pilot: native-search-focused.png; native query and one-tap clear passed; full native matrix still open.,shared-input,GlobalSearchDrawer,bc54d317f53657ca902ab4f4
INP-149,src/features/shared-home/SharedLifeBrowser.tsx,210,SearchField,05,"Account, household, Plan and remaining forms",Input filled for ordinary entry; classify structured/inline exceptions before edit,implemented-awaiting-native,"Saved moments query; SearchField clear updates existing query exactly once and refocuses; existing generation-guarded library fetch owns results, no write operation from query/clear. FlatList host retained.","Scoped gate passes: 8 suites / 53 tests, app/test types and architecture in kwilt-input-adapters-local.log; native acceptance open.",shared-input,SharedLifeBrowser,3cf2274e2ca24a960f4f17a1
INP-150,src/features/shared-home/SharedLifeComposer.tsx,585,Input,04,Representative native pilots,"Per-site form/inline/composer classification; shared material, existing persistence",implemented-awaiting-native,Home post paragraph; change updates and locally saves draft; close saves; explicit Post in current BottomDrawer footer publishes; retry retains content; 4000 chars; busy locks editing. Concurrent Home task owns drawer/keyboard host.,Initial iOS pilot: native-home-long-keyboard.png; final Return caret visible; empty draft restored; full native matrix still open.,shared-input,SharedLifeComposer,19bbfb08e7ddefd07e2ddc99
INP-151,src/features/shared-home/SharedLifeComposer.tsx,654,Input,04,Representative native pilots,"Per-site form/inline/composer classification; shared material, existing persistence",implemented-awaiting-native,Optional photo alt description; maps only matching photo ID in same persisted Home draft; 200 chars; busy locks edit; omitted descriptions handled by domain payload fallback; explicit Post publishes.,Native stock-photo draft: named description and Post visible above keyboard; Return dismisses keyboard and retains text; photo removed; Post untouched. native-photo-description-keyboard.png; full matrix open.,shared-input,SharedLifeComposer,9ae60713ad0adf05975978e2
INP-152,src/features/shared-home/SharedLifeConversation.tsx,137,Input,04,Representative native pilots,"Per-site form/inline/composer classification; shared material, existing persistence",implemented-awaiting-native,Reply/edit paragraph; local text; newline does not send; 2000 reply/4000 edit limit; explicit Send/Save command requires nonblank and loaded conversation; error retains text; successful command clears; existing floating footer geometry remains host-owned.,Native local fixture: long reply scroll/end caret/Return pass; first-tap Send completes only in-memory reply and clears draft. native-reply-resting.png; native-reply-long-keyboard.png. Edit-post/retry/full matrix open.,shared-input,SharedLifeConversation,262a34e6fba34e9f8031f963
INP-153,src/features/shared-home/SharedLifeLibrary.tsx,70,Input,05,"Account, household, Plan and remaining forms",Input filled for ordinary entry; classify structured/inline exceptions before edit,implemented-awaiting-native,"New collection name; local draft capped at 80 characters; also filters existing collection list outside post mode; explicit Create requires nonempty trimmed value and idle state, successful command plus refresh clears draft; failure retains name. Scroll host and collection actions unchanged.",Scoped local gate passes: 9 suites / 98 tests plus app types and architecture in kwilt-forms-input-local.log; native acceptance remains open.,shared-input,SharedLifeCollections,4e44d5093996e87230336206
INP-154,src/ui/Combobox.tsx,421,SearchField,02-03,Shared foundation and adapters,SearchField composition; preserve query and clear semantics,implemented-awaiting-native,Picker-local query filters existing options; clear restores choices without selecting or closing; option selection retains handleSelect/deselect/open behavior; autofocus only drawer; compact search within menu; existing UnderKeyboardDrawer/popover placement retained.,Shared composition slice: 22 focused tests pass; full native matrix pending.,shared-input,Combobox,7aacac63b096eb57cf558225
INP-155,src/ui/Combobox.tsx,571,SearchField,02-03,Shared foundation and adapters,SearchField composition; preserve query and clear semantics,implemented-awaiting-native,Picker-local query filters existing options; clear restores choices without selecting or closing; option selection retains handleSelect/deselect/open behavior; autofocus only drawer; compact search within menu; existing UnderKeyboardDrawer/popover placement retained.,Shared composition slice: 22 focused tests pass; full native matrix pending.,shared-input,Combobox,7aacac63b096eb57cf558225
INP-156,src/ui/EditableField.tsx,79,Input,02-03,Shared foundation and adapters,Owned native adapter; explicit ownership exception or consolidate into Input,implemented-awaiting-native,Manual Arc/Goal title/value editor: focus copies parent value into draft; Done/blur validates and commits changed value; optional onSubmit follows onChange; disabled locks editing; title/body/meta typography retained by owned adapter. Existing invalid-blur reset is outside this material change; no broader persistence claim.,Shared composition slice: 22 focused tests pass; full native matrix pending.,shared-input,EditableField,dad23b0159386eca59f08f69
INP-157,src/ui/EditableTextArea.tsx,106,TextInput,02-03,Shared foundation and adapters,Owned native adapter; explicit ownership exception or consolidate into Input,removed-verified-unused,"Unreachable legacy implementation: no direct consumers, namespace primitive consumers, dynamic references or external package export; private application package. ObjectPicker barrel export removed with implementation.",Direct/export/dynamic-reference audit plus passing app/test types and1237 suites/7617 tests in scoped completion gate; no consumers; historical ID retained.,raw-native-input,EditableTextArea,06c27d3c703451adcf8c1cff
INP-158,src/ui/FilterDrawer.tsx,403,EnumPickerField,02-03,Shared foundation and adapters,Owned picker trigger using shared input material,implemented-awaiting-native,"Compact field/operator picker changes local FilterGroup condition; group logic, removal and Apply persistence retained.",Native material observed; keyboard task repaired footer with resize host and drawer scroll view. Value/caret/actions visible; first-tap Cancel leaves no condition. native-filter-keyboard-footer-visible.jpg; stable final gate/full matrix pending.,shared-input,FilterDrawer,6b70450771b0b9b5543e11ec
INP-159,src/ui/FilterDrawer.tsx,423,EnumPickerField,02-03,Shared foundation and adapters,Owned picker trigger using shared input material,implemented-awaiting-native,"Compact field/operator picker changes local FilterGroup condition; group logic, removal and Apply persistence retained.",Native material observed; keyboard task repaired footer with resize host and drawer scroll view. Value/caret/actions visible; first-tap Cancel leaves no condition. native-filter-keyboard-footer-visible.jpg; stable final gate/full matrix pending.,shared-input,FilterDrawer,c5ca67ae68a04decefe9872f
INP-160,src/ui/FilterDrawer.tsx,552,EnumPickerField,02-03,Shared foundation and adapters,Owned picker trigger using shared input material,implemented-awaiting-native,Typed filter value/operator: status/difficulty/type/goal choices update local condition; numeric empty maps undefined otherwise Number; tag contains and string retain wildcard semantics; Apply owns persistence.,Shared composition slice: 22 focused tests pass; full native matrix pending.,shared-input,ValueInput,14277ea2c8f9dbd474fdc01b
INP-161,src/ui/FilterDrawer.tsx,565,EnumPickerField,02-03,Shared foundation and adapters,Owned picker trigger using shared input material,implemented-awaiting-native,Typed filter value/operator: status/difficulty/type/goal choices update local condition; numeric empty maps undefined otherwise Number; tag contains and string retain wildcard semantics; Apply owns persistence.,Shared composition slice: 22 focused tests pass; full native matrix pending.,shared-input,ValueInput,4ecc46633b058276ccbfcd13
INP-162,src/ui/FilterDrawer.tsx,578,EnumPickerField,02-03,Shared foundation and adapters,Owned picker trigger using shared input material,implemented-awaiting-native,Typed filter value/operator: status/difficulty/type/goal choices update local condition; numeric empty maps undefined otherwise Number; tag contains and string retain wildcard semantics; Apply owns persistence.,Shared composition slice: 22 focused tests pass; full native matrix pending.,shared-input,ValueInput,5b60d8dd769154fb4c4602ba
INP-163,src/ui/FilterDrawer.tsx,592,RelationPickerField,02-03,Shared foundation and adapters,Owned picker trigger using shared input material,implemented-awaiting-native,Typed filter value/operator: status/difficulty/type/goal choices update local condition; numeric empty maps undefined otherwise Number; tag contains and string retain wildcard semantics; Apply owns persistence.,Shared composition slice: 22 focused tests pass; full native matrix pending.,shared-input,ValueInput,ae0dd79316e671c6da93419b
INP-164,src/ui/FilterDrawer.tsx,607,Input,02-03,Shared foundation and adapters,Input filled for ordinary entry; classify structured/inline exceptions before edit,implemented-awaiting-native,Typed filter value/operator: status/difficulty/type/goal choices update local condition; numeric empty maps undefined otherwise Number; tag contains and string retain wildcard semantics; Apply owns persistence.,Shared composition slice: 22 focused tests pass; full native matrix pending.,shared-input,ValueInput,fcecfa863b4cd7028c0c36fa
INP-165,src/ui/FilterDrawer.tsx,631,Input,02-03,Shared foundation and adapters,Input filled for tag substring value; preserve contains operator and local condition semantics,implemented-awaiting-native,Typed filter value/operator: status/difficulty/type/goal choices update local condition; numeric empty maps undefined otherwise Number; tag contains and string retain wildcard semantics; Apply owns persistence.,Shared composition slice: 22 focused tests pass; full native matrix pending.,shared-input,ValueInput,c4b40dec8c60d0ecd07930e1
INP-166,src/ui/FilterDrawer.tsx,643,Input,02-03,Shared foundation and adapters,Input filled for ordinary entry; classify structured/inline exceptions before edit,implemented-awaiting-native,Typed filter value/operator: status/difficulty/type/goal choices update local condition; numeric empty maps undefined otherwise Number; tag contains and string retain wildcard semantics; Apply owns persistence.,Native material observed; keyboard task repaired footer with resize host and drawer scroll view. Value/caret/actions visible; first-tap Cancel leaves no condition. native-filter-keyboard-footer-visible.jpg; stable final gate/full matrix pending.,shared-input,ValueInput,2173cc862f58e96d26f68365
INP-167,src/ui/FilterDrawer.tsx,718,Input,02-03,Shared foundation and adapters,Input filled for hybrid tag query/capture; preserve Done adding the current tag,implemented-awaiting-native,Hybrid tag query/capture: Input retains search icon and Done adds tag via addQueryAsTag; selected-tag uniqueness and removal retained; no conversion to generic query-only clear semantics.,Shared composition slice: 22 focused tests pass; full native matrix pending.,shared-input,TagValueInput,e06ada0080fe83b8fb00ca8d
INP-168,src/ui/FilterDrawer.tsx,919,Input,02-03,Shared foundation and adapters,Input filled for ordinary entry; classify structured/inline exceptions before edit,implemented-awaiting-native,Date trigger: native soft keyboard suppressed; focus/calendar icon opens platform date dialog; commitDate and dismiss handling unchanged; displayed relative/date tokens retained.,Shared composition slice: 22 focused tests pass; full native matrix pending.,shared-input,DateValueInput,1148cdd986ed5113328cb899
INP-169,src/ui/Input.tsx,150,TextInput,02-03,Shared foundation and adapters,Owned native adapter; explicit ownership exception or consolidate into Input,implemented-awaiting-native,Owned native editor; controlled/uncontrolled native props/ref retained; Return/blur follow caller; multiline retains raw content size; host viewport bounded after intrinsic frame/footer once; no save/submit ownership.,Input accessibility (7) and appearance (2) focused tests pass; native pending,raw-native-input,InputBase,243f235ce5740047b89741c9
INP-170,src/ui/LongTextField.tsx,536,RichEditor,02-03,Shared foundation and adapters,Retain rich editor adapter; shared frame and native/web proof,implemented-awaiting-native,Owned Pell/WebView rich editing with formatting and sanitization; debounced autosave and Done flush; native editor/toolbar hosting retained. Read preview gains explicit shared material opt-in; existing callers remain legacy pending Task08.,"Scoped app/test types and architecture plus5 suites/29 tests pass; shared preview rendered in Storybook; /tmp/kwilt-rich-input-local.log. Native unsaved To-do draft selection, Bold, Done flush to parent draft and reopen rendering observed on iPhone17Pro/iOS26.5 through INP-088. No created/persisted record; link/list/remaining-formatting, paste, assistive and platform acceptance remain open. Concurrent CSS-only list/link typography update reviewed and fingerprint reconciled.",rich-input,LongTextField,70a9ef663e47f59901d94b9f
INP-171,src/ui/LongTextField.tsx,670,Input,02-03,Shared foundation and adapters,Owned native adapter; explicit ownership exception or consolidate into Input,implemented-awaiting-native,Link dialog local URL value; explicit Insert trims URL/label and falls back to URL for empty label; Cancel closes without inserting; shared Input owns naming/material; no dialog keyboard/persistence change.,Scoped app/test types and architecture plus5 suites/29 tests pass; shared preview rendered in Storybook. Native rich/editor/dialog acceptance remains open; /tmp/kwilt-rich-input-local.log.,shared-input,LongTextField,64c366c942b156cb6e21624f
INP-172,src/ui/LongTextField.tsx,679,Input,02-03,Shared foundation and adapters,Owned native adapter; explicit ownership exception or consolidate into Input,implemented-awaiting-native,Link dialog local Label (optional) value; explicit Insert trims URL/label and falls back to URL for empty label; Cancel closes without inserting; shared Input owns naming/material; no dialog keyboard/persistence change.,Scoped app/test types and architecture plus5 suites/29 tests pass; shared preview rendered in Storybook. Native rich/editor/dialog acceptance remains open; /tmp/kwilt-rich-input-local.log.,shared-input,LongTextField,1a158ef9432fa821da63e3a1
INP-173,src/ui/LongTextField.tsx,806,TextInput,02-03,Shared foundation and adapters,Owned native adapter; explicit ownership exception or consolidate into Input,removed-verified-unused,Unreachable internal Custom refine dialog: visibility initialized false; all setter calls only false; setter/state not exposed by props/ref/export. Standard Refine presets remain reachable and unchanged.,"Always-false internal visibility/no external state access reviewed; removal passed scoped app/test types, architecture and5 suites/29 tests; /tmp/kwilt-rich-input-local.log. Historical ID retained.",raw-native-input,LongTextField,4a362c39c8d6b34490e8ee36
INP-174,src/ui/NarrativeEditableTitle.tsx,115,TitleInput,02-03,Shared foundation and adapters,Owned TitleInput editorial adapter; uncapped native heading entry,implemented-awaiting-native,"Local draft, trimmed changed commit, unchanged no write, empty blur restoration and recoverable validation retained. TitleInput owns uncapped non-scrolling renderer; native Return and content-size host reveal callbacks retained.",TitleInput/NarrativeEditableTitle: six focused tests pass. Native tall-title/caret acceptance pending.,shared-input,NarrativeEditableTitle,e05e7f8a678bd8110af62d8b
INP-175,src/ui/ObjectPicker.tsx,116,Combobox,02-03,Shared foundation and adapters,Owned picker trigger using shared input material,removed-verified-unused,"Unreachable legacy implementation: no direct consumers, namespace primitive consumers, dynamic references or external package export; private application package. ObjectPicker barrel export removed with implementation.",Direct/export/dynamic-reference audit plus passing app/test types and1237 suites/7617 tests in scoped completion gate; no consumers; historical ID retained.,shared-input,ObjectPicker,db48a92281f57b67fa5a3c37
INP-176,src/ui/ObjectPicker.tsx,139,Input,02-03,Shared foundation and adapters,Input filled for ordinary entry; classify structured/inline exceptions before edit,removed-verified-unused,"Unreachable legacy implementation: no direct consumers, namespace primitive consumers, dynamic references or external package export; private application package. ObjectPicker barrel export removed with implementation.",Direct/export/dynamic-reference audit plus passing app/test types and1237 suites/7617 tests in scoped completion gate; no consumers; historical ID retained.,shared-input,ObjectPicker,97b7a75086e6fd195f7279b6
INP-177,src/ui/PickerFields.tsx,139,Input,02-03,Shared foundation and adapters,Input filled for ordinary entry; classify structured/inline exceptions before edit,implemented-awaiting-native,Owned read-only value in named picker button; select/deselect remains immediate; clear stops propagation and closes; native text hidden from accessibility traversal; host owns sheet.,PickerFields behavior tests pass; native pending,shared-input,PickerFieldTrigger,9a4d805b6dca070197ef7bdf
INP-178,src/ui/PickerFields.tsx,345,PickerFieldTrigger,02-03,Shared foundation and adapters,Reviewed shared picker trigger forwarding; retire treatment during default switch,implemented-awaiting-native,"All30 external picker sites explicitly unified; Fixed set explicitly forwards only trigger value/options/name/size/icon/variant/treatment/surface and owned open/clear handlers, preserving controlled/uncontrolled open and custom trigger paths.",Complete current AST caller audit; existing picker/search regressions and scoped gate pending. Native relation filter/clear/close/reset and earlier Chore assignee opening are narrow evidence; full picker acceptance remains open.,shared-input,FixedSetPickerField,7ac68c83929ec03b26cfaeb5
INP-179,src/ui/PickerFields.tsx,457,PickerFieldTrigger,02-03,Shared foundation and adapters,Reviewed shared picker trigger forwarding; retire treatment during default switch,implemented-awaiting-native,"All30 external picker sites explicitly unified; Relation forwards unified caller material into shared trigger; query uses SearchField for all callers. Controlled/uncontrolled open, selected label, optional deselect and custom trigger callbacks remain unchanged.",Complete current AST caller audit; existing picker/search regressions and scoped gate pending. Native relation filter/clear/close/reset and earlier Chore assignee opening are narrow evidence; full picker acceptance remains open.,shared-input,RelationPickerField,1f79feffbdafd360ce09013c
INP-180,src/ui/PickerFields.tsx,496,TextInput,02-03,Shared foundation and adapters,Consolidated into existing relation SearchField,removed-verified-consolidated,Removed compatibility-only raw relation query renderer; every treatment uses existing SearchField and same query state/filter/reset/select handlers.,"AST diff removes exactly the raw TextInput and adds no site. Regression red/green verifies named query, query clear, close/reopen reset and one selection. Eleven picker/search tests pass.",raw-native-input,RelationPickerField,eebc90073516507acf219c4d
INP-181,src/ui/SettingsSurface.tsx,341,Input,02-03,Shared foundation and adapters,Input inline; preserve content sizing and commit policy,implemented-awaiting-native,Grouped settings row owns label and enclosure; plain right-aligned canonical Input; parent value and onChange unchanged; native keyboard/autocap and onBlur forwarded for Money amount preview; disabled follows saving state; no save command invented.,Shared composition slice: 22 focused tests pass; full native matrix pending.,shared-input,SettingsTextInputRow,00389f83a84e406bad86f955
INP-182,src/ui/SortDrawer.tsx,223,EnumPickerField,02-03,Shared foundation and adapters,Owned picker trigger using shared input material,implemented-awaiting-native,Compact sort-field picker updates local structured sort; ordered multi-sort and direction retained; Apply persists; closing does not apply; no field parsing changes.,Shared composition slice: 22 focused tests pass; full native matrix pending.,shared-input,SortDrawer,61448449829cae79f8a9cd9c
INP-183,src/capabilities/chores/screens/ChoresScreen.tsx,989,QuickAddDock,01,Expanded AST discovery,Classify composed field and preserve behavior before migration,implemented-awaiting-native,"Chores capture retains no checkbox, chore-specific labels/actions and source trim. Continue creates a local Chore draft and opens its editor, clears capture and applies selected enrichment; committing the Chore remains separate.","QuickAdd focused41 tests and scanner/policy21 tests pass. Scoped gate31.73s,9 suites137 tests,app/test types,architecture,code health,whitespace and script tests: /tmp/kwilt-quick-add-local.log. Native caret/first-tap create and capability acceptance remain open.",shared-input,ChoresScreen,3e53d6f66dc7e6e0521b9b2c
INP-184,src/capabilities/groceries/screens/GroceryListScreen.tsx,852,QuickAddDock,01,Expanded AST discovery,Classify composed field and preserve behavior before migration,implemented-awaiting-native,"Grocery capture keeps AI/checkbox/collapsed trigger hidden and dismissAfterSubmit false. Owner guards empty/busy/offline, awaits repository addItem, clears/closes on success and retains text on error; Collapse explicitly clears. No behavior edit.","QuickAdd focused41 tests and scanner/policy21 tests pass. Scoped gate31.73s,9 suites137 tests,app/test types,architecture,code health,whitespace and script tests: /tmp/kwilt-quick-add-local.log. Native caret/first-tap create and capability acceptance remain open.",shared-input,GroceryListScreen,0a7ffa26936d8c552b0dc41f
INP-185,src/capabilities/groceries/screens/KrogerCartScreen.tsx,711,KrogerStoreFinder,01,Expanded AST discovery,Classify composed field and preserve behavior before migration,implemented-awaiting-native,"Cart store finder caller; reviewed feature adapter already owns canonical SearchField. Query stays searchQuery, submit/current-location stay existing repository flows, explicit choose handles selected store and match preparation, preferred-store action remains separate. Scanner now recognizes exact canonical export.","Exact-export scanner regression passed; scoped gate10.36s app types, code health,2 suites23 tests and script tests /tmp/kwilt-store-adapter-local.log. Caller behavior reviewed; native acceptance open.",shared-input,KrogerCartScreen,f625d3bc99a251d8915cb953
INP-186,src/capabilities/groceries/screens/OnlineStorePickerScreen.tsx,135,KrogerStoreFinder,01,Expanded AST discovery,Classify composed field and preserve behavior before migration,implemented-awaiting-native,"Online store picker caller; reviewed canonical store finder owns named search/clear. Query stays local; explicit choose writes preferred store then navigates back, existing busy/error behavior retained. No write on query change or clear.","Exact-export scanner regression passed; scoped gate10.36s app types, code health,2 suites23 tests and script tests /tmp/kwilt-store-adapter-local.log. Caller behavior reviewed; native acceptance open.",shared-input,OnlineStorePickerScreen,437dd90ce179dc93cfbde75e
INP-187,src/capabilities/money/screens/MoneyCategoryDetailScreen.tsx,540,SettingsTextInputRow,07,Expanded AST discovery,Classify composed field and preserve behavior before migration,implemented-awaiting-native,Grouped category name; existing SettingsTextInputRow already delegates to unified plain Input. Local draft clears preview state and saving lock remains; explicit category save parses name and commits.,"Scoped local gate passes: app types, code health, related Jest and scanner script tests in kwilt-money-input-local.log; native acceptance remains open.",shared-input,MoneyCategoryDetailScreen,2edc5edc27fc285c6d1d7338
INP-188,src/capabilities/money/screens/MoneyCategoryDetailScreen.tsx,542,SettingsTextInputRow,07,Expanded AST discovery,Classify composed field and preserve behavior before migration,implemented-awaiting-native,"Grouped monthly contribution/amount; existing unified plain row preserved. Change clears impact preview; blur invokes existing previewMonthlyAmount, not persistence. Explicit save validates amount and category plan.","Scoped local gate passes: app types, code health, related Jest and scanner script tests in kwilt-money-input-local.log; native acceptance remains open.",shared-input,MoneyCategoryDetailScreen,66b08bc4a6f42b14c8a26952
INP-189,src/capabilities/money/screens/MoneyCategoryDetailScreen.tsx,564,SettingsTextInputRow,07,Expanded AST discovery,Classify composed field and preserve behavior before migration,implemented-awaiting-native,"Grouped reserve expected need; existing unified plain row preserved, optional-money parsing and impact invalidation unchanged; explicit category save owns persistence.","Scoped local gate passes: app types, code health, related Jest and scanner script tests in kwilt-money-input-local.log; native acceptance remains open.",shared-input,MoneyCategoryDetailScreen,53200df3e8f36768d258f67d
INP-190,src/capabilities/money/screens/MoneyCategoryDetailScreen.tsx,566,SettingsTextInputRow,07,Expanded AST discovery,Classify composed field and preserve behavior before migration,implemented-awaiting-native,"Grouped reserve due month; existing unified plain row preserves YYYY-MM hint, no capitalization, optional-month validation and saving lock; explicit category save owns persistence.","Scoped local gate passes: app types, code health, related Jest and scanner script tests in kwilt-money-input-local.log; native acceptance remains open.",shared-input,MoneyCategoryDetailScreen,b4ab1454d051bdc293cab1e6
INP-191,src/features/account/AiModelSettingsScreen.tsx,142,Textarea,01,Expanded AST discovery,Classify composed field and preserve behavior before migration,implemented-awaiting-native,AI identity context; unified named multiline112-180 retains local identityDraft and blur/back trim-to-undefined profile commit. Existing model choice and copy prompt flow unchanged.,"Scoped local automation passed24.68s: app types, architecture, code health, whitespace,2 suites2 tests; /tmp/kwilt-final-textareas-local.log. Native multiline/keyboard acceptance open.",shared-input,AiModelSettingsScreen,e11d498616289af569099e2d
INP-192,src/features/account/DestinationDetailScreen.tsx,295,Textarea,05,Expanded AST discovery,Classify composed field and preserve behavior before migration,implemented-awaiting-native,"Verification commands draft; Textarea is currently an Input alias and does not itself enable multiline. Existing Save splits pasted newlines, trims, removes blanks and caps 20 commands. Material migrated only; native multiline intent discrepancy remains open before terminal acceptance. Acceptance correction: explicit multiline88-180 editing, no automatic capitalization/correction for commands. Existing newline trim/filter and20-command limit retained; explicit Install/Save owns persistence.","Regression reproduced missing multiline mode; corrected field passes separate-command explicit-Install test. Final scoped gate25.97s app/test types, architecture, code health,1 suite1 test /tmp/kwilt-command-lines-final-local.log. Native keyboard acceptance open.",shared-input,DestinationDetailScreen,ba8df25822923e066940e0fd
INP-193,src/features/activities/ActivitiesScreen.tsx,3464,QuickAddDock,08,Expanded AST discovery,Classify composed field and preserve behavior before migration,implemented-awaiting-native,"Activities capture retains useQuickAddDockController creation, filter context, reserved dock height, Pro cover action lock and optional location receipt actions. Submit/blur behavior inherited from the verified adapter; no owner callback changes.","QuickAdd focused41 tests and scanner/policy21 tests pass. Scoped gate31.73s,9 suites137 tests,app/test types,architecture,code health,whitespace and script tests: /tmp/kwilt-quick-add-local.log. Native caret/first-tap create and capability acceptance remain open.",shared-input,ActivitiesScreen,122497d210a47af8f48d1ef7
INP-194,src/features/activities/ViewCustomizationGuide.tsx,214,Textarea,01,Expanded AST discovery,Classify composed field and preserve behavior before migration,implemented-awaiting-native,"AI view customization; unified named multiline88-140 retains busy lock, existing loading/Apply affordance, explicit Apply trim/callback/clear and keyboard dismissal. No customization on blur or text change.","Scoped local automation passed24.68s: app types, architecture, code health, whitespace,2 suites2 tests; /tmp/kwilt-final-textareas-local.log. Native multiline/keyboard acceptance open.",shared-input,ViewCustomizationGuide,5333f5f9266d7b8abb7c14a7
INP-195,src/features/arcs/GoalDetailScreen.tsx,2878,QuickAddDock,08,Expanded AST discovery,Classify composed field and preserve behavior before migration,implemented-awaiting-native,"Goal inline capture retains goal-scoped controller creation/order, explicit chat entry, AI actions, location receipt and focusAfterSubmit false. First placement remains distinct in census; owner callbacks unchanged.","QuickAdd focused41 tests and scanner/policy21 tests pass. Scoped gate31.73s,9 suites137 tests,app/test types,architecture,code health,whitespace and script tests: /tmp/kwilt-quick-add-local.log. Native caret/first-tap create and capability acceptance remain open.",shared-input,GoalDetailScreen,409caa8b663703c41aea5b10
INP-196,src/features/arcs/GoalDetailScreen.tsx,2931,QuickAddDock,08,Expanded AST discovery,Classify composed field and preserve behavior before migration,implemented-awaiting-native,"Goal inline capture second placement retains identical goal-scoped controller, chat entry, AI and location receipt behavior. Historical duplicate identity/multiplicity preserved; no owner callback changes.","QuickAdd focused41 tests and scanner/policy21 tests pass. Scoped gate31.73s,9 suites137 tests,app/test types,architecture,code health,whitespace and script tests: /tmp/kwilt-quick-add-local.log. Native caret/first-tap create and capability acceptance remain open.",shared-input,GoalDetailScreen,409caa8b663703c41aea5b10
INP-197,src/features/goals/GoalsScreen.tsx,517,GoalsInventorySearchBar,04,Expanded AST discovery,Classify composed field and preserve behavior before migration,implemented-awaiting-native,Host composes SearchField and independent sort; query clearing emitted once by field; onClear collapses revealed search without resetting sort.,Focused clear/filter/sort regressions pass; native reveal could not be exercised reliably with CUA gestures.,input-wrapper,GoalsScreen,059a4e237ffba870bfff4388
INP-198,src/features/plan/PlanRecsPage.tsx,378,QuickAddDock,01,Expanded AST discovery,Classify composed field and preserve behavior before migration,implemented-awaiting-native,"Plan recommendations inline capture forwards its existing quick-add model: draft/ref/focus/submit/collapse, selected and locked AI actions. Creation/scheduling remains in the owning model; adapter does not change persistence.","QuickAdd focused41 tests and scanner/policy21 tests pass. Scoped gate31.73s,9 suites137 tests,app/test types,architecture,code health,whitespace and script tests: /tmp/kwilt-quick-add-local.log. Native caret/first-tap create and capability acceptance remain open.",shared-input,PlanRecsPage,4fd63ae22757ce7b382c1cbb
INP-199,src/features/plan/PlanSlotCapturePage.tsx,253,QuickAddDock,05,Expanded AST discovery,Classify composed field and preserve behavior before migration,implemented-awaiting-native,"Plan slot capture retains bottom dock with explicit inset/reserved-height ownership and forwarded quick-add model. Existing creation and scheduling choices remain separate; draft, collapse and AI callbacks unchanged.","QuickAdd focused41 tests and scanner/policy21 tests pass. Scoped gate31.73s,9 suites137 tests,app/test types,architecture,code health,whitespace and script tests: /tmp/kwilt-quick-add-local.log. Native caret/first-tap create and capability acceptance remain open.",shared-input,PlanSlotCapturePage,ffd2ac34d8528e849d4ae4f5
INP-200,src/ui/FilterDrawer.tsx,469,ValueInput,02-03,Expanded AST discovery,Classify composed field and preserve behavior before migration,implemented-awaiting-native,"Owned FilterDrawer ValueInput adapter; existing field/operator dispatch renders canonical Input or picker, including relative date tokens, local tag capture and number/string/date handling. Outer Apply retains persistence; exact internal module/name recognized without hiding internal controls.","Scanner regression red/green; final scoped gate52.52s app/test types, architecture, code health,related Jest and script tests /tmp/kwilt-internal-adapters-final-local.log. Native acceptance open; compatibility defaults unchanged.",shared-input,FilterDrawer,caa78cc323f335ed3505eda5
INP-201,src/ui/PickerFields.tsx,378,FixedSetPickerField,02-03,Expanded AST discovery,Classify composed field and preserve behavior before migration,implemented-awaiting-native,"Owned fixed-set picker forwarding; typed SinglePickerProps preserve value/onValueChange, optional deselection, disabled state, custom trigger, open control and treatment bridge. Exact internal adapter classification; no new legacy public callers permitted.","Scanner regression red/green; final scoped gate52.52s app/test types, architecture, code health,related Jest and script tests /tmp/kwilt-internal-adapters-final-local.log. Native acceptance open; compatibility defaults unchanged.",shared-input,SmallSetPickerField,5215918f413dc1e421cdd837
INP-202,src/ui/PickerFields.tsx,374,FixedSetPickerField,02-03,Expanded AST discovery,Classify composed field and preserve behavior before migration,implemented-awaiting-native,"Owned fixed-set picker forwarding; typed SinglePickerProps preserve value/onValueChange, optional deselection, disabled state, custom trigger, open control and treatment bridge. Exact internal adapter classification; no new legacy public callers permitted.","Scanner regression red/green; final scoped gate52.52s app/test types, architecture, code health,related Jest and script tests /tmp/kwilt-internal-adapters-final-local.log. Native acceptance open; compatibility defaults unchanged.",shared-input,EnumPickerField,5215918f413dc1e421cdd837
INP-203,src/ui/SearchField.tsx,21,Input,02-03,Shared compositions,SearchField owned Input forwarding,implemented-awaiting-native,Controlled query; clear emits empty once then optional onClear side effect; focus retained; no filtering/debounce; return action forwarded; host owns persistence.,SearchField.test.tsx: 2 passing behavior tests; native pending,shared-input,SearchField,a1b18f08fca91319b0c48e0c
INP-204,src/ui/PickerFields.tsx,494,SearchField,02-03,Shared compositions,SearchField relation search,implemented-awaiting-native,Query resets on close; normalized filtering remains in RelationPickerField; optional recommended match remains first; selecting saves immediately and closes.,Existing picker filtering/selection tests pass; native pending,shared-input,RelationPickerField,0d6ce28c8f59ac461e441c3d
WEB-INP-001,../kwilt-site/components/unified-chat/KwiltChatWorkbench.tsx,610,Textarea,09,Embedded web workbench,"Shared web material contract; plain inner composer, filled standalone field",implemented-awaiting-runtime,Message draft; change and keydown bridge unchanged; Send explicit; one mounted textarea across layout modes; viewport and voice remain workbench-owned.,17 focused tests and fresh site build pass; actual iOS WebView resting/focus/keyboard-clearance observed (native-webview-focused.png). Long-draft attempt submitted a test line via existing Enter semantics; verified test conversation deleted. Wider host/assistive/long-paste states remain open; standalone site tsc has unrelated recipe-test error.,web-input,KwiltChatWorkbench,
WEB-INP-002,../kwilt-site/components/unified-chat/KwiltChatWorkbench.tsx,859,Textarea,09,Embedded web workbench,"Shared web material contract; plain inner composer, filled standalone field",implemented-awaiting-runtime,Recovery/loading composer; draft retained for host reconnect; no new send behavior.,17 focused tests and production build pass; composer browser fixtures reviewed at393/320 widths; artifact/correction rendering and native host pending; standalone tsc reports unrelated recipe-test error,web-input,KwiltChatWorkbench,
WEB-INP-003,../kwilt-site/components/unified-chat/KwiltChatWorkbench.tsx,1072,Input,09,Embedded web workbench,"Shared web material contract; plain inner composer, filled standalone field",implemented-awaiting-runtime,Artifact title; local state; max120; artifact update remains explicit and versioned.,17 focused tests and production build pass; composer browser fixtures reviewed at393/320 widths; artifact/correction rendering and native host pending; standalone tsc reports unrelated recipe-test error,web-input,KwiltChatWorkbench,
WEB-INP-004,../kwilt-site/components/unified-chat/KwiltChatWorkbench.tsx,1076,Textarea,09,Embedded web workbench,"Shared web material contract; plain inner composer, filled standalone field",implemented-awaiting-runtime,Artifact content; local state; max20000; formatting and update action preserved.,17 focused tests and production build pass; composer browser fixtures reviewed at393/320 widths; artifact/correction rendering and native host pending; standalone tsc reports unrelated recipe-test error,web-input,KwiltChatWorkbench,
WEB-INP-005,../kwilt-site/components/unified-chat/KwiltChatWorkbench.tsx,1558,Input,09,Embedded web workbench,"Shared web material contract; plain inner composer, filled standalone field",implemented-awaiting-runtime,Correction text; Enter and Correct use existing submitCorrection; disabled policy preserved.,17 focused tests and production build pass; composer browser fixtures reviewed at393/320 widths; artifact/correction rendering and native host pending; standalone tsc reports unrelated recipe-test error,web-input,KwiltChatWorkbench,
INP-205,src/features/activities/ActivityLocationSheet.tsx,301,PickerFieldTrigger,08,"Inline editing, rich notes and capture",Canonical location trigger,implemented-awaiting-native,Canonical compact location trigger shows preview label; pin icon and Clear location name retained. Shared clear stops propagation before existing clearSelection callback. Trigger opens location search; neither action persists location. New explicit composition site appended without renumbering historical controls.,"Clear-label regression failed then passed; scoped gate85.92s app/test types, architecture, code health,95 suites620 tests /tmp/kwilt-location-trigger-local.log. Native location/map keyboard acceptance open.",shared-input,ActivityLocationSheet,5547c664c9c2efc52ae0c533
INP-206,src/ui/TagEntryField.tsx,49,Input,02-03/08,Shared compositions,Owned chip and text entry,implemented-awaiting-native,"TagEntryField owns shared filled InputFrame, wrapped chips, semantic removal and focus indicator, and one plain Input. Parsing and commit callbacks forwarded unchanged; wrapper focuses forwarded native ref after optional host preparation. Optional trailing clearance is layout only.","TagEntryField2 behavior tests and exact native-callback comparison pass; final scoped gate83.98s app/test types, architecture, code health,92 suites607 tests and script tests /tmp/kwilt-tags-final-local.log. Storybook specimen added; visual/native acceptance open. Storybook393/320 chip containment,44-point targets and14-point close icons verified by red/green rendered check; add/remove specimen interaction verified. Final scoped gate69.83s95 suites620 tests. Native acceptance remains open.",shared-input,TagEntryField,f097a4193a737774e63c3e42
INP-207,src/ui/TitleInput.tsx,18,TextInput,08,Editorial title consolidation,Owned native editorial title renderer,implemented-awaiting-native,Native ref/value/selection/events forwarded. No paragraph min/max or internal scrolling; host owns movement; caller owns persistence and heading typography.,Six focused title tests pass; runtime acceptance remains open.,raw-native-input,TitleInput,c5616095b9bca5db5d467950
