
> kwilt@1.0.121 verify:changed
> node scripts/verify-changed.mjs --run

Verification plan for 123 changed files (base: origin/main)

Changed files:
- artifacts/home-sharing-review/celebration.png
- artifacts/home-sharing-review/composer.png
- artifacts/home-sharing-review/connected-implementation/after-source-return-native.png
- artifacts/home-sharing-review/connected-implementation/background-history-tests.log
- artifacts/home-sharing-review/connected-implementation/before-source-return-native.png
- artifacts/home-sharing-review/connected-implementation/collections-native.png
- artifacts/home-sharing-review/connected-implementation/completion-verification.log
- artifacts/home-sharing-review/connected-implementation/composer-native.png
- artifacts/home-sharing-review/connected-implementation/conversation-native.png
- artifacts/home-sharing-review/connected-implementation/database-tests.log
- artifacts/home-sharing-review/connected-implementation/feed-native.png
- artifacts/home-sharing-review/connected-implementation/header-plain-plus-native.png
- artifacts/home-sharing-review/connected-implementation/header-plus-native.png
- artifacts/home-sharing-review/connected-implementation/header-verification.log
- artifacts/home-sharing-review/connected-implementation/mixed-feed-spacing-native.png
- artifacts/home-sharing-review/connected-implementation/plain-plus-verification.log
- artifacts/home-sharing-review/connected-implementation/reply-keyboard-native.png
- artifacts/home-sharing-review/connected-implementation/verification.md
- artifacts/home-sharing-review/home.png
- artifacts/home-sharing-review/instagram-concept/home-and-composer-v1.png
- artifacts/home-sharing-review/instagram-concept/home-conversation-composer-v2.png
- artifacts/home-sharing-review/navigation.png
- docs/agent-code-map.md
- docs/design-explorations/kwilt-home-instagram-ux/README.md
- docs/design-explorations/kwilt-home-instagram-ux/catalog.md
- docs/design-explorations/kwilt-home-instagram-ux/design.md
- docs/design-explorations/kwilt-home-ready-concepts/00-frame.md
- docs/design-explorations/kwilt-home-ready-concepts/01-yes-and.md
- docs/design-explorations/kwilt-home-ready-concepts/02-diverge.md
- docs/design-explorations/kwilt-home-ready-concepts/03-converge.md
- docs/design-explorations/kwilt-home-ready-concepts/04-learning-release.md
- docs/design-explorations/kwilt-home-ready-concepts/05-evaluate-learning.md
- docs/design-explorations/kwilt-home-ready-concepts/README.md
- docs/design-explorations/kwilt-home-shared-life/00-frame.md
- docs/design-explorations/kwilt-home-shared-life/01-yes-and.md
- docs/design-explorations/kwilt-home-shared-life/02-diverge.md
- docs/design-explorations/kwilt-home-shared-life/03-converge.md
- docs/design-explorations/kwilt-home-shared-life/04-learning-release.md
- docs/design-explorations/kwilt-home-shared-life/05-evaluate-learning.md
- docs/design-system/pattern-atlas.md
- docs/feature-briefs/kwilt-home-connected-moments.md
- docs/feature-briefs/kwilt-home-shared-life.md
- docs/superpowers/plans/2026-09-08-kwilt-home-shared-life.md
- docs/superpowers/plans/2026-09-09-home-chore-updates.md
- docs/superpowers/plans/2026-09-09-kwilt-home-instagram-ux.md
- package-lock.json
- package.json
- scripts/shared-life/database.test.mjs
- scripts/shared-life/live-chore-verification.mjs
- scripts/shared-life/live-chore-verification.sql
- scripts/shared-life/live-connected-verification.sql
- scripts/shared-life/live-verification.mjs
- src/capabilities/explore/navigation/types.ts
- src/capabilities/explore/screens/ExploreMapScreen.test.tsx
- src/capabilities/explore/screens/ExploreMapScreen.tsx
- src/features/arcs/GoalDetailScreen.tsx
- src/features/dev/DevToolsScreen.tsx
- src/features/dev/HomeChorePreview.tsx
- src/features/dev/HomeConnectedPreview.tsx
- src/features/shared-home/FEATURE.md
- src/features/shared-home/SharedHomeDeliveryCard.tsx
- src/features/shared-home/SharedHomeScreen.tsx
- src/features/shared-home/SharedLifeAppreciation.tsx
- src/features/shared-home/SharedLifeBrowser.test.tsx
- src/features/shared-home/SharedLifeBrowser.tsx
- src/features/shared-home/SharedLifeChoreCard.test.tsx
- src/features/shared-home/SharedLifeChoreCard.tsx
- src/features/shared-home/SharedLifeComposer.test.tsx
- src/features/shared-home/SharedLifeComposer.tsx
- src/features/shared-home/SharedLifeConnections.tsx
- src/features/shared-home/SharedLifeConversation.tsx
- src/features/shared-home/SharedLifeExplorePlaces.tsx
- src/features/shared-home/SharedLifeFeed.tsx
- src/features/shared-home/SharedLifeFeedControls.tsx
- src/features/shared-home/SharedLifeLibrary.tsx
- src/features/shared-home/SharedLifeMediaGallery.tsx
- src/features/shared-home/SharedLifeNativeText.test.ts
- src/features/shared-home/SharedLifePage.tsx
- src/features/shared-home/SharedLifePostCard.test.tsx
- src/features/shared-home/SharedLifePostCard.tsx
- src/features/shared-home/SharedLifePrivacy.test.tsx
- src/features/shared-home/sharedHomeCache.test.ts
- src/features/shared-home/sharedHomeDestination.test.ts
- src/features/shared-home/sharedHomeMigration.test.ts
- src/features/shared-home/sharedHomePresentation.test.ts
- src/features/shared-home/sharedHomePresentation.ts
- src/features/shared-home/sharedHomeRepository.test.ts
- src/features/shared-home/sharedHomeTypes.ts
- src/features/shared-home/sharedLifeCelebration.test.ts
- src/features/shared-home/sharedLifeCelebration.ts
- src/features/shared-home/sharedLifeDomain.test.ts
- src/features/shared-home/sharedLifeDomain.ts
- src/features/shared-home/sharedLifeDrafts.ts
- src/features/shared-home/sharedLifeMedia.test.ts
- src/features/shared-home/sharedLifeMedia.ts
- src/features/shared-home/sharedLifePresentation.test.ts
- src/features/shared-home/sharedLifePresentation.ts
- src/features/shared-home/sharedLifePublishing.test.ts
- src/features/shared-home/sharedLifePublishing.ts
- src/features/shared-home/sharedLifeRepository.ts
- src/features/shared-home/sharedLifeShareRequest.ts
- src/features/shared-home/sharedLifeTypes.ts
- src/features/shared-home/useHomeReaction.test.ts
- src/features/shared-home/useHomeReaction.ts
- src/features/shared-home/useSharedLife.test.tsx
- src/features/shared-home/useSharedLife.ts
- src/navigation/CapabilityMenu.test.tsx
- src/navigation/CapabilityMenu.tsx
- src/navigation/RootNavigator.tsx
- src/services/ugcSafety.ts
- src/store/useCelebrationStore.ts
- src/ui/CelebrationInterstitial.test.tsx
- src/ui/CelebrationInterstitial.tsx
- supabase/functions/account-delete/index.ts
- supabase/migrations/20260909032319_home_shared_life.sql
- supabase/migrations/20260909032858_home_storage_policy_isolation.sql
- supabase/migrations/20260909043604_goal_completion_home_moments.sql
- supabase/migrations/20260909135005_home_chore_updates.sql
- supabase/migrations/20260909135354_chore_occurrence_version_comparison.sql
- supabase/migrations/20260909135513_home_chore_report_subject.sql
- supabase/migrations/20260909151958_home_connected_moments.sql
- supabase/migrations/20260909154905_home_photo_dimensions.sql
- supabase/migrations/20260909155733_home_saved_destinations.sql

Run:
- git diff --check
  catch whitespace and conflict-marker issues before deeper gates
- npm run lint
  typecheck app, workspace packages, and shared TypeScript contracts
- npm run code:health -- --fail-on-regression --base "origin/main"
  enforce code-health ratchets against newly introduced complexity
- npm run lint:tests
  typecheck Jest files and shared test harness code that app lint excludes
- npm test -- --runInBand
  run the full Jest suite because shared test/runtime configuration changed
- npm run lint:supabase-functions
  typecheck Supabase Edge Functions with the Deno gate
- npm run test:supabase-functions
  run Deno unit tests for extracted Supabase function helpers
- npm run product:lint
  validate JTBD, persona, job-flow, feature, and feature-brief references
- npm run agent:map
  refresh the agent-facing code map after docs or feature manifest changes
- npm run architecture:lint
  check enforceable UI/feature architecture conventions

Manual or environment-dependent:
- maestro test e2e/maestro/<relevant-flow>.yaml
  native interaction flows need a simulator or device
- npm run visual:compare
  requires fresh Maestro screenshots; use when visual surfaces changed

[verify:changed] git diff --check

[verify:changed] npm run lint

> kwilt@1.0.121 lint
> tsc --noEmit


[verify:changed] npm run code:health -- --fail-on-regression --base "origin/main"

> kwilt@1.0.121 code:health
> node scripts/code-health.mjs --fail-on-regression --base origin/main

Code health summary
Base: origin/main
Files: 3259
Lines: 548552
Large files >=800 lines: 97
Very large files >=1500 lines: 31
Huge files >=3000 lines: 8
unchecked casts: 855
explicit any matches: 504
@ts-ignore directives: 0
console.log calls: 192
coverage ignore patterns: 23
raw react-native Text feature files: 10

Largest files (top 10):
- src/features/arcs/GoalDetailScreen.tsx: 5884 lines
- src/features/ai/AiChatScreen.tsx: 5262 lines
- src/features/onboarding/IdentityAspirationFlow.tsx: 4713 lines
- src/services/ai.ts: 4216 lines
- src/store/useAppStore.ts: 4205 lines
- src/features/activities/ActivitiesScreen.tsx: 3922 lines
- prototypes/pixel-pets/lib/pet-world.ts: 3243 lines
- src/features/activities/ActivityDetailScreen.tsx: 3202 lines
- supabase/functions/chapters-generate/index.ts: 2933 lines
- plugins/withAppleEcosystemIntegrations.js: 2874 lines

Ratchet findings:
- [warning] src/features/dev/HomeConnectedPreview.tsx: added 2 explicit any usages
- [warning] src/features/shared-home/SharedLifePrivacy.test.tsx: added 2 explicit any usages
- [warning] src/features/shared-home/sharedLifePublishing.test.ts: added 1 unchecked cast

[verify:changed] npm run lint:tests

> kwilt@1.0.121 lint:tests
> tsc --noEmit --project tsconfig.test.json


[verify:changed] npm test -- --runInBand

> kwilt@1.0.121 test
> jest --runInBand

PASS src/capabilities/chores/screens/ChoresScreen.test.tsx
  ● Console

    console.error
      An update to Animated(View) inside a test was not wrapped in act(...).

      When testing, code that causes React state updates should be wrapped into act(...):

      act(() => {
        /* fire events that update state */
      });
      /* assert on the output */

      This ensures that you're testing the behavior the user would see in the browser. Learn more at https://react.dev/link/wrap-tests-with-act

      at node_modules/react-test-renderer/cjs/react-test-renderer.development.js:14402:19
      at runWithFiberInDEV (node_modules/react-test-renderer/cjs/react-test-renderer.development.js:2315:13)
      at warnIfUpdatesNotWrappedWithActDEV (node_modules/react-test-renderer/cjs/react-test-renderer.development.js:14401:9)
      at scheduleUpdateOnFiber (node_modules/react-test-renderer/cjs/react-test-renderer.development.js:12086:9)
      at dispatchReducerAction (node_modules/react-test-renderer/cjs/react-test-renderer.development.js:6155:13)
      at Object.scheduleUpdate [as current] (node_modules/react-native/src/private/animated/createAnimatedPropsHook.js:121:20)
      at AnimatedProps.current [as _callback] (node_modules/react-native/src/private/animated/createAnimatedPropsHook.js:64:56)
      at AnimatedProps._callback [as update] (node_modules/react-native/Libraries/Animated/nodes/AnimatedProps.js:231:10)
      at update (node_modules/react-native/Libraries/Animated/nodes/AnimatedValue.js:64:31)
          at Set.forEach (<anonymous>)
      at forEach (node_modules/react-native/Libraries/Animated/nodes/AnimatedValue.js:64:10)
      at AnimatedValue.flushValue [as _updateValue] (node_modules/react-native/Libraries/Animated/nodes/AnimatedValue.js:358:7)
      at TimingAnimation._updateValue [as _onUpdate] (node_modules/react-native/Libraries/Animated/nodes/AnimatedValue.js:322:14)
      at TimingAnimation._onUpdate [as onUpdate] (node_modules/react-native/Libraries/Animated/animations/TimingAnimation.js:157:10)
      at onUpdate (node_modules/react-native/Libraries/Animated/animations/TimingAnimation.js:132:67)
      at Timeout.callback [as _onTimeout] (node_modules/react-native-worklets/src/runLoop/uiRuntime/mockedRequestAnimationFrame.ts:10:27)

    console.error
      An update to Animated(View) inside a test was not wrapped in act(...).

      When testing, code that causes React state updates should be wrapped into act(...):

      act(() => {
        /* fire events that update state */
      });
      /* assert on the output */

      This ensures that you're testing the behavior the user would see in the browser. Learn more at https://react.dev/link/wrap-tests-with-act

      at node_modules/react-test-renderer/cjs/react-test-renderer.development.js:14402:19
      at runWithFiberInDEV (node_modules/react-test-renderer/cjs/react-test-renderer.development.js:2315:13)
      at warnIfUpdatesNotWrappedWithActDEV (node_modules/react-test-renderer/cjs/react-test-renderer.development.js:14401:9)
      at scheduleUpdateOnFiber (node_modules/react-test-renderer/cjs/react-test-renderer.development.js:12086:9)
      at dispatchReducerAction (node_modules/react-test-renderer/cjs/react-test-renderer.development.js:6155:13)
      at Object.scheduleUpdate [as current] (node_modules/react-native/src/private/animated/createAnimatedPropsHook.js:121:20)
      at AnimatedProps.current [as _callback] (node_modules/react-native/src/private/animated/createAnimatedPropsHook.js:64:56)
      at AnimatedProps._callback [as update] (node_modules/react-native/Libraries/Animated/nodes/AnimatedProps.js:231:10)
      at update (node_modules/react-native/Libraries/Animated/nodes/AnimatedValue.js:64:31)
          at Set.forEach (<anonymous>)
      at forEach (node_modules/react-native/Libraries/Animated/nodes/AnimatedValue.js:64:10)
      at AnimatedValue.flushValue [as _updateValue] (node_modules/react-native/Libraries/Animated/nodes/AnimatedValue.js:358:7)
      at TimingAnimation._updateValue [as _onUpdate] (node_modules/react-native/Libraries/Animated/nodes/AnimatedValue.js:322:14)
      at TimingAnimation._onUpdate [as onUpdate] (node_modules/react-native/Libraries/Animated/animations/TimingAnimation.js:157:10)
      at onUpdate (node_modules/react-native/Libraries/Animated/animations/TimingAnimation.js:132:67)
      at Timeout.callback [as _onTimeout] (node_modules/react-native-worklets/src/runLoop/uiRuntime/mockedRequestAnimationFrame.ts:10:27)

    console.error
      An update to Animated(View) inside a test was not wrapped in act(...).

      When testing, code that causes React state updates should be wrapped into act(...):

      act(() => {
        /* fire events that update state */
      });
      /* assert on the output */

      This ensures that you're testing the behavior the user would see in the browser. Learn more at https://react.dev/link/wrap-tests-with-act

      at node_modules/react-test-renderer/cjs/react-test-renderer.development.js:14402:19
      at runWithFiberInDEV (node_modules/react-test-renderer/cjs/react-test-renderer.development.js:2315:13)
      at warnIfUpdatesNotWrappedWithActDEV (node_modules/react-test-renderer/cjs/react-test-renderer.development.js:14401:9)
      at scheduleUpdateOnFiber (node_modules/react-test-renderer/cjs/react-test-renderer.development.js:12086:9)
      at dispatchReducerAction (node_modules/react-test-renderer/cjs/react-test-renderer.development.js:6155:13)
      at Object.scheduleUpdate [as current] (node_modules/react-native/src/private/animated/createAnimatedPropsHook.js:121:20)
      at AnimatedProps.current [as _callback] (node_modules/react-native/src/private/animated/createAnimatedPropsHook.js:64:56)
      at AnimatedProps._callback [as update] (node_modules/react-native/Libraries/Animated/nodes/AnimatedProps.js:231:10)
      at update (node_modules/react-native/Libraries/Animated/nodes/AnimatedValue.js:64:31)
          at Set.forEach (<anonymous>)
      at forEach (node_modules/react-native/Libraries/Animated/nodes/AnimatedValue.js:64:10)
      at AnimatedValue.flushValue [as _updateValue] (node_modules/react-native/Libraries/Animated/nodes/AnimatedValue.js:358:7)
      at TimingAnimation._updateValue [as _onUpdate] (node_modules/react-native/Libraries/Animated/nodes/AnimatedValue.js:322:14)
      at TimingAnimation._onUpdate [as onUpdate] (node_modules/react-native/Libraries/Animated/animations/TimingAnimation.js:157:10)
      at onUpdate (node_modules/react-native/Libraries/Animated/animations/TimingAnimation.js:132:67)
      at Timeout.callback [as _onTimeout] (node_modules/react-native-worklets/src/runLoop/uiRuntime/mockedRequestAnimationFrame.ts:10:27)

    console.error
      An update to Animated(View) inside a test was not wrapped in act(...).

      When testing, code that causes React state updates should be wrapped into act(...):

      act(() => {
        /* fire events that update state */
      });
      /* assert on the output */

      This ensures that you're testing the behavior the user would see in the browser. Learn more at https://react.dev/link/wrap-tests-with-act

      at node_modules/react-test-renderer/cjs/react-test-renderer.development.js:14402:19
      at runWithFiberInDEV (node_modules/react-test-renderer/cjs/react-test-renderer.development.js:2315:13)
      at warnIfUpdatesNotWrappedWithActDEV (node_modules/react-test-renderer/cjs/react-test-renderer.development.js:14401:9)
      at scheduleUpdateOnFiber (node_modules/react-test-renderer/cjs/react-test-renderer.development.js:12086:9)
      at dispatchReducerAction (node_modules/react-test-renderer/cjs/react-test-renderer.development.js:6155:13)
      at Object.scheduleUpdate [as current] (node_modules/react-native/src/private/animated/createAnimatedPropsHook.js:121:20)
      at AnimatedProps.current [as _callback] (node_modules/react-native/src/private/animated/createAnimatedPropsHook.js:64:56)
      at AnimatedProps._callback [as update] (node_modules/react-native/Libraries/Animated/nodes/AnimatedProps.js:231:10)
      at update (node_modules/react-native/Libraries/Animated/nodes/AnimatedValue.js:64:31)
          at Set.forEach (<anonymous>)
      at forEach (node_modules/react-native/Libraries/Animated/nodes/AnimatedValue.js:64:10)
      at AnimatedValue.flushValue [as _updateValue] (node_modules/react-native/Libraries/Animated/nodes/AnimatedValue.js:358:7)
      at TimingAnimation._updateValue [as _onUpdate] (node_modules/react-native/Libraries/Animated/nodes/AnimatedValue.js:322:14)
      at TimingAnimation._onUpdate [as onUpdate] (node_modules/react-native/Libraries/Animated/animations/TimingAnimation.js:157:10)
      at onUpdate (node_modules/react-native/Libraries/Animated/animations/TimingAnimation.js:132:67)
      at Timeout.callback [as _onTimeout] (node_modules/react-native-worklets/src/runLoop/uiRuntime/mockedRequestAnimationFrame.ts:10:27)

PASS src/capabilities/groceries/screens/KrogerCartScreen.test.tsx
PASS src/capabilities/recipes/screens/RecipeLibraryScreen.test.tsx
PASS src/features/screen-time/rule-builder/PersonalScreenTimeRuleBuilderScreen.test.tsx
PASS src/capabilities/groceries/screens/GroceryListScreen.test.tsx
  ● Console

    console.error
      An update to GroceryListScreen inside a test was not wrapped in act(...).

      When testing, code that causes React state updates should be wrapped into act(...):

      act(() => {
        /* fire events that update state */
      });
      /* assert on the output */

      This ensures that you're testing the behavior the user would see in the browser. Learn more at https://react.dev/link/wrap-tests-with-act

      273 |     const cachedList = chooseList(cachedWithPending);
      274 |     if (cachedList) setList(cachedList);
    > 275 |     setPendingCount(pending.length);
          |     ^
      276 |     try {
      277 |       const repository = createGroceryRepository();
      278 |       const lists = await repository.list();

      at node_modules/react-test-renderer/cjs/react-test-renderer.development.js:14402:19
      at runWithFiberInDEV (node_modules/react-test-renderer/cjs/react-test-renderer.development.js:2315:13)
      at warnIfUpdatesNotWrappedWithActDEV (node_modules/react-test-renderer/cjs/react-test-renderer.development.js:14401:9)
      at scheduleUpdateOnFiber (node_modules/react-test-renderer/cjs/react-test-renderer.development.js:12086:9)
      at dispatchSetStateInternal (node_modules/react-test-renderer/cjs/react-test-renderer.development.js:6208:13)
      at dispatchSetState (node_modules/react-test-renderer/cjs/react-test-renderer.development.js:6165:7)
      at setPendingCount (src/capabilities/groceries/screens/GroceryListScreen.tsx:275:5)
      at asyncGeneratorStep (node_modules/@babel/runtime/helpers/asyncToGenerator.js:3:17)
      at _next (node_modules/@babel/runtime/helpers/asyncToGenerator.js:17:9)

    console.error
      An update to GroceryListScreen inside a test was not wrapped in act(...).

      When testing, code that causes React state updates should be wrapped into act(...):

      act(() => {
        /* fire events that update state */
      });
      /* assert on the output */

      This ensures that you're testing the behavior the user would see in the browser. Learn more at https://react.dev/link/wrap-tests-with-act

      283 |         setItemState: repository.setItemState,
      284 |       });
    > 285 |       setList(chooseList(reconciled.lists));
          |       ^
      286 |       setPendingCount(reconciled.pendingCount);
      287 |       setOffline(reconciled.interrupted);
      288 |       await groceryCache.write(userId, reconciled.lists);

      at node_modules/react-test-renderer/cjs/react-test-renderer.development.js:14402:19
      at runWithFiberInDEV (node_modules/react-test-renderer/cjs/react-test-renderer.development.js:2315:13)
      at warnIfUpdatesNotWrappedWithActDEV (node_modules/react-test-renderer/cjs/react-test-renderer.development.js:14401:9)
      at scheduleUpdateOnFiber (node_modules/react-test-renderer/cjs/react-test-renderer.development.js:12086:9)
      at dispatchSetStateInternal (node_modules/react-test-renderer/cjs/react-test-renderer.development.js:6208:13)
      at dispatchSetState (node_modules/react-test-renderer/cjs/react-test-renderer.development.js:6165:7)
      at setList (src/capabilities/groceries/screens/GroceryListScreen.tsx:285:7)
      at asyncGeneratorStep (node_modules/@babel/runtime/helpers/asyncToGenerator.js:3:17)
      at _next (node_modules/@babel/runtime/helpers/asyncToGenerator.js:17:9)

    console.error
      An update to GroceryListScreen inside a test was not wrapped in act(...).

      When testing, code that causes React state updates should be wrapped into act(...):

      act(() => {
        /* fire events that update state */
      });
      /* assert on the output */

      This ensures that you're testing the behavior the user would see in the browser. Learn more at https://react.dev/link/wrap-tests-with-act

      284 |       });
      285 |       setList(chooseList(reconciled.lists));
    > 286 |       setPendingCount(reconciled.pendingCount);
          |       ^
      287 |       setOffline(reconciled.interrupted);
      288 |       await groceryCache.write(userId, reconciled.lists);
      289 |     } catch {

      at node_modules/react-test-renderer/cjs/react-test-renderer.development.js:14402:19
      at runWithFiberInDEV (node_modules/react-test-renderer/cjs/react-test-renderer.development.js:2315:13)
      at warnIfUpdatesNotWrappedWithActDEV (node_modules/react-test-renderer/cjs/react-test-renderer.development.js:14401:9)
      at scheduleUpdateOnFiber (node_modules/react-test-renderer/cjs/react-test-renderer.development.js:12086:9)
      at dispatchSetStateInternal (node_modules/react-test-renderer/cjs/react-test-renderer.development.js:6208:13)
      at dispatchSetState (node_modules/react-test-renderer/cjs/react-test-renderer.development.js:6165:7)
      at setPendingCount (src/capabilities/groceries/screens/GroceryListScreen.tsx:286:7)
      at asyncGeneratorStep (node_modules/@babel/runtime/helpers/asyncToGenerator.js:3:17)
      at _next (node_modules/@babel/runtime/helpers/asyncToGenerator.js:17:9)

    console.error
      An update to GroceryListScreen inside a test was not wrapped in act(...).

      When testing, code that causes React state updates should be wrapped into act(...):

      act(() => {
        /* fire events that update state */
      });
      /* assert on the output */

      This ensures that you're testing the behavior the user would see in the browser. Learn more at https://react.dev/link/wrap-tests-with-act

      285 |       setList(chooseList(reconciled.lists));
      286 |       setPendingCount(reconciled.pendingCount);
    > 287 |       setOffline(reconciled.interrupted);
          |       ^
      288 |       await groceryCache.write(userId, reconciled.lists);
      289 |     } catch {
      290 |       setOffline(Boolean(cachedList));

      at node_modules/react-test-renderer/cjs/react-test-renderer.development.js:14402:19
      at runWithFiberInDEV (node_modules/react-test-renderer/cjs/react-test-renderer.development.js:2315:13)
      at warnIfUpdatesNotWrappedWithActDEV (node_modules/react-test-renderer/cjs/react-test-renderer.development.js:14401:9)
      at scheduleUpdateOnFiber (node_modules/react-test-renderer/cjs/react-test-renderer.development.js:12086:9)
      at dispatchSetStateInternal (node_modules/react-test-renderer/cjs/react-test-renderer.development.js:6208:13)
      at dispatchSetState (node_modules/react-test-renderer/cjs/react-test-renderer.development.js:6165:7)
      at setOffline (src/capabilities/groceries/screens/GroceryListScreen.tsx:287:7)
      at asyncGeneratorStep (node_modules/@babel/runtime/helpers/asyncToGenerator.js:3:17)
      at _next (node_modules/@babel/runtime/helpers/asyncToGenerator.js:17:9)

    console.error
      An update to GroceryListScreen inside a test was not wrapped in act(...).

      When testing, code that causes React state updates should be wrapped into act(...):

      act(() => {
        /* fire events that update state */
      });
      /* assert on the output */

      This ensures that you're testing the behavior the user would see in the browser. Learn more at https://react.dev/link/wrap-tests-with-act

      273 |     const cachedList = chooseList(cachedWithPending);
      274 |     if (cachedList) setList(cachedList);
    > 275 |     setPendingCount(pending.length);
          |     ^
      276 |     try {
      277 |       const repository = createGroceryRepository();
      278 |       const lists = await repository.list();

      at node_modules/react-test-renderer/cjs/react-test-renderer.development.js:14402:19
      at runWithFiberInDEV (node_modules/react-test-renderer/cjs/react-test-renderer.development.js:2315:13)
      at warnIfUpdatesNotWrappedWithActDEV (node_modules/react-test-renderer/cjs/react-test-renderer.development.js:14401:9)
      at scheduleUpdateOnFiber (node_modules/react-test-renderer/cjs/react-test-renderer.development.js:12086:9)
      at dispatchSetStateInternal (node_modules/react-test-renderer/cjs/react-test-renderer.development.js:6208:13)
      at dispatchSetState (node_modules/react-test-renderer/cjs/react-test-renderer.development.js:6165:7)
      at setPendingCount (src/capabilities/groceries/screens/GroceryListScreen.tsx:275:5)
      at asyncGeneratorStep (node_modules/@babel/runtime/helpers/asyncToGenerator.js:3:17)
      at _next (node_modules/@babel/runtime/helpers/asyncToGenerator.js:17:9)

    console.error
      An update to GroceryListScreen inside a test was not wrapped in act(...).

      When testing, code that causes React state updates should be wrapped into act(...):

      act(() => {
        /* fire events that update state */
      });
      /* assert on the output */

      This ensures that you're testing the behavior the user would see in the browser. Learn more at https://react.dev/link/wrap-tests-with-act

      283 |         setItemState: repository.setItemState,
      284 |       });
    > 285 |       setList(chooseList(reconciled.lists));
          |       ^
      286 |       setPendingCount(reconciled.pendingCount);
      287 |       setOffline(reconciled.interrupted);
      288 |       await groceryCache.write(userId, reconciled.lists);

      at node_modules/react-test-renderer/cjs/react-test-renderer.development.js:14402:19
      at runWithFiberInDEV (node_modules/react-test-renderer/cjs/react-test-renderer.development.js:2315:13)
      at warnIfUpdatesNotWrappedWithActDEV (node_modules/react-test-renderer/cjs/react-test-renderer.development.js:14401:9)
      at scheduleUpdateOnFiber (node_modules/react-test-renderer/cjs/react-test-renderer.development.js:12086:9)
      at dispatchSetStateInternal (node_modules/react-test-renderer/cjs/react-test-renderer.development.js:6208:13)
      at dispatchSetState (node_modules/react-test-renderer/cjs/react-test-renderer.development.js:6165:7)
      at setList (src/capabilities/groceries/screens/GroceryListScreen.tsx:285:7)
      at asyncGeneratorStep (node_modules/@babel/runtime/helpers/asyncToGenerator.js:3:17)
      at _next (node_modules/@babel/runtime/helpers/asyncToGenerator.js:17:9)

    console.error
      An update to GroceryListScreen inside a test was not wrapped in act(...).

      When testing, code that causes React state updates should be wrapped into act(...):

      act(() => {
        /* fire events that update state */
      });
      /* assert on the output */

      This ensures that you're testing the behavior the user would see in the browser. Learn more at https://react.dev/link/wrap-tests-with-act

      284 |       });
      285 |       setList(chooseList(reconciled.lists));
    > 286 |       setPendingCount(reconciled.pendingCount);
          |       ^
      287 |       setOffline(reconciled.interrupted);
      288 |       await groceryCache.write(userId, reconciled.lists);
      289 |     } catch {

      at node_modules/react-test-renderer/cjs/react-test-renderer.development.js:14402:19
      at runWithFiberInDEV (node_modules/react-test-renderer/cjs/react-test-renderer.development.js:2315:13)
      at warnIfUpdatesNotWrappedWithActDEV (node_modules/react-test-renderer/cjs/react-test-renderer.development.js:14401:9)
      at scheduleUpdateOnFiber (node_modules/react-test-renderer/cjs/react-test-renderer.development.js:12086:9)
      at dispatchSetStateInternal (node_modules/react-test-renderer/cjs/react-test-renderer.development.js:6208:13)
      at dispatchSetState (node_modules/react-test-renderer/cjs/react-test-renderer.development.js:6165:7)
      at setPendingCount (src/capabilities/groceries/screens/GroceryListScreen.tsx:286:7)
      at asyncGeneratorStep (node_modules/@babel/runtime/helpers/asyncToGenerator.js:3:17)
      at _next (node_modules/@babel/runtime/helpers/asyncToGenerator.js:17:9)

    console.error
      An update to GroceryListScreen inside a test was not wrapped in act(...).

      When testing, code that causes React state updates should be wrapped into act(...):

      act(() => {
        /* fire events that update state */
      });
      /* assert on the output */

      This ensures that you're testing the behavior the user would see in the browser. Learn more at https://react.dev/link/wrap-tests-with-act

      285 |       setList(chooseList(reconciled.lists));
      286 |       setPendingCount(reconciled.pendingCount);
    > 287 |       setOffline(reconciled.interrupted);
          |       ^
      288 |       await groceryCache.write(userId, reconciled.lists);
      289 |     } catch {
      290 |       setOffline(Boolean(cachedList));

      at node_modules/react-test-renderer/cjs/react-test-renderer.development.js:14402:19
      at runWithFiberInDEV (node_modules/react-test-renderer/cjs/react-test-renderer.development.js:2315:13)
      at warnIfUpdatesNotWrappedWithActDEV (node_modules/react-test-renderer/cjs/react-test-renderer.development.js:14401:9)
      at scheduleUpdateOnFiber (node_modules/react-test-renderer/cjs/react-test-renderer.development.js:12086:9)
      at dispatchSetStateInternal (node_modules/react-test-renderer/cjs/react-test-renderer.development.js:6208:13)
      at dispatchSetState (node_modules/react-test-renderer/cjs/react-test-renderer.development.js:6165:7)
      at setOffline (src/capabilities/groceries/screens/GroceryListScreen.tsx:287:7)
      at asyncGeneratorStep (node_modules/@babel/runtime/helpers/asyncToGenerator.js:3:17)
      at _next (node_modules/@babel/runtime/helpers/asyncToGenerator.js:17:9)

    console.error
      An update to GroceryListScreen inside a test was not wrapped in act(...).

      When testing, code that causes React state updates should be wrapped into act(...):

      act(() => {
        /* fire events that update state */
      });
      /* assert on the output */

      This ensures that you're testing the behavior the user would see in the browser. Learn more at https://react.dev/link/wrap-tests-with-act

      273 |     const cachedList = chooseList(cachedWithPending);
      274 |     if (cachedList) setList(cachedList);
    > 275 |     setPendingCount(pending.length);
          |     ^
      276 |     try {
      277 |       const repository = createGroceryRepository();
      278 |       const lists = await repository.list();

      at node_modules/react-test-renderer/cjs/react-test-renderer.development.js:14402:19
      at runWithFiberInDEV (node_modules/react-test-renderer/cjs/react-test-renderer.development.js:2315:13)
      at warnIfUpdatesNotWrappedWithActDEV (node_modules/react-test-renderer/cjs/react-test-renderer.development.js:14401:9)
      at scheduleUpdateOnFiber (node_modules/react-test-renderer/cjs/react-test-renderer.development.js:12086:9)
      at dispatchSetStateInternal (node_modules/react-test-renderer/cjs/react-test-renderer.development.js:6208:13)
      at dispatchSetState (node_modules/react-test-renderer/cjs/react-test-renderer.development.js:6165:7)
      at setPendingCount (src/capabilities/groceries/screens/GroceryListScreen.tsx:275:5)
      at asyncGeneratorStep (node_modules/@babel/runtime/helpers/asyncToGenerator.js:3:17)
      at _next (node_modules/@babel/runtime/helpers/asyncToGenerator.js:17:9)

    console.error
      An update to GroceryListScreen inside a test was not wrapped in act(...).

      When testing, code that causes React state updates should be wrapped into act(...):

      act(() => {
        /* fire events that update state */
      });
      /* assert on the output */

      This ensures that you're testing the behavior the user would see in the browser. Learn more at https://react.dev/link/wrap-tests-with-act

      283 |         setItemState: repository.setItemState,
      284 |       });
    > 285 |       setList(chooseList(reconciled.lists));
          |       ^
      286 |       setPendingCount(reconciled.pendingCount);
      287 |       setOffline(reconciled.interrupted);
      288 |       await groceryCache.write(userId, reconciled.lists);

      at node_modules/react-test-renderer/cjs/react-test-renderer.development.js:14402:19
      at runWithFiberInDEV (node_modules/react-test-renderer/cjs/react-test-renderer.development.js:2315:13)
      at warnIfUpdatesNotWrappedWithActDEV (node_modules/react-test-renderer/cjs/react-test-renderer.development.js:14401:9)
      at scheduleUpdateOnFiber (node_modules/react-test-renderer/cjs/react-test-renderer.development.js:12086:9)
      at dispatchSetStateInternal (node_modules/react-test-renderer/cjs/react-test-renderer.development.js:6208:13)
      at dispatchSetState (node_modules/react-test-renderer/cjs/react-test-renderer.development.js:6165:7)
      at setList (src/capabilities/groceries/screens/GroceryListScreen.tsx:285:7)
      at asyncGeneratorStep (node_modules/@babel/runtime/helpers/asyncToGenerator.js:3:17)
      at _next (node_modules/@babel/runtime/helpers/asyncToGenerator.js:17:9)

    console.error
      An update to GroceryListScreen inside a test was not wrapped in act(...).

      When testing, code that causes React state updates should be wrapped into act(...):

      act(() => {
        /* fire events that update state */
      });
      /* assert on the output */

      This ensures that you're testing the behavior the user would see in the browser. Learn more at https://react.dev/link/wrap-tests-with-act

      284 |       });
      285 |       setList(chooseList(reconciled.lists));
    > 286 |       setPendingCount(reconciled.pendingCount);
          |       ^
      287 |       setOffline(reconciled.interrupted);
      288 |       await groceryCache.write(userId, reconciled.lists);
      289 |     } catch {

      at node_modules/react-test-renderer/cjs/react-test-renderer.development.js:14402:19
      at runWithFiberInDEV (node_modules/react-test-renderer/cjs/react-test-renderer.development.js:2315:13)
      at warnIfUpdatesNotWrappedWithActDEV (node_modules/react-test-renderer/cjs/react-test-renderer.development.js:14401:9)
      at scheduleUpdateOnFiber (node_modules/react-test-renderer/cjs/react-test-renderer.development.js:12086:9)
      at dispatchSetStateInternal (node_modules/react-test-renderer/cjs/react-test-renderer.development.js:6208:13)
      at dispatchSetState (node_modules/react-test-renderer/cjs/react-test-renderer.development.js:6165:7)
      at setPendingCount (src/capabilities/groceries/screens/GroceryListScreen.tsx:286:7)
      at asyncGeneratorStep (node_modules/@babel/runtime/helpers/asyncToGenerator.js:3:17)
      at _next (node_modules/@babel/runtime/helpers/asyncToGenerator.js:17:9)

    console.error
      An update to GroceryListScreen inside a test was not wrapped in act(...).

      When testing, code that causes React state updates should be wrapped into act(...):

      act(() => {
        /* fire events that update state */
      });
      /* assert on the output */

      This ensures that you're testing the behavior the user would see in the browser. Learn more at https://react.dev/link/wrap-tests-with-act

      285 |       setList(chooseList(reconciled.lists));
      286 |       setPendingCount(reconciled.pendingCount);
    > 287 |       setOffline(reconciled.interrupted);
          |       ^
      288 |       await groceryCache.write(userId, reconciled.lists);
      289 |     } catch {
      290 |       setOffline(Boolean(cachedList));

      at node_modules/react-test-renderer/cjs/react-test-renderer.development.js:14402:19
      at runWithFiberInDEV (node_modules/react-test-renderer/cjs/react-test-renderer.development.js:2315:13)
      at warnIfUpdatesNotWrappedWithActDEV (node_modules/react-test-renderer/cjs/react-test-renderer.development.js:14401:9)
      at scheduleUpdateOnFiber (node_modules/react-test-renderer/cjs/react-test-renderer.development.js:12086:9)
      at dispatchSetStateInternal (node_modules/react-test-renderer/cjs/react-test-renderer.development.js:6208:13)
      at dispatchSetState (node_modules/react-test-renderer/cjs/react-test-renderer.development.js:6165:7)
      at setOffline (src/capabilities/groceries/screens/GroceryListScreen.tsx:287:7)
      at asyncGeneratorStep (node_modules/@babel/runtime/helpers/asyncToGenerator.js:3:17)
      at _next (node_modules/@babel/runtime/helpers/asyncToGenerator.js:17:9)

    console.error
      An update to GroceryListScreen inside a test was not wrapped in act(...).

      When testing, code that causes React state updates should be wrapped into act(...):

      act(() => {
        /* fire events that update state */
      });
      /* assert on the output */

      This ensures that you're testing the behavior the user would see in the browser. Learn more at https://react.dev/link/wrap-tests-with-act

      588 |   const addEquipmentSuggestion = async (id: string, label: string) => {
      589 |     if (!list || equipmentActionId || busy || offline || list.status === 'stale') return;
    > 590 |     setEquipmentActionId(id);
          |     ^
      591 |     try {
      592 |       await createGroceryRepository().addItem(list.id, list.revision, label);
      593 |       await load();

      at node_modules/react-test-renderer/cjs/react-test-renderer.development.js:14402:19
      at runWithFiberInDEV (node_modules/react-test-renderer/cjs/react-test-renderer.development.js:2315:13)
      at warnIfUpdatesNotWrappedWithActDEV (node_modules/react-test-renderer/cjs/react-test-renderer.development.js:14401:9)
      at scheduleUpdateOnFiber (node_modules/react-test-renderer/cjs/react-test-renderer.development.js:12086:9)
      at dispatchSetStateInternal (node_modules/react-test-renderer/cjs/react-test-renderer.development.js:6208:13)
      at dispatchSetState (node_modules/react-test-renderer/cjs/react-test-renderer.development.js:6165:7)
      at setEquipmentActionId (src/capabilities/groceries/screens/GroceryListScreen.tsx:590:5)
      at asyncGeneratorStep (node_modules/@babel/runtime/helpers/asyncToGenerator.js:3:17)
      at _next (node_modules/@babel/runtime/helpers/asyncToGenerator.js:17:9)
      at node_modules/@babel/runtime/helpers/asyncToGenerator.js:22:7
      at node_modules/@babel/runtime/helpers/asyncToGenerator.js:14:12
      at apply (src/capabilities/groceries/screens/GroceryListScreen.tsx:588:31)
      at Object.addEquipmentSuggestion [as onPress] (src/capabilities/groceries/screens/GroceryListScreen.tsx:622:20)
      at Object.onPress (src/capabilities/groceries/screens/GroceryListScreen.test.tsx:606:63)
      at asyncGeneratorStep (node_modules/@babel/runtime/helpers/asyncToGenerator.js:3:17)
      at _next (node_modules/@babel/runtime/helpers/asyncToGenerator.js:17:9)

    console.error
      An update to GroceryListScreen inside a test was not wrapped in act(...).

      When testing, code that causes React state updates should be wrapped into act(...):

      act(() => {
        /* fire events that update state */
      });
      /* assert on the output */

      This ensures that you're testing the behavior the user would see in the browser. Learn more at https://react.dev/link/wrap-tests-with-act

      273 |     const cachedList = chooseList(cachedWithPending);
      274 |     if (cachedList) setList(cachedList);
    > 275 |     setPendingCount(pending.length);
          |     ^
      276 |     try {
      277 |       const repository = createGroceryRepository();
      278 |       const lists = await repository.list();

      at node_modules/react-test-renderer/cjs/react-test-renderer.development.js:14402:19
      at runWithFiberInDEV (node_modules/react-test-renderer/cjs/react-test-renderer.development.js:2315:13)
      at warnIfUpdatesNotWrappedWithActDEV (node_modules/react-test-renderer/cjs/react-test-renderer.development.js:14401:9)
      at scheduleUpdateOnFiber (node_modules/react-test-renderer/cjs/react-test-renderer.development.js:12086:9)
      at dispatchSetStateInternal (node_modules/react-test-renderer/cjs/react-test-renderer.development.js:6208:13)
      at dispatchSetState (node_modules/react-test-renderer/cjs/react-test-renderer.development.js:6165:7)
      at setPendingCount (src/capabilities/groceries/screens/GroceryListScreen.tsx:275:5)
      at asyncGeneratorStep (node_modules/@babel/runtime/helpers/asyncToGenerator.js:3:17)
      at _next (node_modules/@babel/runtime/helpers/asyncToGenerator.js:17:9)

    console.error
      An update to GroceryListScreen inside a test was not wrapped in act(...).

      When testing, code that causes React state updates should be wrapped into act(...):

      act(() => {
        /* fire events that update state */
      });
      /* assert on the output */

      This ensures that you're testing the behavior the user would see in the browser. Learn more at https://react.dev/link/wrap-tests-with-act

      283 |         setItemState: repository.setItemState,
      284 |       });
    > 285 |       setList(chooseList(reconciled.lists));
          |       ^
      286 |       setPendingCount(reconciled.pendingCount);
      287 |       setOffline(reconciled.interrupted);
      288 |       await groceryCache.write(userId, reconciled.lists);

      at node_modules/react-test-renderer/cjs/react-test-renderer.development.js:14402:19
      at runWithFiberInDEV (node_modules/react-test-renderer/cjs/react-test-renderer.development.js:2315:13)
      at warnIfUpdatesNotWrappedWithActDEV (node_modules/react-test-renderer/cjs/react-test-renderer.development.js:14401:9)
      at scheduleUpdateOnFiber (node_modules/react-test-renderer/cjs/react-test-renderer.development.js:12086:9)
      at dispatchSetStateInternal (node_modules/react-test-renderer/cjs/react-test-renderer.development.js:6208:13)
      at dispatchSetState (node_modules/react-test-renderer/cjs/react-test-renderer.development.js:6165:7)
      at setList (src/capabilities/groceries/screens/GroceryListScreen.tsx:285:7)
      at asyncGeneratorStep (node_modules/@babel/runtime/helpers/asyncToGenerator.js:3:17)
      at _next (node_modules/@babel/runtime/helpers/asyncToGenerator.js:17:9)

    console.error
      An update to GroceryListScreen inside a test was not wrapped in act(...).

      When testing, code that causes React state updates should be wrapped into act(...):

      act(() => {
        /* fire events that update state */
      });
      /* assert on the output */

      This ensures that you're testing the behavior the user would see in the browser. Learn more at https://react.dev/link/wrap-tests-with-act

      284 |       });
      285 |       setList(chooseList(reconciled.lists));
    > 286 |       setPendingCount(reconciled.pendingCount);
          |       ^
      287 |       setOffline(reconciled.interrupted);
      288 |       await groceryCache.write(userId, reconciled.lists);
      289 |     } catch {

      at node_modules/react-test-renderer/cjs/react-test-renderer.development.js:14402:19
      at runWithFiberInDEV (node_modules/react-test-renderer/cjs/react-test-renderer.development.js:2315:13)
      at warnIfUpdatesNotWrappedWithActDEV (node_modules/react-test-renderer/cjs/react-test-renderer.development.js:14401:9)
      at scheduleUpdateOnFiber (node_modules/react-test-renderer/cjs/react-test-renderer.development.js:12086:9)
      at dispatchSetStateInternal (node_modules/react-test-renderer/cjs/react-test-renderer.development.js:6208:13)
      at dispatchSetState (node_modules/react-test-renderer/cjs/react-test-renderer.development.js:6165:7)
      at setPendingCount (src/capabilities/groceries/screens/GroceryListScreen.tsx:286:7)
      at asyncGeneratorStep (node_modules/@babel/runtime/helpers/asyncToGenerator.js:3:17)
      at _next (node_modules/@babel/runtime/helpers/asyncToGenerator.js:17:9)

    console.error
      An update to GroceryListScreen inside a test was not wrapped in act(...).

      When testing, code that causes React state updates should be wrapped into act(...):

      act(() => {
        /* fire events that update state */
      });
      /* assert on the output */

      This ensures that you're testing the behavior the user would see in the browser. Learn more at https://react.dev/link/wrap-tests-with-act

      285 |       setList(chooseList(reconciled.lists));
      286 |       setPendingCount(reconciled.pendingCount);
    > 287 |       setOffline(reconciled.interrupted);
          |       ^
      288 |       await groceryCache.write(userId, reconciled.lists);
      289 |     } catch {
      290 |       setOffline(Boolean(cachedList));

      at node_modules/react-test-renderer/cjs/react-test-renderer.development.js:14402:19
      at runWithFiberInDEV (node_modules/react-test-renderer/cjs/react-test-renderer.development.js:2315:13)
      at warnIfUpdatesNotWrappedWithActDEV (node_modules/react-test-renderer/cjs/react-test-renderer.development.js:14401:9)
      at scheduleUpdateOnFiber (node_modules/react-test-renderer/cjs/react-test-renderer.development.js:12086:9)
      at dispatchSetStateInternal (node_modules/react-test-renderer/cjs/react-test-renderer.development.js:6208:13)
      at dispatchSetState (node_modules/react-test-renderer/cjs/react-test-renderer.development.js:6165:7)
      at setOffline (src/capabilities/groceries/screens/GroceryListScreen.tsx:287:7)
      at asyncGeneratorStep (node_modules/@babel/runtime/helpers/asyncToGenerator.js:3:17)
      at _next (node_modules/@babel/runtime/helpers/asyncToGenerator.js:17:9)

    console.error
      An update to GroceryListScreen inside a test was not wrapped in act(...).

      When testing, code that causes React state updates should be wrapped into act(...):

      act(() => {
        /* fire events that update state */
      });
      /* assert on the output */

      This ensures that you're testing the behavior the user would see in the browser. Learn more at https://react.dev/link/wrap-tests-with-act

      273 |     const cachedList = chooseList(cachedWithPending);
      274 |     if (cachedList) setList(cachedList);
    > 275 |     setPendingCount(pending.length);
          |     ^
      276 |     try {
      277 |       const repository = createGroceryRepository();
      278 |       const lists = await repository.list();

      at node_modules/react-test-renderer/cjs/react-test-renderer.development.js:14402:19
      at runWithFiberInDEV (node_modules/react-test-renderer/cjs/react-test-renderer.development.js:2315:13)
      at warnIfUpdatesNotWrappedWithActDEV (node_modules/react-test-renderer/cjs/react-test-renderer.development.js:14401:9)
      at scheduleUpdateOnFiber (node_modules/react-test-renderer/cjs/react-test-renderer.development.js:12086:9)
      at dispatchSetStateInternal (node_modules/react-test-renderer/cjs/react-test-renderer.development.js:6208:13)
      at dispatchSetState (node_modules/react-test-renderer/cjs/react-test-renderer.development.js:6165:7)
      at setPendingCount (src/capabilities/groceries/screens/GroceryListScreen.tsx:275:5)
      at asyncGeneratorStep (node_modules/@babel/runtime/helpers/asyncToGenerator.js:3:17)
      at _next (node_modules/@babel/runtime/helpers/asyncToGenerator.js:17:9)

    console.error
      An update to GroceryListScreen inside a test was not wrapped in act(...).

      When testing, code that causes React state updates should be wrapped into act(...):

      act(() => {
        /* fire events that update state */
      });
      /* assert on the output */

      This ensures that you're testing the behavior the user would see in the browser. Learn more at https://react.dev/link/wrap-tests-with-act

      283 |         setItemState: repository.setItemState,
      284 |       });
    > 285 |       setList(chooseList(reconciled.lists));
          |       ^
      286 |       setPendingCount(reconciled.pendingCount);
      287 |       setOffline(reconciled.interrupted);
      288 |       await groceryCache.write(userId, reconciled.lists);

      at node_modules/react-test-renderer/cjs/react-test-renderer.development.js:14402:19
      at runWithFiberInDEV (node_modules/react-test-renderer/cjs/react-test-renderer.development.js:2315:13)
      at warnIfUpdatesNotWrappedWithActDEV (node_modules/react-test-renderer/cjs/react-test-renderer.development.js:14401:9)
      at scheduleUpdateOnFiber (node_modules/react-test-renderer/cjs/react-test-renderer.development.js:12086:9)
      at dispatchSetStateInternal (node_modules/react-test-renderer/cjs/react-test-renderer.development.js:6208:13)
      at dispatchSetState (node_modules/react-test-renderer/cjs/react-test-renderer.development.js:6165:7)
      at setList (src/capabilities/groceries/screens/GroceryListScreen.tsx:285:7)
      at asyncGeneratorStep (node_modules/@babel/runtime/helpers/asyncToGenerator.js:3:17)
      at _next (node_modules/@babel/runtime/helpers/asyncToGenerator.js:17:9)

    console.error
      An update to GroceryListScreen inside a test was not wrapped in act(...).

      When testing, code that causes React state updates should be wrapped into act(...):

      act(() => {
        /* fire events that update state */
      });
      /* assert on the output */

      This ensures that you're testing the behavior the user would see in the browser. Learn more at https://react.dev/link/wrap-tests-with-act

      284 |       });
      285 |       setList(chooseList(reconciled.lists));
    > 286 |       setPendingCount(reconciled.pendingCount);
          |       ^
      287 |       setOffline(reconciled.interrupted);
      288 |       await groceryCache.write(userId, reconciled.lists);
      289 |     } catch {

      at node_modules/react-test-renderer/cjs/react-test-renderer.development.js:14402:19
      at runWithFiberInDEV (node_modules/react-test-renderer/cjs/react-test-renderer.development.js:2315:13)
      at warnIfUpdatesNotWrappedWithActDEV (node_modules/react-test-renderer/cjs/react-test-renderer.development.js:14401:9)
      at scheduleUpdateOnFiber (node_modules/react-test-renderer/cjs/react-test-renderer.development.js:12086:9)
      at dispatchSetStateInternal (node_modules/react-test-renderer/cjs/react-test-renderer.development.js:6208:13)
      at dispatchSetState (node_modules/react-test-renderer/cjs/react-test-renderer.development.js:6165:7)
      at setPendingCount (src/capabilities/groceries/screens/GroceryListScreen.tsx:286:7)
      at asyncGeneratorStep (node_modules/@babel/runtime/helpers/asyncToGenerator.js:3:17)
      at _next (node_modules/@babel/runtime/helpers/asyncToGenerator.js:17:9)

    console.error
      An update to GroceryListScreen inside a test was not wrapped in act(...).

      When testing, code that causes React state updates should be wrapped into act(...):

      act(() => {
        /* fire events that update state */
      });
      /* assert on the output */

      This ensures that you're testing the behavior the user would see in the browser. Learn more at https://react.dev/link/wrap-tests-with-act

      285 |       setList(chooseList(reconciled.lists));
      286 |       setPendingCount(reconciled.pendingCount);
    > 287 |       setOffline(reconciled.interrupted);
          |       ^
      288 |       await groceryCache.write(userId, reconciled.lists);
      289 |     } catch {
      290 |       setOffline(Boolean(cachedList));

      at node_modules/react-test-renderer/cjs/react-test-renderer.development.js:14402:19
      at runWithFiberInDEV (node_modules/react-test-renderer/cjs/react-test-renderer.development.js:2315:13)
      at warnIfUpdatesNotWrappedWithActDEV (node_modules/react-test-renderer/cjs/react-test-renderer.development.js:14401:9)
      at scheduleUpdateOnFiber (node_modules/react-test-renderer/cjs/react-test-renderer.development.js:12086:9)
      at dispatchSetStateInternal (node_modules/react-test-renderer/cjs/react-test-renderer.development.js:6208:13)
      at dispatchSetState (node_modules/react-test-renderer/cjs/react-test-renderer.development.js:6165:7)
      at setOffline (src/capabilities/groceries/screens/GroceryListScreen.tsx:287:7)
      at asyncGeneratorStep (node_modules/@babel/runtime/helpers/asyncToGenerator.js:3:17)
      at _next (node_modules/@babel/runtime/helpers/asyncToGenerator.js:17:9)

    console.error
      An update to GroceryListScreen inside a test was not wrapped in act(...).

      When testing, code that causes React state updates should be wrapped into act(...):

      act(() => {
        /* fire events that update state */
      });
      /* assert on the output */

      This ensures that you're testing the behavior the user would see in the browser. Learn more at https://react.dev/link/wrap-tests-with-act

      273 |     const cachedList = chooseList(cachedWithPending);
      274 |     if (cachedList) setList(cachedList);
    > 275 |     setPendingCount(pending.length);
          |     ^
      276 |     try {
      277 |       const repository = createGroceryRepository();
      278 |       const lists = await repository.list();

      at node_modules/react-test-renderer/cjs/react-test-renderer.development.js:14402:19
      at runWithFiberInDEV (node_modules/react-test-renderer/cjs/react-test-renderer.development.js:2315:13)
      at warnIfUpdatesNotWrappedWithActDEV (node_modules/react-test-renderer/cjs/react-test-renderer.development.js:14401:9)
      at scheduleUpdateOnFiber (node_modules/react-test-renderer/cjs/react-test-renderer.development.js:12086:9)
      at dispatchSetStateInternal (node_modules/react-test-renderer/cjs/react-test-renderer.development.js:6208:13)
      at dispatchSetState (node_modules/react-test-renderer/cjs/react-test-renderer.development.js:6165:7)
      at setPendingCount (src/capabilities/groceries/screens/GroceryListScreen.tsx:275:5)
      at asyncGeneratorStep (node_modules/@babel/runtime/helpers/asyncToGenerator.js:3:17)
      at _next (node_modules/@babel/runtime/helpers/asyncToGenerator.js:17:9)

    console.error
      An update to GroceryListScreen inside a test was not wrapped in act(...).

      When testing, code that causes React state updates should be wrapped into act(...):

      act(() => {
        /* fire events that update state */
      });
      /* assert on the output */

      This ensures that you're testing the behavior the user would see in the browser. Learn more at https://react.dev/link/wrap-tests-with-act

      283 |         setItemState: repository.setItemState,
      284 |       });
    > 285 |       setList(chooseList(reconciled.lists));
          |       ^
      286 |       setPendingCount(reconciled.pendingCount);
      287 |       setOffline(reconciled.interrupted);
      288 |       await groceryCache.write(userId, reconciled.lists);

      at node_modules/react-test-renderer/cjs/react-test-renderer.development.js:14402:19
      at runWithFiberInDEV (node_modules/react-test-renderer/cjs/react-test-renderer.development.js:2315:13)
      at warnIfUpdatesNotWrappedWithActDEV (node_modules/react-test-renderer/cjs/react-test-renderer.development.js:14401:9)
      at scheduleUpdateOnFiber (node_modules/react-test-renderer/cjs/react-test-renderer.development.js:12086:9)
      at dispatchSetStateInternal (node_modules/react-test-renderer/cjs/react-test-renderer.development.js:6208:13)
      at dispatchSetState (node_modules/react-test-renderer/cjs/react-test-renderer.development.js:6165:7)
      at setList (src/capabilities/groceries/screens/GroceryListScreen.tsx:285:7)
      at asyncGeneratorStep (node_modules/@babel/runtime/helpers/asyncToGenerator.js:3:17)
      at _next (node_modules/@babel/runtime/helpers/asyncToGenerator.js:17:9)

    console.error
      An update to GroceryListScreen inside a test was not wrapped in act(...).

      When testing, code that causes React state updates should be wrapped into act(...):

      act(() => {
        /* fire events that update state */
      });
      /* assert on the output */

      This ensures that you're testing the behavior the user would see in the browser. Learn more at https://react.dev/link/wrap-tests-with-act

      284 |       });
      285 |       setList(chooseList(reconciled.lists));
    > 286 |       setPendingCount(reconciled.pendingCount);
          |       ^
      287 |       setOffline(reconciled.interrupted);
      288 |       await groceryCache.write(userId, reconciled.lists);
      289 |     } catch {

      at node_modules/react-test-renderer/cjs/react-test-renderer.development.js:14402:19
      at runWithFiberInDEV (node_modules/react-test-renderer/cjs/react-test-renderer.development.js:2315:13)
      at warnIfUpdatesNotWrappedWithActDEV (node_modules/react-test-renderer/cjs/react-test-renderer.development.js:14401:9)
      at scheduleUpdateOnFiber (node_modules/react-test-renderer/cjs/react-test-renderer.development.js:12086:9)
      at dispatchSetStateInternal (node_modules/react-test-renderer/cjs/react-test-renderer.development.js:6208:13)
      at dispatchSetState (node_modules/react-test-renderer/cjs/react-test-renderer.development.js:6165:7)
      at setPendingCount (src/capabilities/groceries/screens/GroceryListScreen.tsx:286:7)
      at asyncGeneratorStep (node_modules/@babel/runtime/helpers/asyncToGenerator.js:3:17)
      at _next (node_modules/@babel/runtime/helpers/asyncToGenerator.js:17:9)

    console.error
      An update to GroceryListScreen inside a test was not wrapped in act(...).

      When testing, code that causes React state updates should be wrapped into act(...):

      act(() => {
        /* fire events that update state */
      });
      /* assert on the output */

      This ensures that you're testing the behavior the user would see in the browser. Learn more at https://react.dev/link/wrap-tests-with-act

      285 |       setList(chooseList(reconciled.lists));
      286 |       setPendingCount(reconciled.pendingCount);
    > 287 |       setOffline(reconciled.interrupted);
          |       ^
      288 |       await groceryCache.write(userId, reconciled.lists);
      289 |     } catch {
      290 |       setOffline(Boolean(cachedList));

      at node_modules/react-test-renderer/cjs/react-test-renderer.development.js:14402:19
      at runWithFiberInDEV (node_modules/react-test-renderer/cjs/react-test-renderer.development.js:2315:13)
      at warnIfUpdatesNotWrappedWithActDEV (node_modules/react-test-renderer/cjs/react-test-renderer.development.js:14401:9)
      at scheduleUpdateOnFiber (node_modules/react-test-renderer/cjs/react-test-renderer.development.js:12086:9)
      at dispatchSetStateInternal (node_modules/react-test-renderer/cjs/react-test-renderer.development.js:6208:13)
      at dispatchSetState (node_modules/react-test-renderer/cjs/react-test-renderer.development.js:6165:7)
      at setOffline (src/capabilities/groceries/screens/GroceryListScreen.tsx:287:7)
      at asyncGeneratorStep (node_modules/@babel/runtime/helpers/asyncToGenerator.js:3:17)
      at _next (node_modules/@babel/runtime/helpers/asyncToGenerator.js:17:9)

    console.error
      An update to GroceryListScreen inside a test was not wrapped in act(...).

      When testing, code that causes React state updates should be wrapped into act(...):

      act(() => {
        /* fire events that update state */
      });
      /* assert on the output */

      This ensures that you're testing the behavior the user would see in the browser. Learn more at https://react.dev/link/wrap-tests-with-act

      273 |     const cachedList = chooseList(cachedWithPending);
      274 |     if (cachedList) setList(cachedList);
    > 275 |     setPendingCount(pending.length);
          |     ^
      276 |     try {
      277 |       const repository = createGroceryRepository();
      278 |       const lists = await repository.list();

      at node_modules/react-test-renderer/cjs/react-test-renderer.development.js:14402:19
      at runWithFiberInDEV (node_modules/react-test-renderer/cjs/react-test-renderer.development.js:2315:13)
      at warnIfUpdatesNotWrappedWithActDEV (node_modules/react-test-renderer/cjs/react-test-renderer.development.js:14401:9)
      at scheduleUpdateOnFiber (node_modules/react-test-renderer/cjs/react-test-renderer.development.js:12086:9)
      at dispatchSetStateInternal (node_modules/react-test-renderer/cjs/react-test-renderer.development.js:6208:13)
      at dispatchSetState (node_modules/react-test-renderer/cjs/react-test-renderer.development.js:6165:7)
      at setPendingCount (src/capabilities/groceries/screens/GroceryListScreen.tsx:275:5)
      at asyncGeneratorStep (node_modules/@babel/runtime/helpers/asyncToGenerator.js:3:17)
      at _next (node_modules/@babel/runtime/helpers/asyncToGenerator.js:17:9)

    console.error
      An update to GroceryListScreen inside a test was not wrapped in act(...).

      When testing, code that causes React state updates should be wrapped into act(...):

      act(() => {
        /* fire events that update state */
      });
      /* assert on the output */

      This ensures that you're testing the behavior the user would see in the browser. Learn more at https://react.dev/link/wrap-tests-with-act

      283 |         setItemState: repository.setItemState,
      284 |       });
    > 285 |       setList(chooseList(reconciled.lists));
          |       ^
      286 |       setPendingCount(reconciled.pendingCount);
      287 |       setOffline(reconciled.interrupted);
      288 |       await groceryCache.write(userId, reconciled.lists);

      at node_modules/react-test-renderer/cjs/react-test-renderer.development.js:14402:19
      at runWithFiberInDEV (node_modules/react-test-renderer/cjs/react-test-renderer.development.js:2315:13)
      at warnIfUpdatesNotWrappedWithActDEV (node_modules/react-test-renderer/cjs/react-test-renderer.development.js:14401:9)
      at scheduleUpdateOnFiber (node_modules/react-test-renderer/cjs/react-test-renderer.development.js:12086:9)
      at dispatchSetStateInternal (node_modules/react-test-renderer/cjs/react-test-renderer.development.js:6208:13)
      at dispatchSetState (node_modules/react-test-renderer/cjs/react-test-renderer.development.js:6165:7)
      at setList (src/capabilities/groceries/screens/GroceryListScreen.tsx:285:7)
      at asyncGeneratorStep (node_modules/@babel/runtime/helpers/asyncToGenerator.js:3:17)
      at _next (node_modules/@babel/runtime/helpers/asyncToGenerator.js:17:9)

    console.error
      An update to GroceryListScreen inside a test was not wrapped in act(...).

      When testing, code that causes React state updates should be wrapped into act(...):

      act(() => {
        /* fire events that update state */
      });
      /* assert on the output */

      This ensures that you're testing the behavior the user would see in the browser. Learn more at https://react.dev/link/wrap-tests-with-act

      284 |       });
      285 |       setList(chooseList(reconciled.lists));
    > 286 |       setPendingCount(reconciled.pendingCount);
          |       ^
      287 |       setOffline(reconciled.interrupted);
      288 |       await groceryCache.write(userId, reconciled.lists);
      289 |     } catch {

      at node_modules/react-test-renderer/cjs/react-test-renderer.development.js:14402:19
      at runWithFiberInDEV (node_modules/react-test-renderer/cjs/react-test-renderer.development.js:2315:13)
      at warnIfUpdatesNotWrappedWithActDEV (node_modules/react-test-renderer/cjs/react-test-renderer.development.js:14401:9)
      at scheduleUpdateOnFiber (node_modules/react-test-renderer/cjs/react-test-renderer.development.js:12086:9)
      at dispatchSetStateInternal (node_modules/react-test-renderer/cjs/react-test-renderer.development.js:6208:13)
      at dispatchSetState (node_modules/react-test-renderer/cjs/react-test-renderer.development.js:6165:7)
      at setPendingCount (src/capabilities/groceries/screens/GroceryListScreen.tsx:286:7)
      at asyncGeneratorStep (node_modules/@babel/runtime/helpers/asyncToGenerator.js:3:17)
      at _next (node_modules/@babel/runtime/helpers/asyncToGenerator.js:17:9)

    console.error
      An update to GroceryListScreen inside a test was not wrapped in act(...).

      When testing, code that causes React state updates should be wrapped into act(...):

      act(() => {
        /* fire events that update state */
      });
      /* assert on the output */

      This ensures that you're testing the behavior the user would see in the browser. Learn more at https://react.dev/link/wrap-tests-with-act

      285 |       setList(chooseList(reconciled.lists));
      286 |       setPendingCount(reconciled.pendingCount);
    > 287 |       setOffline(reconciled.interrupted);
          |       ^
      288 |       await groceryCache.write(userId, reconciled.lists);
      289 |     } catch {
      290 |       setOffline(Boolean(cachedList));

      at node_modules/react-test-renderer/cjs/react-test-renderer.development.js:14402:19
      at runWithFiberInDEV (node_modules/react-test-renderer/cjs/react-test-renderer.development.js:2315:13)
      at warnIfUpdatesNotWrappedWithActDEV (node_modules/react-test-renderer/cjs/react-test-renderer.development.js:14401:9)
      at scheduleUpdateOnFiber (node_modules/react-test-renderer/cjs/react-test-renderer.development.js:12086:9)
      at dispatchSetStateInternal (node_modules/react-test-renderer/cjs/react-test-renderer.development.js:6208:13)
      at dispatchSetState (node_modules/react-test-renderer/cjs/react-test-renderer.development.js:6165:7)
      at setOffline (src/capabilities/groceries/screens/GroceryListScreen.tsx:287:7)
      at asyncGeneratorStep (node_modules/@babel/runtime/helpers/asyncToGenerator.js:3:17)
      at _next (node_modules/@babel/runtime/helpers/asyncToGenerator.js:17:9)

PASS src/features/onboarding/IdentityAspirationFlow.test.tsx
PASS src/features/account/ScreenTimeProtectionSettingsScreen.test.tsx
  ● Console

    console.error
      An update to Animated(View) inside a test was not wrapped in act(...).

      When testing, code that causes React state updates should be wrapped into act(...):

      act(() => {
        /* fire events that update state */
      });
      /* assert on the output */

      This ensures that you're testing the behavior the user would see in the browser. Learn more at https://react.dev/link/wrap-tests-with-act

      at node_modules/react-test-renderer/cjs/react-test-renderer.development.js:14402:19
      at runWithFiberInDEV (node_modules/react-test-renderer/cjs/react-test-renderer.development.js:2315:13)
      at warnIfUpdatesNotWrappedWithActDEV (node_modules/react-test-renderer/cjs/react-test-renderer.development.js:14401:9)
      at scheduleUpdateOnFiber (node_modules/react-test-renderer/cjs/react-test-renderer.development.js:12086:9)
      at dispatchReducerAction (node_modules/react-test-renderer/cjs/react-test-renderer.development.js:6155:13)
      at Object.scheduleUpdate [as current] (node_modules/react-native/src/private/animated/createAnimatedPropsHook.js:121:20)
      at AnimatedProps.current [as _callback] (node_modules/react-native/src/private/animated/createAnimatedPropsHook.js:64:56)
      at AnimatedProps._callback [as update] (node_modules/react-native/Libraries/Animated/nodes/AnimatedProps.js:231:10)
      at update (node_modules/react-native/Libraries/Animated/nodes/AnimatedValue.js:64:31)
          at Set.forEach (<anonymous>)
      at forEach (node_modules/react-native/Libraries/Animated/nodes/AnimatedValue.js:64:10)
      at AnimatedValue.flushValue [as _updateValue] (node_modules/react-native/Libraries/Animated/nodes/AnimatedValue.js:358:7)
      at TimingAnimation._updateValue [as _onUpdate] (node_modules/react-native/Libraries/Animated/nodes/AnimatedValue.js:322:14)
      at TimingAnimation._onUpdate [as onUpdate] (node_modules/react-native/Libraries/Animated/animations/TimingAnimation.js:157:10)
      at Timeout.callback [as _onTimeout] (node_modules/react-native-worklets/src/runLoop/uiRuntime/mockedRequestAnimationFrame.ts:10:27)

    console.error
      An update to Animated(View) inside a test was not wrapped in act(...).

      When testing, code that causes React state updates should be wrapped into act(...):

      act(() => {
        /* fire events that update state */
      });
      /* assert on the output */

      This ensures that you're testing the behavior the user would see in the browser. Learn more at https://react.dev/link/wrap-tests-with-act

      at node_modules/react-test-renderer/cjs/react-test-renderer.development.js:14402:19
      at runWithFiberInDEV (node_modules/react-test-renderer/cjs/react-test-renderer.development.js:2315:13)
      at warnIfUpdatesNotWrappedWithActDEV (node_modules/react-test-renderer/cjs/react-test-renderer.development.js:14401:9)
      at scheduleUpdateOnFiber (node_modules/react-test-renderer/cjs/react-test-renderer.development.js:12086:9)
      at dispatchReducerAction (node_modules/react-test-renderer/cjs/react-test-renderer.development.js:6155:13)
      at Object.scheduleUpdate [as current] (node_modules/react-native/src/private/animated/createAnimatedPropsHook.js:121:20)
      at AnimatedProps.current [as _callback] (node_modules/react-native/src/private/animated/createAnimatedPropsHook.js:64:56)
      at AnimatedProps._callback [as update] (node_modules/react-native/Libraries/Animated/nodes/AnimatedProps.js:231:10)
      at update (node_modules/react-native/Libraries/Animated/nodes/AnimatedValue.js:64:31)
          at Set.forEach (<anonymous>)
      at forEach (node_modules/react-native/Libraries/Animated/nodes/AnimatedValue.js:64:10)
      at AnimatedValue.flushValue [as _updateValue] (node_modules/react-native/Libraries/Animated/nodes/AnimatedValue.js:358:7)
      at TimingAnimation._updateValue [as _onUpdate] (node_modules/react-native/Libraries/Animated/nodes/AnimatedValue.js:322:14)
      at TimingAnimation._onUpdate [as onUpdate] (node_modules/react-native/Libraries/Animated/animations/TimingAnimation.js:157:10)
      at Timeout.callback [as _onTimeout] (node_modules/react-native-worklets/src/runLoop/uiRuntime/mockedRequestAnimationFrame.ts:10:27)

    console.error
      An update to Animated(View) inside a test was not wrapped in act(...).

      When testing, code that causes React state updates should be wrapped into act(...):

      act(() => {
        /* fire events that update state */
      });
      /* assert on the output */

      This ensures that you're testing the behavior the user would see in the browser. Learn more at https://react.dev/link/wrap-tests-with-act

      at node_modules/react-test-renderer/cjs/react-test-renderer.development.js:14402:19
      at runWithFiberInDEV (node_modules/react-test-renderer/cjs/react-test-renderer.development.js:2315:13)
      at warnIfUpdatesNotWrappedWithActDEV (node_modules/react-test-renderer/cjs/react-test-renderer.development.js:14401:9)
      at scheduleUpdateOnFiber (node_modules/react-test-renderer/cjs/react-test-renderer.development.js:12086:9)
      at dispatchReducerAction (node_modules/react-test-renderer/cjs/react-test-renderer.development.js:6155:13)
      at Object.scheduleUpdate [as current] (node_modules/react-native/src/private/animated/createAnimatedPropsHook.js:121:20)
      at AnimatedProps.current [as _callback] (node_modules/react-native/src/private/animated/createAnimatedPropsHook.js:64:56)
      at AnimatedProps._callback [as update] (node_modules/react-native/Libraries/Animated/nodes/AnimatedProps.js:231:10)
      at update (node_modules/react-native/Libraries/Animated/nodes/AnimatedValue.js:64:31)
          at Set.forEach (<anonymous>)
      at forEach (node_modules/react-native/Libraries/Animated/nodes/AnimatedValue.js:64:10)
      at AnimatedValue.flushValue [as _updateValue] (node_modules/react-native/Libraries/Animated/nodes/AnimatedValue.js:358:7)
      at TimingAnimation._updateValue [as _onUpdate] (node_modules/react-native/Libraries/Animated/nodes/AnimatedValue.js:322:14)
      at TimingAnimation._onUpdate [as onUpdate] (node_modules/react-native/Libraries/Animated/animations/TimingAnimation.js:157:10)
      at Timeout.callback [as _onTimeout] (node_modules/react-native-worklets/src/runLoop/uiRuntime/mockedRequestAnimationFrame.ts:10:27)

    console.error
      An update to Animated(View) inside a test was not wrapped in act(...).

      When testing, code that causes React state updates should be wrapped into act(...):

      act(() => {
        /* fire events that update state */
      });
      /* assert on the output */

      This ensures that you're testing the behavior the user would see in the browser. Learn more at https://react.dev/link/wrap-tests-with-act

      at node_modules/react-test-renderer/cjs/react-test-renderer.development.js:14402:19
      at runWithFiberInDEV (node_modules/react-test-renderer/cjs/react-test-renderer.development.js:2315:13)
      at warnIfUpdatesNotWrappedWithActDEV (node_modules/react-test-renderer/cjs/react-test-renderer.development.js:14401:9)
      at scheduleUpdateOnFiber (node_modules/react-test-renderer/cjs/react-test-renderer.development.js:12086:9)
      at dispatchReducerAction (node_modules/react-test-renderer/cjs/react-test-renderer.development.js:6155:13)
      at Object.scheduleUpdate [as current] (node_modules/react-native/src/private/animated/createAnimatedPropsHook.js:121:20)
      at AnimatedProps.current [as _callback] (node_modules/react-native/src/private/animated/createAnimatedPropsHook.js:64:56)
      at AnimatedProps._callback [as update] (node_modules/react-native/Libraries/Animated/nodes/AnimatedProps.js:231:10)
      at update (node_modules/react-native/Libraries/Animated/nodes/AnimatedValue.js:64:31)
          at Set.forEach (<anonymous>)
      at forEach (node_modules/react-native/Libraries/Animated/nodes/AnimatedValue.js:64:10)
      at AnimatedValue.flushValue [as _updateValue] (node_modules/react-native/Libraries/Animated/nodes/AnimatedValue.js:358:7)
      at TimingAnimation._updateValue [as _onUpdate] (node_modules/react-native/Libraries/Animated/nodes/AnimatedValue.js:322:14)
      at TimingAnimation._onUpdate [as onUpdate] (node_modules/react-native/Libraries/Animated/animations/TimingAnimation.js:157:10)
      at Timeout.callback [as _onTimeout] (node_modules/react-native-worklets/src/runLoop/uiRuntime/mockedRequestAnimationFrame.ts:10:27)

    console.error
      An update to Animated(View) inside a test was not wrapped in act(...).

      When testing, code that causes React state updates should be wrapped into act(...):

      act(() => {
        /* fire events that update state */
      });
      /* assert on the output */

      This ensures that you're testing the behavior the user would see in the browser. Learn more at https://react.dev/link/wrap-tests-with-act

      at node_modules/react-test-renderer/cjs/react-test-renderer.development.js:14402:19
      at runWithFiberInDEV (node_modules/react-test-renderer/cjs/react-test-renderer.development.js:2315:13)
      at warnIfUpdatesNotWrappedWithActDEV (node_modules/react-test-renderer/cjs/react-test-renderer.development.js:14401:9)
      at scheduleUpdateOnFiber (node_modules/react-test-renderer/cjs/react-test-renderer.development.js:12086:9)
      at dispatchReducerAction (node_modules/react-test-renderer/cjs/react-test-renderer.development.js:6155:13)
      at Object.scheduleUpdate [as current] (node_modules/react-native/src/private/animated/createAnimatedPropsHook.js:121:20)
      at AnimatedProps.current [as _callback] (node_modules/react-native/src/private/animated/createAnimatedPropsHook.js:64:56)
      at AnimatedProps._callback [as update] (node_modules/react-native/Libraries/Animated/nodes/AnimatedProps.js:231:10)
      at update (node_modules/react-native/Libraries/Animated/nodes/AnimatedValue.js:64:31)
          at Set.forEach (<anonymous>)
      at forEach (node_modules/react-native/Libraries/Animated/nodes/AnimatedValue.js:64:10)
      at AnimatedValue.flushValue [as _updateValue] (node_modules/react-native/Libraries/Animated/nodes/AnimatedValue.js:358:7)
      at TimingAnimation._updateValue [as _onUpdate] (node_modules/react-native/Libraries/Animated/nodes/AnimatedValue.js:322:14)
      at TimingAnimation._onUpdate [as onUpdate] (node_modules/react-native/Libraries/Animated/animations/TimingAnimation.js:157:10)
      at Timeout.callback [as _onTimeout] (node_modules/react-native-worklets/src/runLoop/uiRuntime/mockedRequestAnimationFrame.ts:10:27)

    console.error
      An update to Animated(View) inside a test was not wrapped in act(...).

      When testing, code that causes React state updates should be wrapped into act(...):

      act(() => {
        /* fire events that update state */
      });
      /* assert on the output */

      This ensures that you're testing the behavior the user would see in the browser. Learn more at https://react.dev/link/wrap-tests-with-act

      at node_modules/react-test-renderer/cjs/react-test-renderer.development.js:14402:19
      at runWithFiberInDEV (node_modules/react-test-renderer/cjs/react-test-renderer.development.js:2315:13)
      at warnIfUpdatesNotWrappedWithActDEV (node_modules/react-test-renderer/cjs/react-test-renderer.development.js:14401:9)
      at scheduleUpdateOnFiber (node_modules/react-test-renderer/cjs/react-test-renderer.development.js:12086:9)
      at dispatchReducerAction (node_modules/react-test-renderer/cjs/react-test-renderer.development.js:6155:13)
      at Object.scheduleUpdate [as current] (node_modules/react-native/src/private/animated/createAnimatedPropsHook.js:121:20)
      at AnimatedProps.current [as _callback] (node_modules/react-native/src/private/animated/createAnimatedPropsHook.js:64:56)
      at AnimatedProps._callback [as update] (node_modules/react-native/Libraries/Animated/nodes/AnimatedProps.js:231:10)
      at update (node_modules/react-native/Libraries/Animated/nodes/AnimatedValue.js:64:31)
          at Set.forEach (<anonymous>)
      at forEach (node_modules/react-native/Libraries/Animated/nodes/AnimatedValue.js:64:10)
      at AnimatedValue.flushValue [as _updateValue] (node_modules/react-native/Libraries/Animated/nodes/AnimatedValue.js:358:7)
      at TimingAnimation._updateValue [as _onUpdate] (node_modules/react-native/Libraries/Animated/nodes/AnimatedValue.js:322:14)
      at TimingAnimation._onUpdate [as onUpdate] (node_modules/react-native/Libraries/Animated/animations/TimingAnimation.js:157:10)
      at Timeout.callback [as _onTimeout] (node_modules/react-native-worklets/src/runLoop/uiRuntime/mockedRequestAnimationFrame.ts:10:27)

    console.error
      An update to Animated(View) inside a test was not wrapped in act(...).

      When testing, code that causes React state updates should be wrapped into act(...):

      act(() => {
        /* fire events that update state */
      });
      /* assert on the output */

      This ensures that you're testing the behavior the user would see in the browser. Learn more at https://react.dev/link/wrap-tests-with-act

      at node_modules/react-test-renderer/cjs/react-test-renderer.development.js:14402:19
      at runWithFiberInDEV (node_modules/react-test-renderer/cjs/react-test-renderer.development.js:2315:13)
      at warnIfUpdatesNotWrappedWithActDEV (node_modules/react-test-renderer/cjs/react-test-renderer.development.js:14401:9)
      at scheduleUpdateOnFiber (node_modules/react-test-renderer/cjs/react-test-renderer.development.js:12086:9)
      at dispatchReducerAction (node_modules/react-test-renderer/cjs/react-test-renderer.development.js:6155:13)
      at Object.scheduleUpdate [as current] (node_modules/react-native/src/private/animated/createAnimatedPropsHook.js:121:20)
      at AnimatedProps.current [as _callback] (node_modules/react-native/src/private/animated/createAnimatedPropsHook.js:64:56)
      at AnimatedProps._callback [as update] (node_modules/react-native/Libraries/Animated/nodes/AnimatedProps.js:231:10)
      at update (node_modules/react-native/Libraries/Animated/nodes/AnimatedValue.js:64:31)
          at Set.forEach (<anonymous>)
      at forEach (node_modules/react-native/Libraries/Animated/nodes/AnimatedValue.js:64:10)
      at AnimatedValue.flushValue [as _updateValue] (node_modules/react-native/Libraries/Animated/nodes/AnimatedValue.js:358:7)
      at TimingAnimation._updateValue [as _onUpdate] (node_modules/react-native/Libraries/Animated/nodes/AnimatedValue.js:322:14)
      at TimingAnimation._onUpdate [as onUpdate] (node_modules/react-native/Libraries/Animated/animations/TimingAnimation.js:157:10)
      at Timeout.callback [as _onTimeout] (node_modules/react-native-worklets/src/runLoop/uiRuntime/mockedRequestAnimationFrame.ts:10:27)

    console.error
      An update to Animated(View) inside a test was not wrapped in act(...).

      When testing, code that causes React state updates should be wrapped into act(...):

      act(() => {
        /* fire events that update state */
      });
      /* assert on the output */

      This ensures that you're testing the behavior the user would see in the browser. Learn more at https://react.dev/link/wrap-tests-with-act

      at node_modules/react-test-renderer/cjs/react-test-renderer.development.js:14402:19
      at runWithFiberInDEV (node_modules/react-test-renderer/cjs/react-test-renderer.development.js:2315:13)
      at warnIfUpdatesNotWrappedWithActDEV (node_modules/react-test-renderer/cjs/react-test-renderer.development.js:14401:9)
      at scheduleUpdateOnFiber (node_modules/react-test-renderer/cjs/react-test-renderer.development.js:12086:9)
      at dispatchReducerAction (node_modules/react-test-renderer/cjs/react-test-renderer.development.js:6155:13)
      at Object.scheduleUpdate [as current] (node_modules/react-native/src/private/animated/createAnimatedPropsHook.js:121:20)
      at AnimatedProps.current [as _callback] (node_modules/react-native/src/private/animated/createAnimatedPropsHook.js:64:56)
      at AnimatedProps._callback [as update] (node_modules/react-native/Libraries/Animated/nodes/AnimatedProps.js:231:10)
      at update (node_modules/react-native/Libraries/Animated/nodes/AnimatedValue.js:64:31)
          at Set.forEach (<anonymous>)
      at forEach (node_modules/react-native/Libraries/Animated/nodes/AnimatedValue.js:64:10)
      at AnimatedValue.flushValue [as _updateValue] (node_modules/react-native/Libraries/Animated/nodes/AnimatedValue.js:358:7)
      at TimingAnimation._updateValue [as _onUpdate] (node_modules/react-native/Libraries/Animated/nodes/AnimatedValue.js:322:14)
      at TimingAnimation._onUpdate [as onUpdate] (node_modules/react-native/Libraries/Animated/animations/TimingAnimation.js:157:10)
      at Timeout.callback [as _onTimeout] (node_modules/react-native-worklets/src/runLoop/uiRuntime/mockedRequestAnimationFrame.ts:10:27)

    console.error
      An update to ScreenTimeProtectionSettingsScreen inside a test was not wrapped in act(...).

      When testing, code that causes React state updates should be wrapped into act(...):

      act(() => {
        /* fire events that update state */
      });
      /* assert on the output */

      This ensures that you're testing the behavior the user would see in the browser. Learn more at https://react.dev/link/wrap-tests-with-act

      2759 |         }),
      2760 |       setScreenTimeProtection: (updater) =>
    > 2761 |         set((state) => {
           |         ^
      2762 |           const current = normalizeScreenTimeProtectionSettings(state.screenTimeProtection);
      2763 |           const next =
      2764 |             typeof updater === 'function'

      at node_modules/react-test-renderer/cjs/react-test-renderer.development.js:14402:19
      at runWithFiberInDEV (node_modules/react-test-renderer/cjs/react-test-renderer.development.js:2315:13)
      at warnIfUpdatesNotWrappedWithActDEV (node_modules/react-test-renderer/cjs/react-test-renderer.development.js:14401:9)
      at scheduleUpdateOnFiber (node_modules/react-test-renderer/cjs/react-test-renderer.development.js:12086:9)
      at forceStoreRerender (node_modules/react-test-renderer/cjs/react-test-renderer.development.js:5432:24)
      at node_modules/react-test-renderer/cjs/react-test-renderer.development.js:5417:11
      at node_modules/zustand/vanilla.js:11:39
          at Set.forEach (<anonymous>)
      at setState (node_modules/zustand/vanilla.js:11:17)
      at node_modules/zustand/middleware.js:374:7
      at set (src/store/useAppStore.ts:2761:9)
      at setSettings (src/features/account/ScreenTimeProtectionSettingsScreen.tsx:217:7)

    console.error
      An update to ScreenTimeProtectionSettingsScreen inside a test was not wrapped in act(...).

      When testing, code that causes React state updates should be wrapped into act(...):

      act(() => {
        /* fire events that update state */
      });
      /* assert on the output */

      This ensures that you're testing the behavior the user would see in the browser. Learn more at https://react.dev/link/wrap-tests-with-act

      255 |         .then((snapshot) => {
      256 |           if (cancelled) return;
    > 257 |           setHouseholdSnapshot(snapshot);
          |           ^
      258 |           setHouseholdLoadState('loaded');
      259 |         })
      260 |         .catch(() => {

      at node_modules/react-test-renderer/cjs/react-test-renderer.development.js:14402:19
      at runWithFiberInDEV (node_modules/react-test-renderer/cjs/react-test-renderer.development.js:2315:13)
      at warnIfUpdatesNotWrappedWithActDEV (node_modules/react-test-renderer/cjs/react-test-renderer.development.js:14401:9)
      at scheduleUpdateOnFiber (node_modules/react-test-renderer/cjs/react-test-renderer.development.js:12086:9)
      at dispatchSetStateInternal (node_modules/react-test-renderer/cjs/react-test-renderer.development.js:6208:13)
      at dispatchSetState (node_modules/react-test-renderer/cjs/react-test-renderer.development.js:6165:7)
      at setHouseholdSnapshot (src/features/account/ScreenTimeProtectionSettingsScreen.tsx:257:11)

    console.error
      An update to ScreenTimeProtectionSettingsScreen inside a test was not wrapped in act(...).

      When testing, code that causes React state updates should be wrapped into act(...):

      act(() => {
        /* fire events that update state */
      });
      /* assert on the output */

      This ensures that you're testing the behavior the user would see in the browser. Learn more at https://react.dev/link/wrap-tests-with-act

      256 |           if (cancelled) return;
      257 |           setHouseholdSnapshot(snapshot);
    > 258 |           setHouseholdLoadState('loaded');
          |           ^
      259 |         })
      260 |         .catch(() => {
      261 |           if (cancelled) return;

      at node_modules/react-test-renderer/cjs/react-test-renderer.development.js:14402:19
      at runWithFiberInDEV (node_modules/react-test-renderer/cjs/react-test-renderer.development.js:2315:13)
      at warnIfUpdatesNotWrappedWithActDEV (node_modules/react-test-renderer/cjs/react-test-renderer.development.js:14401:9)
      at scheduleUpdateOnFiber (node_modules/react-test-renderer/cjs/react-test-renderer.development.js:12086:9)
      at dispatchSetStateInternal (node_modules/react-test-renderer/cjs/react-test-renderer.development.js:6208:13)
      at dispatchSetState (node_modules/react-test-renderer/cjs/react-test-renderer.development.js:6165:7)
      at setHouseholdLoadState (src/features/account/ScreenTimeProtectionSettingsScreen.tsx:258:11)

    console.error
      An update to ScreenTimeProtectionSettingsScreen inside a test was not wrapped in act(...).

      When testing, code that causes React state updates should be wrapped into act(...):

      act(() => {
        /* fire events that update state */
      });
      /* assert on the output */

      This ensures that you're testing the behavior the user would see in the browser. Learn more at https://react.dev/link/wrap-tests-with-act

      226 |       }));
      227 |       reconcileAfterSettingsChange();
    > 228 |     }).finally(() => setAuthorizationChecked(true));
          |                      ^
      229 |   }, [reconcileAfterSettingsChange, setSettings]);
      230 |
      231 |   useEffect(() => {

      at node_modules/react-test-renderer/cjs/react-test-renderer.development.js:14402:19
      at runWithFiberInDEV (node_modules/react-test-renderer/cjs/react-test-renderer.development.js:2315:13)
      at warnIfUpdatesNotWrappedWithActDEV (node_modules/react-test-renderer/cjs/react-test-renderer.development.js:14401:9)
      at scheduleUpdateOnFiber (node_modules/react-test-renderer/cjs/react-test-renderer.development.js:12086:9)
      at dispatchSetStateInternal (node_modules/react-test-renderer/cjs/react-test-renderer.development.js:6208:13)
      at dispatchSetState (node_modules/react-test-renderer/cjs/react-test-renderer.development.js:6165:7)
      at setAuthorizationChecked (src/features/account/ScreenTimeProtectionSettingsScreen.tsx:228:22)

    console.error
      An update to Animated(View) inside a test was not wrapped in act(...).

      When testing, code that causes React state updates should be wrapped into act(...):

      act(() => {
        /* fire events that update state */
      });
      /* assert on the output */

      This ensures that you're testing the behavior the user would see in the browser. Learn more at https://react.dev/link/wrap-tests-with-act

      at node_modules/react-test-renderer/cjs/react-test-renderer.development.js:14402:19
      at runWithFiberInDEV (node_modules/react-test-renderer/cjs/react-test-renderer.development.js:2315:13)
      at warnIfUpdatesNotWrappedWithActDEV (node_modules/react-test-renderer/cjs/react-test-renderer.development.js:14401:9)
      at scheduleUpdateOnFiber (node_modules/react-test-renderer/cjs/react-test-renderer.development.js:12086:9)
      at dispatchReducerAction (node_modules/react-test-renderer/cjs/react-test-renderer.development.js:6155:13)
      at Object.scheduleUpdate [as current] (node_modules/react-native/src/private/animated/createAnimatedPropsHook.js:121:20)
      at AnimatedProps.current [as _callback] (node_modules/react-native/src/private/animated/createAnimatedPropsHook.js:64:56)
      at AnimatedProps._callback [as update] (node_modules/react-native/Libraries/Animated/nodes/AnimatedProps.js:231:10)
      at update (node_modules/react-native/Libraries/Animated/nodes/AnimatedValue.js:64:31)
          at Set.forEach (<anonymous>)
      at forEach (node_modules/react-native/Libraries/Animated/nodes/AnimatedValue.js:64:10)
      at AnimatedValue.flushValue [as _updateValue] (node_modules/react-native/Libraries/Animated/nodes/AnimatedValue.js:358:7)
      at TimingAnimation._updateValue [as _onUpdate] (node_modules/react-native/Libraries/Animated/nodes/AnimatedValue.js:322:14)
      at TimingAnimation._onUpdate [as onUpdate] (node_modules/react-native/Libraries/Animated/animations/TimingAnimation.js:157:10)
      at onUpdate (node_modules/react-native/Libraries/Animated/animations/TimingAnimation.js:132:67)
      at Timeout.callback [as _onTimeout] (node_modules/react-native-worklets/src/runLoop/uiRuntime/mockedRequestAnimationFrame.ts:10:27)

    console.error
      An update to Animated(View) inside a test was not wrapped in act(...).

      When testing, code that causes React state updates should be wrapped into act(...):

      act(() => {
        /* fire events that update state */
      });
      /* assert on the output */

      This ensures that you're testing the behavior the user would see in the browser. Learn more at https://react.dev/link/wrap-tests-with-act

      at node_modules/react-test-renderer/cjs/react-test-renderer.development.js:14402:19
      at runWithFiberInDEV (node_modules/react-test-renderer/cjs/react-test-renderer.development.js:2315:13)
      at warnIfUpdatesNotWrappedWithActDEV (node_modules/react-test-renderer/cjs/react-test-renderer.development.js:14401:9)
      at scheduleUpdateOnFiber (node_modules/react-test-renderer/cjs/react-test-renderer.development.js:12086:9)
      at dispatchReducerAction (node_modules/react-test-renderer/cjs/react-test-renderer.development.js:6155:13)
      at Object.scheduleUpdate [as current] (node_modules/react-native/src/private/animated/createAnimatedPropsHook.js:121:20)
      at AnimatedProps.current [as _callback] (node_modules/react-native/src/private/animated/createAnimatedPropsHook.js:64:56)
      at AnimatedProps._callback [as update] (node_modules/react-native/Libraries/Animated/nodes/AnimatedProps.js:231:10)
      at update (node_modules/react-native/Libraries/Animated/nodes/AnimatedValue.js:64:31)
          at Set.forEach (<anonymous>)
      at forEach (node_modules/react-native/Libraries/Animated/nodes/AnimatedValue.js:64:10)
      at AnimatedValue.flushValue [as _updateValue] (node_modules/react-native/Libraries/Animated/nodes/AnimatedValue.js:358:7)
      at TimingAnimation._updateValue [as _onUpdate] (node_modules/react-native/Libraries/Animated/nodes/AnimatedValue.js:322:14)
      at TimingAnimation._onUpdate [as onUpdate] (node_modules/react-native/Libraries/Animated/animations/TimingAnimation.js:157:10)
      at onUpdate (node_modules/react-native/Libraries/Animated/animations/TimingAnimation.js:132:67)
      at Timeout.callback [as _onTimeout] (node_modules/react-native-worklets/src/runLoop/uiRuntime/mockedRequestAnimationFrame.ts:10:27)

    console.error
      An update to ScreenTimeProtectionSettingsScreen inside a test was not wrapped in act(...).

      When testing, code that causes React state updates should be wrapped into act(...):

      act(() => {
        /* fire events that update state */
      });
      /* assert on the output */

      This ensures that you're testing the behavior the user would see in the browser. Learn more at https://react.dev/link/wrap-tests-with-act

      2759 |         }),
      2760 |       setScreenTimeProtection: (updater) =>
    > 2761 |         set((state) => {
           |         ^
      2762 |           const current = normalizeScreenTimeProtectionSettings(state.screenTimeProtection);
      2763 |           const next =
      2764 |             typeof updater === 'function'

      at node_modules/react-test-renderer/cjs/react-test-renderer.development.js:14402:19
      at runWithFiberInDEV (node_modules/react-test-renderer/cjs/react-test-renderer.development.js:2315:13)
      at warnIfUpdatesNotWrappedWithActDEV (node_modules/react-test-renderer/cjs/react-test-renderer.development.js:14401:9)
      at scheduleUpdateOnFiber (node_modules/react-test-renderer/cjs/react-test-renderer.development.js:12086:9)
      at forceStoreRerender (node_modules/react-test-renderer/cjs/react-test-renderer.development.js:5432:24)
      at node_modules/react-test-renderer/cjs/react-test-renderer.development.js:5417:11
      at node_modules/zustand/vanilla.js:11:39
          at Set.forEach (<anonymous>)
      at setState (node_modules/zustand/vanilla.js:11:17)
      at node_modules/zustand/middleware.js:374:7
      at set (src/store/useAppStore.ts:2761:9)
      at setSettings (src/features/account/ScreenTimeProtectionSettingsScreen.tsx:217:7)

    console.error
      An update to ScreenTimeProtectionSettingsScreen inside a test was not wrapped in act(...).

      When testing, code that causes React state updates should be wrapped into act(...):

      act(() => {
        /* fire events that update state */
      });
      /* assert on the output */

      This ensures that you're testing the behavior the user would see in the browser. Learn more at https://react.dev/link/wrap-tests-with-act

      255 |         .then((snapshot) => {
      256 |           if (cancelled) return;
    > 257 |           setHouseholdSnapshot(snapshot);
          |           ^
      258 |           setHouseholdLoadState('loaded');
      259 |         })
      260 |         .catch(() => {

      at node_modules/react-test-renderer/cjs/react-test-renderer.development.js:14402:19
      at runWithFiberInDEV (node_modules/react-test-renderer/cjs/react-test-renderer.development.js:2315:13)
      at warnIfUpdatesNotWrappedWithActDEV (node_modules/react-test-renderer/cjs/react-test-renderer.development.js:14401:9)
      at scheduleUpdateOnFiber (node_modules/react-test-renderer/cjs/react-test-renderer.development.js:12086:9)
      at dispatchSetStateInternal (node_modules/react-test-renderer/cjs/react-test-renderer.development.js:6208:13)
      at dispatchSetState (node_modules/react-test-renderer/cjs/react-test-renderer.development.js:6165:7)
      at setHouseholdSnapshot (src/features/account/ScreenTimeProtectionSettingsScreen.tsx:257:11)

    console.error
      An update to ScreenTimeProtectionSettingsScreen inside a test was not wrapped in act(...).

      When testing, code that causes React state updates should be wrapped into act(...):

      act(() => {
        /* fire events that update state */
      });
      /* assert on the output */

      This ensures that you're testing the behavior the user would see in the browser. Learn more at https://react.dev/link/wrap-tests-with-act

      256 |           if (cancelled) return;
      257 |           setHouseholdSnapshot(snapshot);
    > 258 |           setHouseholdLoadState('loaded');
          |           ^
      259 |         })
      260 |         .catch(() => {
      261 |           if (cancelled) return;

      at node_modules/react-test-renderer/cjs/react-test-renderer.development.js:14402:19
      at runWithFiberInDEV (node_modules/react-test-renderer/cjs/react-test-renderer.development.js:2315:13)
      at warnIfUpdatesNotWrappedWithActDEV (node_modules/react-test-renderer/cjs/react-test-renderer.development.js:14401:9)
      at scheduleUpdateOnFiber (node_modules/react-test-renderer/cjs/react-test-renderer.development.js:12086:9)
      at dispatchSetStateInternal (node_modules/react-test-renderer/cjs/react-test-renderer.development.js:6208:13)
      at dispatchSetState (node_modules/react-test-renderer/cjs/react-test-renderer.development.js:6165:7)
      at setHouseholdLoadState (src/features/account/ScreenTimeProtectionSettingsScreen.tsx:258:11)

    console.error
      An update to ScreenTimeProtectionSettingsScreen inside a test was not wrapped in act(...).

      When testing, code that causes React state updates should be wrapped into act(...):

      act(() => {
        /* fire events that update state */
      });
      /* assert on the output */

      This ensures that you're testing the behavior the user would see in the browser. Learn more at https://react.dev/link/wrap-tests-with-act

      226 |       }));
      227 |       reconcileAfterSettingsChange();
    > 228 |     }).finally(() => setAuthorizationChecked(true));
          |                      ^
      229 |   }, [reconcileAfterSettingsChange, setSettings]);
      230 |
      231 |   useEffect(() => {

      at node_modules/react-test-renderer/cjs/react-test-renderer.development.js:14402:19
      at runWithFiberInDEV (node_modules/react-test-renderer/cjs/react-test-renderer.development.js:2315:13)
      at warnIfUpdatesNotWrappedWithActDEV (node_modules/react-test-renderer/cjs/react-test-renderer.development.js:14401:9)
      at scheduleUpdateOnFiber (node_modules/react-test-renderer/cjs/react-test-renderer.development.js:12086:9)
      at dispatchSetStateInternal (node_modules/react-test-renderer/cjs/react-test-renderer.development.js:6208:13)
      at dispatchSetState (node_modules/react-test-renderer/cjs/react-test-renderer.development.js:6165:7)
      at setAuthorizationChecked (src/features/account/ScreenTimeProtectionSettingsScreen.tsx:228:22)

    console.error
      An update to ScreenTimeProtectionSettingsScreen inside a test was not wrapped in act(...).

      When testing, code that causes React state updates should be wrapped into act(...):

      act(() => {
        /* fire events that update state */
      });
      /* assert on the output */

      This ensures that you're testing the behavior the user would see in the browser. Learn more at https://react.dev/link/wrap-tests-with-act

      2759 |         }),
      2760 |       setScreenTimeProtection: (updater) =>
    > 2761 |         set((state) => {
           |         ^
      2762 |           const current = normalizeScreenTimeProtectionSettings(state.screenTimeProtection);
      2763 |           const next =
      2764 |             typeof updater === 'function'

      at node_modules/react-test-renderer/cjs/react-test-renderer.development.js:14402:19
      at runWithFiberInDEV (node_modules/react-test-renderer/cjs/react-test-renderer.development.js:2315:13)
      at warnIfUpdatesNotWrappedWithActDEV (node_modules/react-test-renderer/cjs/react-test-renderer.development.js:14401:9)
      at scheduleUpdateOnFiber (node_modules/react-test-renderer/cjs/react-test-renderer.development.js:12086:9)
      at forceStoreRerender (node_modules/react-test-renderer/cjs/react-test-renderer.development.js:5432:24)
      at node_modules/react-test-renderer/cjs/react-test-renderer.development.js:5417:11
      at node_modules/zustand/vanilla.js:11:39
          at Set.forEach (<anonymous>)
      at setState (node_modules/zustand/vanilla.js:11:17)
      at node_modules/zustand/middleware.js:374:7
      at set (src/store/useAppStore.ts:2761:9)
      at setSettings (src/features/account/ScreenTimeProtectionSettingsScreen.tsx:217:7)

    console.error
      An update to ScreenTimeProtectionSettingsScreen inside a test was not wrapped in act(...).

      When testing, code that causes React state updates should be wrapped into act(...):

      act(() => {
        /* fire events that update state */
      });
      /* assert on the output */

      This ensures that you're testing the behavior the user would see in the browser. Learn more at https://react.dev/link/wrap-tests-with-act

      255 |         .then((snapshot) => {
      256 |           if (cancelled) return;
    > 257 |           setHouseholdSnapshot(snapshot);
          |           ^
      258 |           setHouseholdLoadState('loaded');
      259 |         })
      260 |         .catch(() => {

      at node_modules/react-test-renderer/cjs/react-test-renderer.development.js:14402:19
      at runWithFiberInDEV (node_modules/react-test-renderer/cjs/react-test-renderer.development.js:2315:13)
      at warnIfUpdatesNotWrappedWithActDEV (node_modules/react-test-renderer/cjs/react-test-renderer.development.js:14401:9)
      at scheduleUpdateOnFiber (node_modules/react-test-renderer/cjs/react-test-renderer.development.js:12086:9)
      at dispatchSetStateInternal (node_modules/react-test-renderer/cjs/react-test-renderer.development.js:6208:13)
      at dispatchSetState (node_modules/react-test-renderer/cjs/react-test-renderer.development.js:6165:7)
      at setHouseholdSnapshot (src/features/account/ScreenTimeProtectionSettingsScreen.tsx:257:11)

    console.error
      An update to ScreenTimeProtectionSettingsScreen inside a test was not wrapped in act(...).

      When testing, code that causes React state updates should be wrapped into act(...):

      act(() => {
        /* fire events that update state */
      });
      /* assert on the output */

      This ensures that you're testing the behavior the user would see in the browser. Learn more at https://react.dev/link/wrap-tests-with-act

      256 |           if (cancelled) return;
      257 |           setHouseholdSnapshot(snapshot);
    > 258 |           setHouseholdLoadState('loaded');
          |           ^
      259 |         })
      260 |         .catch(() => {
      261 |           if (cancelled) return;

      at node_modules/react-test-renderer/cjs/react-test-renderer.development.js:14402:19
      at runWithFiberInDEV (node_modules/react-test-renderer/cjs/react-test-renderer.development.js:2315:13)
      at warnIfUpdatesNotWrappedWithActDEV (node_modules/react-test-renderer/cjs/react-test-renderer.development.js:14401:9)
      at scheduleUpdateOnFiber (node_modules/react-test-renderer/cjs/react-test-renderer.development.js:12086:9)
      at dispatchSetStateInternal (node_modules/react-test-renderer/cjs/react-test-renderer.development.js:6208:13)
      at dispatchSetState (node_modules/react-test-renderer/cjs/react-test-renderer.development.js:6165:7)
      at setHouseholdLoadState (src/features/account/ScreenTimeProtectionSettingsScreen.tsx:258:11)

    console.error
      An update to ScreenTimeProtectionSettingsScreen inside a test was not wrapped in act(...).

      When testing, code that causes React state updates should be wrapped into act(...):

      act(() => {
        /* fire events that update state */
      });
      /* assert on the output */

      This ensures that you're testing the behavior the user would see in the browser. Learn more at https://react.dev/link/wrap-tests-with-act

      226 |       }));
      227 |       reconcileAfterSettingsChange();
    > 228 |     }).finally(() => setAuthorizationChecked(true));
          |                      ^
      229 |   }, [reconcileAfterSettingsChange, setSettings]);
      230 |
      231 |   useEffect(() => {

      at node_modules/react-test-renderer/cjs/react-test-renderer.development.js:14402:19
      at runWithFiberInDEV (node_modules/react-test-renderer/cjs/react-test-renderer.development.js:2315:13)
      at warnIfUpdatesNotWrappedWithActDEV (node_modules/react-test-renderer/cjs/react-test-renderer.development.js:14401:9)
      at scheduleUpdateOnFiber (node_modules/react-test-renderer/cjs/react-test-renderer.development.js:12086:9)
      at dispatchSetStateInternal (node_modules/react-test-renderer/cjs/react-test-renderer.development.js:6208:13)
      at dispatchSetState (node_modules/react-test-renderer/cjs/react-test-renderer.development.js:6165:7)
      at setAuthorizationChecked (src/features/account/ScreenTimeProtectionSettingsScreen.tsx:228:22)

    console.error
      An update to Animated(View) inside a test was not wrapped in act(...).

      When testing, code that causes React state updates should be wrapped into act(...):

      act(() => {
        /* fire events that update state */
      });
      /* assert on the output */

      This ensures that you're testing the behavior the user would see in the browser. Learn more at https://react.dev/link/wrap-tests-with-act

      at node_modules/react-test-renderer/cjs/react-test-renderer.development.js:14402:19
      at runWithFiberInDEV (node_modules/react-test-renderer/cjs/react-test-renderer.development.js:2315:13)
      at warnIfUpdatesNotWrappedWithActDEV (node_modules/react-test-renderer/cjs/react-test-renderer.development.js:14401:9)
      at scheduleUpdateOnFiber (node_modules/react-test-renderer/cjs/react-test-renderer.development.js:12086:9)
      at dispatchReducerAction (node_modules/react-test-renderer/cjs/react-test-renderer.development.js:6155:13)
      at Object.scheduleUpdate [as current] (node_modules/react-native/src/private/animated/createAnimatedPropsHook.js:121:20)
      at AnimatedProps.current [as _callback] (node_modules/react-native/src/private/animated/createAnimatedPropsHook.js:64:56)
      at AnimatedProps._callback [as update] (node_modules/react-native/Libraries/Animated/nodes/AnimatedProps.js:231:10)
      at update (node_modules/react-native/Libraries/Animated/nodes/AnimatedValue.js:64:31)
          at Set.forEach (<anonymous>)
      at forEach (node_modules/react-native/Libraries/Animated/nodes/AnimatedValue.js:64:10)
      at AnimatedValue.flushValue [as _updateValue] (node_modules/react-native/Libraries/Animated/nodes/AnimatedValue.js:358:7)
      at TimingAnimation._updateValue [as _onUpdate] (node_modules/react-native/Libraries/Animated/nodes/AnimatedValue.js:322:14)
      at TimingAnimation._onUpdate [as onUpdate] (node_modules/react-native/Libraries/Animated/animations/TimingAnimation.js:157:10)
      at onUpdate (node_modules/react-native/Libraries/Animated/animations/TimingAnimation.js:132:67)
      at Timeout.callback [as _onTimeout] (node_modules/react-native-worklets/src/runLoop/uiRuntime/mockedRequestAnimationFrame.ts:10:27)

    console.error
      An update to Animated(View) inside a test was not wrapped in act(...).

      When testing, code that causes React state updates should be wrapped into act(...):

      act(() => {
        /* fire events that update state */
      });
      /* assert on the output */

      This ensures that you're testing the behavior the user would see in the browser. Learn more at https://react.dev/link/wrap-tests-with-act

      at node_modules/react-test-renderer/cjs/react-test-renderer.development.js:14402:19
      at runWithFiberInDEV (node_modules/react-test-renderer/cjs/react-test-renderer.development.js:2315:13)
      at warnIfUpdatesNotWrappedWithActDEV (node_modules/react-test-renderer/cjs/react-test-renderer.development.js:14401:9)
      at scheduleUpdateOnFiber (node_modules/react-test-renderer/cjs/react-test-renderer.development.js:12086:9)
      at dispatchReducerAction (node_modules/react-test-renderer/cjs/react-test-renderer.development.js:6155:13)
      at Object.scheduleUpdate [as current] (node_modules/react-native/src/private/animated/createAnimatedPropsHook.js:121:20)
      at AnimatedProps.current [as _callback] (node_modules/react-native/src/private/animated/createAnimatedPropsHook.js:64:56)
      at AnimatedProps._callback [as update] (node_modules/react-native/Libraries/Animated/nodes/AnimatedProps.js:231:10)
      at update (node_modules/react-native/Libraries/Animated/nodes/AnimatedValue.js:64:31)
          at Set.forEach (<anonymous>)
      at forEach (node_modules/react-native/Libraries/Animated/nodes/AnimatedValue.js:64:10)
      at AnimatedValue.flushValue [as _updateValue] (node_modules/react-native/Libraries/Animated/nodes/AnimatedValue.js:358:7)
      at TimingAnimation._updateValue [as _onUpdate] (node_modules/react-native/Libraries/Animated/nodes/AnimatedValue.js:322:14)
      at TimingAnimation._onUpdate [as onUpdate] (node_modules/react-native/Libraries/Animated/animations/TimingAnimation.js:157:10)
      at onUpdate (node_modules/react-native/Libraries/Animated/animations/TimingAnimation.js:132:67)
      at Timeout.callback [as _onTimeout] (node_modules/react-native-worklets/src/runLoop/uiRuntime/mockedRequestAnimationFrame.ts:10:27)

    console.error
      An update to Animated(View) inside a test was not wrapped in act(...).

      When testing, code that causes React state updates should be wrapped into act(...):

      act(() => {
        /* fire events that update state */
      });
      /* assert on the output */

      This ensures that you're testing the behavior the user would see in the browser. Learn more at https://react.dev/link/wrap-tests-with-act

      at node_modules/react-test-renderer/cjs/react-test-renderer.development.js:14402:19
      at runWithFiberInDEV (node_modules/react-test-renderer/cjs/react-test-renderer.development.js:2315:13)
      at warnIfUpdatesNotWrappedWithActDEV (node_modules/react-test-renderer/cjs/react-test-renderer.development.js:14401:9)
      at scheduleUpdateOnFiber (node_modules/react-test-renderer/cjs/react-test-renderer.development.js:12086:9)
      at dispatchReducerAction (node_modules/react-test-renderer/cjs/react-test-renderer.development.js:6155:13)
      at Object.scheduleUpdate [as current] (node_modules/react-native/src/private/animated/createAnimatedPropsHook.js:121:20)
      at AnimatedProps.current [as _callback] (node_modules/react-native/src/private/animated/createAnimatedPropsHook.js:64:56)
      at AnimatedProps._callback [as update] (node_modules/react-native/Libraries/Animated/nodes/AnimatedProps.js:231:10)
      at update (node_modules/react-native/Libraries/Animated/nodes/AnimatedValue.js:64:31)
          at Set.forEach (<anonymous>)
      at forEach (node_modules/react-native/Libraries/Animated/nodes/AnimatedValue.js:64:10)
      at AnimatedValue.flushValue [as _updateValue] (node_modules/react-native/Libraries/Animated/nodes/AnimatedValue.js:358:7)
      at TimingAnimation._updateValue [as _onUpdate] (node_modules/react-native/Libraries/Animated/nodes/AnimatedValue.js:322:14)
      at TimingAnimation._onUpdate [as onUpdate] (node_modules/react-native/Libraries/Animated/animations/TimingAnimation.js:157:10)
      at Timeout.callback [as _onTimeout] (node_modules/react-native-worklets/src/runLoop/uiRuntime/mockedRequestAnimationFrame.ts:10:27)

    console.error
      An update to Animated(View) inside a test was not wrapped in act(...).

      When testing, code that causes React state updates should be wrapped into act(...):

      act(() => {
        /* fire events that update state */
      });
      /* assert on the output */

      This ensures that you're testing the behavior the user would see in the browser. Learn more at https://react.dev/link/wrap-tests-with-act

      at node_modules/react-test-renderer/cjs/react-test-renderer.development.js:14402:19
      at runWithFiberInDEV (node_modules/react-test-renderer/cjs/react-test-renderer.development.js:2315:13)
      at warnIfUpdatesNotWrappedWithActDEV (node_modules/react-test-renderer/cjs/react-test-renderer.development.js:14401:9)
      at scheduleUpdateOnFiber (node_modules/react-test-renderer/cjs/react-test-renderer.development.js:12086:9)
      at dispatchReducerAction (node_modules/react-test-renderer/cjs/react-test-renderer.development.js:6155:13)
      at Object.scheduleUpdate [as current] (node_modules/react-native/src/private/animated/createAnimatedPropsHook.js:121:20)
      at AnimatedProps.current [as _callback] (node_modules/react-native/src/private/animated/createAnimatedPropsHook.js:64:56)
      at AnimatedProps._callback [as update] (node_modules/react-native/Libraries/Animated/nodes/AnimatedProps.js:231:10)
      at update (node_modules/react-native/Libraries/Animated/nodes/AnimatedValue.js:64:31)
          at Set.forEach (<anonymous>)
      at forEach (node_modules/react-native/Libraries/Animated/nodes/AnimatedValue.js:64:10)
      at AnimatedValue.flushValue [as _updateValue] (node_modules/react-native/Libraries/Animated/nodes/AnimatedValue.js:358:7)
      at TimingAnimation._updateValue [as _onUpdate] (node_modules/react-native/Libraries/Animated/nodes/AnimatedValue.js:322:14)
      at TimingAnimation._onUpdate [as onUpdate] (node_modules/react-native/Libraries/Animated/animations/TimingAnimation.js:157:10)
      at Timeout.callback [as _onTimeout] (node_modules/react-native-worklets/src/runLoop/uiRuntime/mockedRequestAnimationFrame.ts:10:27)

    console.error
      An update to Animated(View) inside a test was not wrapped in act(...).

      When testing, code that causes React state updates should be wrapped into act(...):

      act(() => {
        /* fire events that update state */
      });
      /* assert on the output */

      This ensures that you're testing the behavior the user would see in the browser. Learn more at https://react.dev/link/wrap-tests-with-act

      at node_modules/react-test-renderer/cjs/react-test-renderer.development.js:14402:19
      at runWithFiberInDEV (node_modules/react-test-renderer/cjs/react-test-renderer.development.js:2315:13)
      at warnIfUpdatesNotWrappedWithActDEV (node_modules/react-test-renderer/cjs/react-test-renderer.development.js:14401:9)
      at scheduleUpdateOnFiber (node_modules/react-test-renderer/cjs/react-test-renderer.development.js:12086:9)
      at dispatchReducerAction (node_modules/react-test-renderer/cjs/react-test-renderer.development.js:6155:13)
      at Object.scheduleUpdate [as current] (node_modules/react-native/src/private/animated/createAnimatedPropsHook.js:121:20)
      at AnimatedProps.current [as _callback] (node_modules/react-native/src/private/animated/createAnimatedPropsHook.js:64:56)
      at AnimatedProps._callback [as update] (node_modules/react-native/Libraries/Animated/nodes/AnimatedProps.js:231:10)
      at update (node_modules/react-native/Libraries/Animated/nodes/AnimatedValue.js:64:31)
          at Set.forEach (<anonymous>)
      at forEach (node_modules/react-native/Libraries/Animated/nodes/AnimatedValue.js:64:10)
      at AnimatedValue.flushValue [as _updateValue] (node_modules/react-native/Libraries/Animated/nodes/AnimatedValue.js:358:7)
      at TimingAnimation._updateValue [as _onUpdate] (node_modules/react-native/Libraries/Animated/nodes/AnimatedValue.js:322:14)
      at TimingAnimation._onUpdate [as onUpdate] (node_modules/react-native/Libraries/Animated/animations/TimingAnimation.js:157:10)
      at Timeout.callback [as _onTimeout] (node_modules/react-native-worklets/src/runLoop/uiRuntime/mockedRequestAnimationFrame.ts:10:27)

    console.error
      An update to Animated(View) inside a test was not wrapped in act(...).

      When testing, code that causes React state updates should be wrapped into act(...):

      act(() => {
        /* fire events that update state */
      });
      /* assert on the output */

      This ensures that you're testing the behavior the user would see in the browser. Learn more at https://react.dev/link/wrap-tests-with-act

      at node_modules/react-test-renderer/cjs/react-test-renderer.development.js:14402:19
      at runWithFiberInDEV (node_modules/react-test-renderer/cjs/react-test-renderer.development.js:2315:13)
      at warnIfUpdatesNotWrappedWithActDEV (node_modules/react-test-renderer/cjs/react-test-renderer.development.js:14401:9)
      at scheduleUpdateOnFiber (node_modules/react-test-renderer/cjs/react-test-renderer.development.js:12086:9)
      at dispatchReducerAction (node_modules/react-test-renderer/cjs/react-test-renderer.development.js:6155:13)
      at Object.scheduleUpdate [as current] (node_modules/react-native/src/private/animated/createAnimatedPropsHook.js:121:20)
      at AnimatedProps.current [as _callback] (node_modules/react-native/src/private/animated/createAnimatedPropsHook.js:64:56)
      at AnimatedProps._callback [as update] (node_modules/react-native/Libraries/Animated/nodes/AnimatedProps.js:231:10)
      at update (node_modules/react-native/Libraries/Animated/nodes/AnimatedValue.js:64:31)
          at Set.forEach (<anonymous>)
      at forEach (node_modules/react-native/Libraries/Animated/nodes/AnimatedValue.js:64:10)
      at AnimatedValue.flushValue [as _updateValue] (node_modules/react-native/Libraries/Animated/nodes/AnimatedValue.js:358:7)
      at TimingAnimation._updateValue [as _onUpdate] (node_modules/react-native/Libraries/Animated/nodes/AnimatedValue.js:322:14)
      at TimingAnimation._onUpdate [as onUpdate] (node_modules/react-native/Libraries/Animated/animations/TimingAnimation.js:157:10)
      at Timeout.callback [as _onTimeout] (node_modules/react-native-worklets/src/runLoop/uiRuntime/mockedRequestAnimationFrame.ts:10:27)

PASS src/features/household/HouseholdSettingsScreen.test.tsx
  ● Console

    console.error
      An update to Animated(View) inside a test was not wrapped in act(...).

      When testing, code that causes React state updates should be wrapped into act(...):

      act(() => {
        /* fire events that update state */
      });
      /* assert on the output */

      This ensures that you're testing the behavior the user would see in the browser. Learn more at https://react.dev/link/wrap-tests-with-act

      at node_modules/react-test-renderer/cjs/react-test-renderer.development.js:14402:19
      at runWithFiberInDEV (node_modules/react-test-renderer/cjs/react-test-renderer.development.js:2315:13)
      at warnIfUpdatesNotWrappedWithActDEV (node_modules/react-test-renderer/cjs/react-test-renderer.development.js:14401:9)
      at scheduleUpdateOnFiber (node_modules/react-test-renderer/cjs/react-test-renderer.development.js:12086:9)
      at dispatchReducerAction (node_modules/react-test-renderer/cjs/react-test-renderer.development.js:6155:13)
      at Object.scheduleUpdate [as current] (node_modules/react-native/src/private/animated/createAnimatedPropsHook.js:121:20)
      at AnimatedProps.current [as _callback] (node_modules/react-native/src/private/animated/createAnimatedPropsHook.js:64:56)
      at AnimatedProps._callback [as update] (node_modules/react-native/Libraries/Animated/nodes/AnimatedProps.js:231:10)
      at update (node_modules/react-native/Libraries/Animated/nodes/AnimatedValue.js:64:31)
          at Set.forEach (<anonymous>)
      at forEach (node_modules/react-native/Libraries/Animated/nodes/AnimatedValue.js:64:10)
      at AnimatedValue.flushValue [as _updateValue] (node_modules/react-native/Libraries/Animated/nodes/AnimatedValue.js:358:7)
      at TimingAnimation._updateValue [as _onUpdate] (node_modules/react-native/Libraries/Animated/nodes/AnimatedValue.js:322:14)
      at TimingAnimation._onUpdate [as onUpdate] (node_modules/react-native/Libraries/Animated/animations/TimingAnimation.js:157:10)
      at Timeout.callback [as _onTimeout] (node_modules/react-native-worklets/src/runLoop/uiRuntime/mockedRequestAnimationFrame.ts:10:27)

    console.error
      An update to Animated(View) inside a test was not wrapped in act(...).

      When testing, code that causes React state updates should be wrapped into act(...):

      act(() => {
        /* fire events that update state */
      });
      /* assert on the output */

      This ensures that you're testing the behavior the user would see in the browser. Learn more at https://react.dev/link/wrap-tests-with-act

      at node_modules/react-test-renderer/cjs/react-test-renderer.development.js:14402:19
      at runWithFiberInDEV (node_modules/react-test-renderer/cjs/react-test-renderer.development.js:2315:13)
      at warnIfUpdatesNotWrappedWithActDEV (node_modules/react-test-renderer/cjs/react-test-renderer.development.js:14401:9)
      at scheduleUpdateOnFiber (node_modules/react-test-renderer/cjs/react-test-renderer.development.js:12086:9)
      at dispatchReducerAction (node_modules/react-test-renderer/cjs/react-test-renderer.development.js:6155:13)
      at Object.scheduleUpdate [as current] (node_modules/react-native/src/private/animated/createAnimatedPropsHook.js:121:20)
      at AnimatedProps.current [as _callback] (node_modules/react-native/src/private/animated/createAnimatedPropsHook.js:64:56)
      at AnimatedProps._callback [as update] (node_modules/react-native/Libraries/Animated/nodes/AnimatedProps.js:231:10)
      at update (node_modules/react-native/Libraries/Animated/nodes/AnimatedValue.js:64:31)
          at Set.forEach (<anonymous>)
      at forEach (node_modules/react-native/Libraries/Animated/nodes/AnimatedValue.js:64:10)
      at AnimatedValue.flushValue [as _updateValue] (node_modules/react-native/Libraries/Animated/nodes/AnimatedValue.js:358:7)
      at TimingAnimation._updateValue [as _onUpdate] (node_modules/react-native/Libraries/Animated/nodes/AnimatedValue.js:322:14)
      at TimingAnimation._onUpdate [as onUpdate] (node_modules/react-native/Libraries/Animated/animations/TimingAnimation.js:157:10)
      at Timeout.callback [as _onTimeout] (node_modules/react-native-worklets/src/runLoop/uiRuntime/mockedRequestAnimationFrame.ts:10:27)

    console.error
      An update to Animated(View) inside a test was not wrapped in act(...).

      When testing, code that causes React state updates should be wrapped into act(...):

      act(() => {
        /* fire events that update state */
      });
      /* assert on the output */

      This ensures that you're testing the behavior the user would see in the browser. Learn more at https://react.dev/link/wrap-tests-with-act

      at node_modules/react-test-renderer/cjs/react-test-renderer.development.js:14402:19
      at runWithFiberInDEV (node_modules/react-test-renderer/cjs/react-test-renderer.development.js:2315:13)
      at warnIfUpdatesNotWrappedWithActDEV (node_modules/react-test-renderer/cjs/react-test-renderer.development.js:14401:9)
      at scheduleUpdateOnFiber (node_modules/react-test-renderer/cjs/react-test-renderer.development.js:12086:9)
      at dispatchReducerAction (node_modules/react-test-renderer/cjs/react-test-renderer.development.js:6155:13)
      at Object.scheduleUpdate [as current] (node_modules/react-native/src/private/animated/createAnimatedPropsHook.js:121:20)
      at AnimatedProps.current [as _callback] (node_modules/react-native/src/private/animated/createAnimatedPropsHook.js:64:56)
      at AnimatedProps._callback [as update] (node_modules/react-native/Libraries/Animated/nodes/AnimatedProps.js:231:10)
      at update (node_modules/react-native/Libraries/Animated/nodes/AnimatedValue.js:64:31)
          at Set.forEach (<anonymous>)
      at forEach (node_modules/react-native/Libraries/Animated/nodes/AnimatedValue.js:64:10)
      at AnimatedValue.flushValue [as _updateValue] (node_modules/react-native/Libraries/Animated/nodes/AnimatedValue.js:358:7)
      at TimingAnimation._updateValue [as _onUpdate] (node_modules/react-native/Libraries/Animated/nodes/AnimatedValue.js:322:14)
      at TimingAnimation._onUpdate [as onUpdate] (node_modules/react-native/Libraries/Animated/animations/TimingAnimation.js:157:10)
      at Timeout.callback [as _onTimeout] (node_modules/react-native-worklets/src/runLoop/uiRuntime/mockedRequestAnimationFrame.ts:10:27)

    console.error
      An update to Animated(View) inside a test was not wrapped in act(...).

      When testing, code that causes React state updates should be wrapped into act(...):

      act(() => {
        /* fire events that update state */
      });
      /* assert on the output */

      This ensures that you're testing the behavior the user would see in the browser. Learn more at https://react.dev/link/wrap-tests-with-act

      at node_modules/react-test-renderer/cjs/react-test-renderer.development.js:14402:19
      at runWithFiberInDEV (node_modules/react-test-renderer/cjs/react-test-renderer.development.js:2315:13)
      at warnIfUpdatesNotWrappedWithActDEV (node_modules/react-test-renderer/cjs/react-test-renderer.development.js:14401:9)
      at scheduleUpdateOnFiber (node_modules/react-test-renderer/cjs/react-test-renderer.development.js:12086:9)
      at dispatchReducerAction (node_modules/react-test-renderer/cjs/react-test-renderer.development.js:6155:13)
      at Object.scheduleUpdate [as current] (node_modules/react-native/src/private/animated/createAnimatedPropsHook.js:121:20)
      at AnimatedProps.current [as _callback] (node_modules/react-native/src/private/animated/createAnimatedPropsHook.js:64:56)
      at AnimatedProps._callback [as update] (node_modules/react-native/Libraries/Animated/nodes/AnimatedProps.js:231:10)
      at update (node_modules/react-native/Libraries/Animated/nodes/AnimatedValue.js:64:31)
          at Set.forEach (<anonymous>)
      at forEach (node_modules/react-native/Libraries/Animated/nodes/AnimatedValue.js:64:10)
      at AnimatedValue.flushValue [as _updateValue] (node_modules/react-native/Libraries/Animated/nodes/AnimatedValue.js:358:7)
      at TimingAnimation._updateValue [as _onUpdate] (node_modules/react-native/Libraries/Animated/nodes/AnimatedValue.js:322:14)
      at TimingAnimation._onUpdate [as onUpdate] (node_modules/react-native/Libraries/Animated/animations/TimingAnimation.js:157:10)
      at Timeout.callback [as _onTimeout] (node_modules/react-native-worklets/src/runLoop/uiRuntime/mockedRequestAnimationFrame.ts:10:27)

    console.error
      An update to Animated(View) inside a test was not wrapped in act(...).

      When testing, code that causes React state updates should be wrapped into act(...):

      act(() => {
        /* fire events that update state */
      });
      /* assert on the output */

      This ensures that you're testing the behavior the user would see in the browser. Learn more at https://react.dev/link/wrap-tests-with-act

      at node_modules/react-test-renderer/cjs/react-test-renderer.development.js:14402:19
      at runWithFiberInDEV (node_modules/react-test-renderer/cjs/react-test-renderer.development.js:2315:13)
      at warnIfUpdatesNotWrappedWithActDEV (node_modules/react-test-renderer/cjs/react-test-renderer.development.js:14401:9)
      at scheduleUpdateOnFiber (node_modules/react-test-renderer/cjs/react-test-renderer.development.js:12086:9)
      at dispatchReducerAction (node_modules/react-test-renderer/cjs/react-test-renderer.development.js:6155:13)
      at Object.scheduleUpdate [as current] (node_modules/react-native/src/private/animated/createAnimatedPropsHook.js:121:20)
      at AnimatedProps.current [as _callback] (node_modules/react-native/src/private/animated/createAnimatedPropsHook.js:64:56)
      at AnimatedProps._callback [as update] (node_modules/react-native/Libraries/Animated/nodes/AnimatedProps.js:231:10)
      at update (node_modules/react-native/Libraries/Animated/nodes/AnimatedValue.js:64:31)
          at Set.forEach (<anonymous>)
      at forEach (node_modules/react-native/Libraries/Animated/nodes/AnimatedValue.js:64:10)
      at AnimatedValue.flushValue [as _updateValue] (node_modules/react-native/Libraries/Animated/nodes/AnimatedValue.js:358:7)
      at TimingAnimation._updateValue [as _onUpdate] (node_modules/react-native/Libraries/Animated/nodes/AnimatedValue.js:322:14)
      at TimingAnimation._onUpdate [as onUpdate] (node_modules/react-native/Libraries/Animated/animations/TimingAnimation.js:157:10)
      at Timeout.callback [as _onTimeout] (node_modules/react-native-worklets/src/runLoop/uiRuntime/mockedRequestAnimationFrame.ts:10:27)

    console.error
      An update to Animated(View) inside a test was not wrapped in act(...).

      When testing, code that causes React state updates should be wrapped into act(...):

      act(() => {
        /* fire events that update state */
      });
      /* assert on the output */

      This ensures that you're testing the behavior the user would see in the browser. Learn more at https://react.dev/link/wrap-tests-with-act

      at node_modules/react-test-renderer/cjs/react-test-renderer.development.js:14402:19
      at runWithFiberInDEV (node_modules/react-test-renderer/cjs/react-test-renderer.development.js:2315:13)
      at warnIfUpdatesNotWrappedWithActDEV (node_modules/react-test-renderer/cjs/react-test-renderer.development.js:14401:9)
      at scheduleUpdateOnFiber (node_modules/react-test-renderer/cjs/react-test-renderer.development.js:12086:9)
      at dispatchReducerAction (node_modules/react-test-renderer/cjs/react-test-renderer.development.js:6155:13)
      at Object.scheduleUpdate [as current] (node_modules/react-native/src/private/animated/createAnimatedPropsHook.js:121:20)
      at AnimatedProps.current [as _callback] (node_modules/react-native/src/private/animated/createAnimatedPropsHook.js:64:56)
      at AnimatedProps._callback [as update] (node_modules/react-native/Libraries/Animated/nodes/AnimatedProps.js:231:10)
      at update (node_modules/react-native/Libraries/Animated/nodes/AnimatedValue.js:64:31)
          at Set.forEach (<anonymous>)
      at forEach (node_modules/react-native/Libraries/Animated/nodes/AnimatedValue.js:64:10)
      at AnimatedValue.flushValue [as _updateValue] (node_modules/react-native/Libraries/Animated/nodes/AnimatedValue.js:358:7)
      at TimingAnimation._updateValue [as _onUpdate] (node_modules/react-native/Libraries/Animated/nodes/AnimatedValue.js:322:14)
      at TimingAnimation._onUpdate [as onUpdate] (node_modules/react-native/Libraries/Animated/animations/TimingAnimation.js:157:10)
      at Timeout.callback [as _onTimeout] (node_modules/react-native-worklets/src/runLoop/uiRuntime/mockedRequestAnimationFrame.ts:10:27)

    console.error
      An update to Animated(View) inside a test was not wrapped in act(...).

      When testing, code that causes React state updates should be wrapped into act(...):

      act(() => {
        /* fire events that update state */
      });
      /* assert on the output */

      This ensures that you're testing the behavior the user would see in the browser. Learn more at https://react.dev/link/wrap-tests-with-act

      at node_modules/react-test-renderer/cjs/react-test-renderer.development.js:14402:19
      at runWithFiberInDEV (node_modules/react-test-renderer/cjs/react-test-renderer.development.js:2315:13)
      at warnIfUpdatesNotWrappedWithActDEV (node_modules/react-test-renderer/cjs/react-test-renderer.development.js:14401:9)
      at scheduleUpdateOnFiber (node_modules/react-test-renderer/cjs/react-test-renderer.development.js:12086:9)
      at dispatchReducerAction (node_modules/react-test-renderer/cjs/react-test-renderer.development.js:6155:13)
      at Object.scheduleUpdate [as current] (node_modules/react-native/src/private/animated/createAnimatedPropsHook.js:121:20)
      at AnimatedProps.current [as _callback] (node_modules/react-native/src/private/animated/createAnimatedPropsHook.js:64:56)
      at AnimatedProps._callback [as update] (node_modules/react-native/Libraries/Animated/nodes/AnimatedProps.js:231:10)
      at update (node_modules/react-native/Libraries/Animated/nodes/AnimatedValue.js:64:31)
          at Set.forEach (<anonymous>)
      at forEach (node_modules/react-native/Libraries/Animated/nodes/AnimatedValue.js:64:10)
      at AnimatedValue.flushValue [as _updateValue] (node_modules/react-native/Libraries/Animated/nodes/AnimatedValue.js:358:7)
      at TimingAnimation._updateValue [as _onUpdate] (node_modules/react-native/Libraries/Animated/nodes/AnimatedValue.js:322:14)
      at TimingAnimation._onUpdate [as onUpdate] (node_modules/react-native/Libraries/Animated/animations/TimingAnimation.js:157:10)
      at Timeout.callback [as _onTimeout] (node_modules/react-native-worklets/src/runLoop/uiRuntime/mockedRequestAnimationFrame.ts:10:27)

    console.error
      An update to Animated(View) inside a test was not wrapped in act(...).

      When testing, code that causes React state updates should be wrapped into act(...):

      act(() => {
        /* fire events that update state */
      });
      /* assert on the output */

      This ensures that you're testing the behavior the user would see in the browser. Learn more at https://react.dev/link/wrap-tests-with-act

      at node_modules/react-test-renderer/cjs/react-test-renderer.development.js:14402:19
      at runWithFiberInDEV (node_modules/react-test-renderer/cjs/react-test-renderer.development.js:2315:13)
      at warnIfUpdatesNotWrappedWithActDEV (node_modules/react-test-renderer/cjs/react-test-renderer.development.js:14401:9)
      at scheduleUpdateOnFiber (node_modules/react-test-renderer/cjs/react-test-renderer.development.js:12086:9)
      at dispatchReducerAction (node_modules/react-test-renderer/cjs/react-test-renderer.development.js:6155:13)
      at Object.scheduleUpdate [as current] (node_modules/react-native/src/private/animated/createAnimatedPropsHook.js:121:20)
      at AnimatedProps.current [as _callback] (node_modules/react-native/src/private/animated/createAnimatedPropsHook.js:64:56)
      at AnimatedProps._callback [as update] (node_modules/react-native/Libraries/Animated/nodes/AnimatedProps.js:231:10)
      at update (node_modules/react-native/Libraries/Animated/nodes/AnimatedValue.js:64:31)
          at Set.forEach (<anonymous>)
      at forEach (node_modules/react-native/Libraries/Animated/nodes/AnimatedValue.js:64:10)
      at AnimatedValue.flushValue [as _updateValue] (node_modules/react-native/Libraries/Animated/nodes/AnimatedValue.js:358:7)
      at TimingAnimation._updateValue [as _onUpdate] (node_modules/react-native/Libraries/Animated/nodes/AnimatedValue.js:322:14)
      at TimingAnimation._onUpdate [as onUpdate] (node_modules/react-native/Libraries/Animated/animations/TimingAnimation.js:157:10)
      at Timeout.callback [as _onTimeout] (node_modules/react-native-worklets/src/runLoop/uiRuntime/mockedRequestAnimationFrame.ts:10:27)

    console.error
      An update to Animated(View) inside a test was not wrapped in act(...).

      When testing, code that causes React state updates should be wrapped into act(...):

      act(() => {
        /* fire events that update state */
      });
      /* assert on the output */

      This ensures that you're testing the behavior the user would see in the browser. Learn more at https://react.dev/link/wrap-tests-with-act

      at node_modules/react-test-renderer/cjs/react-test-renderer.development.js:14402:19
      at runWithFiberInDEV (node_modules/react-test-renderer/cjs/react-test-renderer.development.js:2315:13)
      at warnIfUpdatesNotWrappedWithActDEV (node_modules/react-test-renderer/cjs/react-test-renderer.development.js:14401:9)
      at scheduleUpdateOnFiber (node_modules/react-test-renderer/cjs/react-test-renderer.development.js:12086:9)
      at dispatchReducerAction (node_modules/react-test-renderer/cjs/react-test-renderer.development.js:6155:13)
      at Object.scheduleUpdate [as current] (node_modules/react-native/src/private/animated/createAnimatedPropsHook.js:121:20)
      at AnimatedProps.current [as _callback] (node_modules/react-native/src/private/animated/createAnimatedPropsHook.js:64:56)
      at AnimatedProps._callback [as update] (node_modules/react-native/Libraries/Animated/nodes/AnimatedProps.js:231:10)
      at update (node_modules/react-native/Libraries/Animated/nodes/AnimatedValue.js:64:31)
          at Set.forEach (<anonymous>)
      at forEach (node_modules/react-native/Libraries/Animated/nodes/AnimatedValue.js:64:10)
      at AnimatedValue.flushValue [as _updateValue] (node_modules/react-native/Libraries/Animated/nodes/AnimatedValue.js:358:7)
      at TimingAnimation._updateValue [as _onUpdate] (node_modules/react-native/Libraries/Animated/nodes/AnimatedValue.js:322:14)
      at TimingAnimation._onUpdate [as onUpdate] (node_modules/react-native/Libraries/Animated/animations/TimingAnimation.js:157:10)
      at Timeout.callback [as _onTimeout] (node_modules/react-native-worklets/src/runLoop/uiRuntime/mockedRequestAnimationFrame.ts:10:27)

    console.error
      An update to Animated(View) inside a test was not wrapped in act(...).

      When testing, code that causes React state updates should be wrapped into act(...):

      act(() => {
        /* fire events that update state */
      });
      /* assert on the output */

      This ensures that you're testing the behavior the user would see in the browser. Learn more at https://react.dev/link/wrap-tests-with-act

      at node_modules/react-test-renderer/cjs/react-test-renderer.development.js:14402:19
      at runWithFiberInDEV (node_modules/react-test-renderer/cjs/react-test-renderer.development.js:2315:13)
      at warnIfUpdatesNotWrappedWithActDEV (node_modules/react-test-renderer/cjs/react-test-renderer.development.js:14401:9)
      at scheduleUpdateOnFiber (node_modules/react-test-renderer/cjs/react-test-renderer.development.js:12086:9)
      at dispatchReducerAction (node_modules/react-test-renderer/cjs/react-test-renderer.development.js:6155:13)
      at Object.scheduleUpdate [as current] (node_modules/react-native/src/private/animated/createAnimatedPropsHook.js:121:20)
      at AnimatedProps.current [as _callback] (node_modules/react-native/src/private/animated/createAnimatedPropsHook.js:64:56)
      at AnimatedProps._callback [as update] (node_modules/react-native/Libraries/Animated/nodes/AnimatedProps.js:231:10)
      at update (node_modules/react-native/Libraries/Animated/nodes/AnimatedValue.js:64:31)
          at Set.forEach (<anonymous>)
      at forEach (node_modules/react-native/Libraries/Animated/nodes/AnimatedValue.js:64:10)
      at AnimatedValue.flushValue [as _updateValue] (node_modules/react-native/Libraries/Animated/nodes/AnimatedValue.js:358:7)
      at TimingAnimation._updateValue [as _onUpdate] (node_modules/react-native/Libraries/Animated/nodes/AnimatedValue.js:322:14)
      at TimingAnimation._onUpdate [as onUpdate] (node_modules/react-native/Libraries/Animated/animations/TimingAnimation.js:157:10)
      at Timeout.callback [as _onTimeout] (node_modules/react-native-worklets/src/runLoop/uiRuntime/mockedRequestAnimationFrame.ts:10:27)

    console.error
      An update to Animated(View) inside a test was not wrapped in act(...).

      When testing, code that causes React state updates should be wrapped into act(...):

      act(() => {
        /* fire events that update state */
      });
      /* assert on the output */

      This ensures that you're testing the behavior the user would see in the browser. Learn more at https://react.dev/link/wrap-tests-with-act

      at node_modules/react-test-renderer/cjs/react-test-renderer.development.js:14402:19
      at runWithFiberInDEV (node_modules/react-test-renderer/cjs/react-test-renderer.development.js:2315:13)
      at warnIfUpdatesNotWrappedWithActDEV (node_modules/react-test-renderer/cjs/react-test-renderer.development.js:14401:9)
      at scheduleUpdateOnFiber (node_modules/react-test-renderer/cjs/react-test-renderer.development.js:12086:9)
      at dispatchReducerAction (node_modules/react-test-renderer/cjs/react-test-renderer.development.js:6155:13)
      at Object.scheduleUpdate [as current] (node_modules/react-native/src/private/animated/createAnimatedPropsHook.js:121:20)
      at AnimatedProps.current [as _callback] (node_modules/react-native/src/private/animated/createAnimatedPropsHook.js:64:56)
      at AnimatedProps._callback [as update] (node_modules/react-native/Libraries/Animated/nodes/AnimatedProps.js:231:10)
      at update (node_modules/react-native/Libraries/Animated/nodes/AnimatedValue.js:64:31)
          at Set.forEach (<anonymous>)
      at forEach (node_modules/react-native/Libraries/Animated/nodes/AnimatedValue.js:64:10)
      at AnimatedValue.flushValue [as _updateValue] (node_modules/react-native/Libraries/Animated/nodes/AnimatedValue.js:358:7)
      at TimingAnimation._updateValue [as _onUpdate] (node_modules/react-native/Libraries/Animated/nodes/AnimatedValue.js:322:14)
      at TimingAnimation._onUpdate [as onUpdate] (node_modules/react-native/Libraries/Animated/animations/TimingAnimation.js:157:10)
      at Timeout.callback [as _onTimeout] (node_modules/react-native-worklets/src/runLoop/uiRuntime/mockedRequestAnimationFrame.ts:10:27)

    console.error
      An update to Animated(View) inside a test was not wrapped in act(...).

      When testing, code that causes React state updates should be wrapped into act(...):

      act(() => {
        /* fire events that update state */
      });
      /* assert on the output */

      This ensures that you're testing the behavior the user would see in the browser. Learn more at https://react.dev/link/wrap-tests-with-act

      at node_modules/react-test-renderer/cjs/react-test-renderer.development.js:14402:19
      at runWithFiberInDEV (node_modules/react-test-renderer/cjs/react-test-renderer.development.js:2315:13)
      at warnIfUpdatesNotWrappedWithActDEV (node_modules/react-test-renderer/cjs/react-test-renderer.development.js:14401:9)
      at scheduleUpdateOnFiber (node_modules/react-test-renderer/cjs/react-test-renderer.development.js:12086:9)
      at dispatchReducerAction (node_modules/react-test-renderer/cjs/react-test-renderer.development.js:6155:13)
      at Object.scheduleUpdate [as current] (node_modules/react-native/src/private/animated/createAnimatedPropsHook.js:121:20)
      at AnimatedProps.current [as _callback] (node_modules/react-native/src/private/animated/createAnimatedPropsHook.js:64:56)
      at AnimatedProps._callback [as update] (node_modules/react-native/Libraries/Animated/nodes/AnimatedProps.js:231:10)
      at update (node_modules/react-native/Libraries/Animated/nodes/AnimatedValue.js:64:31)
          at Set.forEach (<anonymous>)
      at forEach (node_modules/react-native/Libraries/Animated/nodes/AnimatedValue.js:64:10)
      at AnimatedValue.flushValue [as _updateValue] (node_modules/react-native/Libraries/Animated/nodes/AnimatedValue.js:358:7)
      at TimingAnimation._updateValue [as _onUpdate] (node_modules/react-native/Libraries/Animated/nodes/AnimatedValue.js:322:14)
      at TimingAnimation._onUpdate [as onUpdate] (node_modules/react-native/Libraries/Animated/animations/TimingAnimation.js:157:10)
      at Timeout.callback [as _onTimeout] (node_modules/react-native-worklets/src/runLoop/uiRuntime/mockedRequestAnimationFrame.ts:10:27)

    console.error
      An update to Animated(View) inside a test was not wrapped in act(...).

      When testing, code that causes React state updates should be wrapped into act(...):

      act(() => {
        /* fire events that update state */
      });
      /* assert on the output */

      This ensures that you're testing the behavior the user would see in the browser. Learn more at https://react.dev/link/wrap-tests-with-act

      at node_modules/react-test-renderer/cjs/react-test-renderer.development.js:14402:19
      at runWithFiberInDEV (node_modules/react-test-renderer/cjs/react-test-renderer.development.js:2315:13)
      at warnIfUpdatesNotWrappedWithActDEV (node_modules/react-test-renderer/cjs/react-test-renderer.development.js:14401:9)
      at scheduleUpdateOnFiber (node_modules/react-test-renderer/cjs/react-test-renderer.development.js:12086:9)
      at dispatchReducerAction (node_modules/react-test-renderer/cjs/react-test-renderer.development.js:6155:13)
      at Object.scheduleUpdate [as current] (node_modules/react-native/src/private/animated/createAnimatedPropsHook.js:121:20)
      at AnimatedProps.current [as _callback] (node_modules/react-native/src/private/animated/createAnimatedPropsHook.js:64:56)
      at AnimatedProps._callback [as update] (node_modules/react-native/Libraries/Animated/nodes/AnimatedProps.js:231:10)
      at update (node_modules/react-native/Libraries/Animated/nodes/AnimatedValue.js:64:31)
          at Set.forEach (<anonymous>)
      at forEach (node_modules/react-native/Libraries/Animated/nodes/AnimatedValue.js:64:10)
      at AnimatedValue.flushValue [as _updateValue] (node_modules/react-native/Libraries/Animated/nodes/AnimatedValue.js:358:7)
      at TimingAnimation._updateValue [as _onUpdate] (node_modules/react-native/Libraries/Animated/nodes/AnimatedValue.js:322:14)
      at TimingAnimation._onUpdate [as onUpdate] (node_modules/react-native/Libraries/Animated/animations/TimingAnimation.js:157:10)
      at Timeout.callback [as _onTimeout] (node_modules/react-native-worklets/src/runLoop/uiRuntime/mockedRequestAnimationFrame.ts:10:27)

    console.error
      An update to Animated(View) inside a test was not wrapped in act(...).

      When testing, code that causes React state updates should be wrapped into act(...):

      act(() => {
        /* fire events that update state */
      });
      /* assert on the output */

      This ensures that you're testing the behavior the user would see in the browser. Learn more at https://react.dev/link/wrap-tests-with-act

      at node_modules/react-test-renderer/cjs/react-test-renderer.development.js:14402:19
      at runWithFiberInDEV (node_modules/react-test-renderer/cjs/react-test-renderer.development.js:2315:13)
      at warnIfUpdatesNotWrappedWithActDEV (node_modules/react-test-renderer/cjs/react-test-renderer.development.js:14401:9)
      at scheduleUpdateOnFiber (node_modules/react-test-renderer/cjs/react-test-renderer.development.js:12086:9)
      at dispatchReducerAction (node_modules/react-test-renderer/cjs/react-test-renderer.development.js:6155:13)
      at Object.scheduleUpdate [as current] (node_modules/react-native/src/private/animated/createAnimatedPropsHook.js:121:20)
      at AnimatedProps.current [as _callback] (node_modules/react-native/src/private/animated/createAnimatedPropsHook.js:64:56)
      at AnimatedProps._callback [as update] (node_modules/react-native/Libraries/Animated/nodes/AnimatedProps.js:231:10)
      at update (node_modules/react-native/Libraries/Animated/nodes/AnimatedValue.js:64:31)
          at Set.forEach (<anonymous>)
      at forEach (node_modules/react-native/Libraries/Animated/nodes/AnimatedValue.js:64:10)
      at AnimatedValue.flushValue [as _updateValue] (node_modules/react-native/Libraries/Animated/nodes/AnimatedValue.js:358:7)
      at TimingAnimation._updateValue [as _onUpdate] (node_modules/react-native/Libraries/Animated/nodes/AnimatedValue.js:322:14)
      at TimingAnimation._onUpdate [as onUpdate] (node_modules/react-native/Libraries/Animated/animations/TimingAnimation.js:157:10)
      at Timeout.callback [as _onTimeout] (node_modules/react-native-worklets/src/runLoop/uiRuntime/mockedRequestAnimationFrame.ts:10:27)

    console.error
      An update to Animated(View) inside a test was not wrapped in act(...).

      When testing, code that causes React state updates should be wrapped into act(...):

      act(() => {
        /* fire events that update state */
      });
      /* assert on the output */

      This ensures that you're testing the behavior the user would see in the browser. Learn more at https://react.dev/link/wrap-tests-with-act

      at node_modules/react-test-renderer/cjs/react-test-renderer.development.js:14402:19
      at runWithFiberInDEV (node_modules/react-test-renderer/cjs/react-test-renderer.development.js:2315:13)
      at warnIfUpdatesNotWrappedWithActDEV (node_modules/react-test-renderer/cjs/react-test-renderer.development.js:14401:9)
      at scheduleUpdateOnFiber (node_modules/react-test-renderer/cjs/react-test-renderer.development.js:12086:9)
      at dispatchReducerAction (node_modules/react-test-renderer/cjs/react-test-renderer.development.js:6155:13)
      at Object.scheduleUpdate [as current] (node_modules/react-native/src/private/animated/createAnimatedPropsHook.js:121:20)
      at AnimatedProps.current [as _callback] (node_modules/react-native/src/private/animated/createAnimatedPropsHook.js:64:56)
      at AnimatedProps._callback [as update] (node_modules/react-native/Libraries/Animated/nodes/AnimatedProps.js:231:10)
      at update (node_modules/react-native/Libraries/Animated/nodes/AnimatedValue.js:64:31)
          at Set.forEach (<anonymous>)
      at forEach (node_modules/react-native/Libraries/Animated/nodes/AnimatedValue.js:64:10)
      at AnimatedValue.flushValue [as _updateValue] (node_modules/react-native/Libraries/Animated/nodes/AnimatedValue.js:358:7)
      at TimingAnimation._updateValue [as _onUpdate] (node_modules/react-native/Libraries/Animated/nodes/AnimatedValue.js:322:14)
      at TimingAnimation._onUpdate [as onUpdate] (node_modules/react-native/Libraries/Animated/animations/TimingAnimation.js:157:10)
      at Timeout.callback [as _onTimeout] (node_modules/react-native-worklets/src/runLoop/uiRuntime/mockedRequestAnimationFrame.ts:10:27)

    console.error
      An update to Animated(View) inside a test was not wrapped in act(...).

      When testing, code that causes React state updates should be wrapped into act(...):

      act(() => {
        /* fire events that update state */
      });
      /* assert on the output */

      This ensures that you're testing the behavior the user would see in the browser. Learn more at https://react.dev/link/wrap-tests-with-act

      at node_modules/react-test-renderer/cjs/react-test-renderer.development.js:14402:19
      at runWithFiberInDEV (node_modules/react-test-renderer/cjs/react-test-renderer.development.js:2315:13)
      at warnIfUpdatesNotWrappedWithActDEV (node_modules/react-test-renderer/cjs/react-test-renderer.development.js:14401:9)
      at scheduleUpdateOnFiber (node_modules/react-test-renderer/cjs/react-test-renderer.development.js:12086:9)
      at dispatchReducerAction (node_modules/react-test-renderer/cjs/react-test-renderer.development.js:6155:13)
      at Object.scheduleUpdate [as current] (node_modules/react-native/src/private/animated/createAnimatedPropsHook.js:121:20)
      at AnimatedProps.current [as _callback] (node_modules/react-native/src/private/animated/createAnimatedPropsHook.js:64:56)
      at AnimatedProps._callback [as update] (node_modules/react-native/Libraries/Animated/nodes/AnimatedProps.js:231:10)
      at update (node_modules/react-native/Libraries/Animated/nodes/AnimatedValue.js:64:31)
          at Set.forEach (<anonymous>)
      at forEach (node_modules/react-native/Libraries/Animated/nodes/AnimatedValue.js:64:10)
      at AnimatedValue.flushValue [as _updateValue] (node_modules/react-native/Libraries/Animated/nodes/AnimatedValue.js:358:7)
      at TimingAnimation._updateValue [as _onUpdate] (node_modules/react-native/Libraries/Animated/nodes/AnimatedValue.js:322:14)
      at TimingAnimation._onUpdate [as onUpdate] (node_modules/react-native/Libraries/Animated/animations/TimingAnimation.js:157:10)
      at Timeout.callback [as _onTimeout] (node_modules/react-native-worklets/src/runLoop/uiRuntime/mockedRequestAnimationFrame.ts:10:27)

    console.error
      An update to Animated(View) inside a test was not wrapped in act(...).

      When testing, code that causes React state updates should be wrapped into act(...):

      act(() => {
        /* fire events that update state */
      });
      /* assert on the output */

      This ensures that you're testing the behavior the user would see in the browser. Learn more at https://react.dev/link/wrap-tests-with-act

      at node_modules/react-test-renderer/cjs/react-test-renderer.development.js:14402:19
      at runWithFiberInDEV (node_modules/react-test-renderer/cjs/react-test-renderer.development.js:2315:13)
      at warnIfUpdatesNotWrappedWithActDEV (node_modules/react-test-renderer/cjs/react-test-renderer.development.js:14401:9)
      at scheduleUpdateOnFiber (node_modules/react-test-renderer/cjs/react-test-renderer.development.js:12086:9)
      at dispatchReducerAction (node_modules/react-test-renderer/cjs/react-test-renderer.development.js:6155:13)
      at Object.scheduleUpdate [as current] (node_modules/react-native/src/private/animated/createAnimatedPropsHook.js:121:20)
      at AnimatedProps.current [as _callback] (node_modules/react-native/src/private/animated/createAnimatedPropsHook.js:64:56)
      at AnimatedProps._callback [as update] (node_modules/react-native/Libraries/Animated/nodes/AnimatedProps.js:231:10)
      at update (node_modules/react-native/Libraries/Animated/nodes/AnimatedValue.js:64:31)
          at Set.forEach (<anonymous>)
      at forEach (node_modules/react-native/Libraries/Animated/nodes/AnimatedValue.js:64:10)
      at AnimatedValue.flushValue [as _updateValue] (node_modules/react-native/Libraries/Animated/nodes/AnimatedValue.js:358:7)
      at TimingAnimation._updateValue [as _onUpdate] (node_modules/react-native/Libraries/Animated/nodes/AnimatedValue.js:322:14)
      at TimingAnimation._onUpdate [as onUpdate] (node_modules/react-native/Libraries/Animated/animations/TimingAnimation.js:157:10)
      at Timeout.callback [as _onTimeout] (node_modules/react-native-worklets/src/runLoop/uiRuntime/mockedRequestAnimationFrame.ts:10:27)

    console.error
      An update to Animated(View) inside a test was not wrapped in act(...).

      When testing, code that causes React state updates should be wrapped into act(...):

      act(() => {
        /* fire events that update state */
      });
      /* assert on the output */

      This ensures that you're testing the behavior the user would see in the browser. Learn more at https://react.dev/link/wrap-tests-with-act

      at node_modules/react-test-renderer/cjs/react-test-renderer.development.js:14402:19
      at runWithFiberInDEV (node_modules/react-test-renderer/cjs/react-test-renderer.development.js:2315:13)
      at warnIfUpdatesNotWrappedWithActDEV (node_modules/react-test-renderer/cjs/react-test-renderer.development.js:14401:9)
      at scheduleUpdateOnFiber (node_modules/react-test-renderer/cjs/react-test-renderer.development.js:12086:9)
      at dispatchReducerAction (node_modules/react-test-renderer/cjs/react-test-renderer.development.js:6155:13)
      at Object.scheduleUpdate [as current] (node_modules/react-native/src/private/animated/createAnimatedPropsHook.js:121:20)
      at AnimatedProps.current [as _callback] (node_modules/react-native/src/private/animated/createAnimatedPropsHook.js:64:56)
      at AnimatedProps._callback [as update] (node_modules/react-native/Libraries/Animated/nodes/AnimatedProps.js:231:10)
      at update (node_modules/react-native/Libraries/Animated/nodes/AnimatedValue.js:64:31)
          at Set.forEach (<anonymous>)
      at forEach (node_modules/react-native/Libraries/Animated/nodes/AnimatedValue.js:64:10)
      at AnimatedValue.flushValue [as _updateValue] (node_modules/react-native/Libraries/Animated/nodes/AnimatedValue.js:358:7)
      at TimingAnimation._updateValue [as _onUpdate] (node_modules/react-native/Libraries/Animated/nodes/AnimatedValue.js:322:14)
      at TimingAnimation._onUpdate [as onUpdate] (node_modules/react-native/Libraries/Animated/animations/TimingAnimation.js:157:10)
      at Timeout.callback [as _onTimeout] (node_modules/react-native-worklets/src/runLoop/uiRuntime/mockedRequestAnimationFrame.ts:10:27)

    console.error
      An update to Animated(View) inside a test was not wrapped in act(...).

      When testing, code that causes React state updates should be wrapped into act(...):

      act(() => {
        /* fire events that update state */
      });
      /* assert on the output */

      This ensures that you're testing the behavior the user would see in the browser. Learn more at https://react.dev/link/wrap-tests-with-act

      at node_modules/react-test-renderer/cjs/react-test-renderer.development.js:14402:19
      at runWithFiberInDEV (node_modules/react-test-renderer/cjs/react-test-renderer.development.js:2315:13)
      at warnIfUpdatesNotWrappedWithActDEV (node_modules/react-test-renderer/cjs/react-test-renderer.development.js:14401:9)
      at scheduleUpdateOnFiber (node_modules/react-test-renderer/cjs/react-test-renderer.development.js:12086:9)
      at dispatchReducerAction (node_modules/react-test-renderer/cjs/react-test-renderer.development.js:6155:13)
      at Object.scheduleUpdate [as current] (node_modules/react-native/src/private/animated/createAnimatedPropsHook.js:121:20)
      at AnimatedProps.current [as _callback] (node_modules/react-native/src/private/animated/createAnimatedPropsHook.js:64:56)
      at AnimatedProps._callback [as update] (node_modules/react-native/Libraries/Animated/nodes/AnimatedProps.js:231:10)
      at update (node_modules/react-native/Libraries/Animated/nodes/AnimatedValue.js:64:31)
          at Set.forEach (<anonymous>)
      at forEach (node_modules/react-native/Libraries/Animated/nodes/AnimatedValue.js:64:10)
      at AnimatedValue.flushValue [as _updateValue] (node_modules/react-native/Libraries/Animated/nodes/AnimatedValue.js:358:7)
      at TimingAnimation._updateValue [as _onUpdate] (node_modules/react-native/Libraries/Animated/nodes/AnimatedValue.js:322:14)
      at TimingAnimation._onUpdate [as onUpdate] (node_modules/react-native/Libraries/Animated/animations/TimingAnimation.js:157:10)
      at Timeout.callback [as _onTimeout] (node_modules/react-native-worklets/src/runLoop/uiRuntime/mockedRequestAnimationFrame.ts:10:27)

    console.error
      An update to Animated(View) inside a test was not wrapped in act(...).

      When testing, code that causes React state updates should be wrapped into act(...):

      act(() => {
        /* fire events that update state */
      });
      /* assert on the output */

      This ensures that you're testing the behavior the user would see in the browser. Learn more at https://react.dev/link/wrap-tests-with-act

      at node_modules/react-test-renderer/cjs/react-test-renderer.development.js:14402:19
      at runWithFiberInDEV (node_modules/react-test-renderer/cjs/react-test-renderer.development.js:2315:13)
      at warnIfUpdatesNotWrappedWithActDEV (node_modules/react-test-renderer/cjs/react-test-renderer.development.js:14401:9)
      at scheduleUpdateOnFiber (node_modules/react-test-renderer/cjs/react-test-renderer.development.js:12086:9)
      at dispatchReducerAction (node_modules/react-test-renderer/cjs/react-test-renderer.development.js:6155:13)
      at Object.scheduleUpdate [as current] (node_modules/react-native/src/private/animated/createAnimatedPropsHook.js:121:20)
      at AnimatedProps.current [as _callback] (node_modules/react-native/src/private/animated/createAnimatedPropsHook.js:64:56)
      at AnimatedProps._callback [as update] (node_modules/react-native/Libraries/Animated/nodes/AnimatedProps.js:231:10)
      at update (node_modules/react-native/Libraries/Animated/nodes/AnimatedValue.js:64:31)
          at Set.forEach (<anonymous>)
      at forEach (node_modules/react-native/Libraries/Animated/nodes/AnimatedValue.js:64:10)
      at AnimatedValue.flushValue [as _updateValue] (node_modules/react-native/Libraries/Animated/nodes/AnimatedValue.js:358:7)
      at TimingAnimation._updateValue [as _onUpdate] (node_modules/react-native/Libraries/Animated/nodes/AnimatedValue.js:322:14)
      at TimingAnimation._onUpdate [as onUpdate] (node_modules/react-native/Libraries/Animated/animations/TimingAnimation.js:157:10)
      at Timeout.callback [as _onTimeout] (node_modules/react-native-worklets/src/runLoop/uiRuntime/mockedRequestAnimationFrame.ts:10:27)

    console.error
      An update to Animated(View) inside a test was not wrapped in act(...).

      When testing, code that causes React state updates should be wrapped into act(...):

      act(() => {
        /* fire events that update state */
      });
      /* assert on the output */

      This ensures that you're testing the behavior the user would see in the browser. Learn more at https://react.dev/link/wrap-tests-with-act

      at node_modules/react-test-renderer/cjs/react-test-renderer.development.js:14402:19
      at runWithFiberInDEV (node_modules/react-test-renderer/cjs/react-test-renderer.development.js:2315:13)
      at warnIfUpdatesNotWrappedWithActDEV (node_modules/react-test-renderer/cjs/react-test-renderer.development.js:14401:9)
      at scheduleUpdateOnFiber (node_modules/react-test-renderer/cjs/react-test-renderer.development.js:12086:9)
      at dispatchReducerAction (node_modules/react-test-renderer/cjs/react-test-renderer.development.js:6155:13)
      at Object.scheduleUpdate [as current] (node_modules/react-native/src/private/animated/createAnimatedPropsHook.js:121:20)
      at AnimatedProps.current [as _callback] (node_modules/react-native/src/private/animated/createAnimatedPropsHook.js:64:56)
      at AnimatedProps._callback [as update] (node_modules/react-native/Libraries/Animated/nodes/AnimatedProps.js:231:10)
      at update (node_modules/react-native/Libraries/Animated/nodes/AnimatedValue.js:64:31)
          at Set.forEach (<anonymous>)
      at forEach (node_modules/react-native/Libraries/Animated/nodes/AnimatedValue.js:64:10)
      at AnimatedValue.flushValue [as _updateValue] (node_modules/react-native/Libraries/Animated/nodes/AnimatedValue.js:358:7)
      at TimingAnimation._updateValue [as _onUpdate] (node_modules/react-native/Libraries/Animated/nodes/AnimatedValue.js:322:14)
      at TimingAnimation._onUpdate [as onUpdate] (node_modules/react-native/Libraries/Animated/animations/TimingAnimation.js:157:10)
      at Timeout.callback [as _onTimeout] (node_modules/react-native-worklets/src/runLoop/uiRuntime/mockedRequestAnimationFrame.ts:10:27)

    console.error
      An update to Animated(View) inside a test was not wrapped in act(...).

      When testing, code that causes React state updates should be wrapped into act(...):

      act(() => {
        /* fire events that update state */
      });
      /* assert on the output */

      This ensures that you're testing the behavior the user would see in the browser. Learn more at https://react.dev/link/wrap-tests-with-act

      at node_modules/react-test-renderer/cjs/react-test-renderer.development.js:14402:19
      at runWithFiberInDEV (node_modules/react-test-renderer/cjs/react-test-renderer.development.js:2315:13)
      at warnIfUpdatesNotWrappedWithActDEV (node_modules/react-test-renderer/cjs/react-test-renderer.development.js:14401:9)
      at scheduleUpdateOnFiber (node_modules/react-test-renderer/cjs/react-test-renderer.development.js:12086:9)
      at dispatchReducerAction (node_modules/react-test-renderer/cjs/react-test-renderer.development.js:6155:13)
      at Object.scheduleUpdate [as current] (node_modules/react-native/src/private/animated/createAnimatedPropsHook.js:121:20)
      at AnimatedProps.current [as _callback] (node_modules/react-native/src/private/animated/createAnimatedPropsHook.js:64:56)
      at AnimatedProps._callback [as update] (node_modules/react-native/Libraries/Animated/nodes/AnimatedProps.js:231:10)
      at update (node_modules/react-native/Libraries/Animated/nodes/AnimatedValue.js:64:31)
          at Set.forEach (<anonymous>)
      at forEach (node_modules/react-native/Libraries/Animated/nodes/AnimatedValue.js:64:10)
      at AnimatedValue.flushValue [as _updateValue] (node_modules/react-native/Libraries/Animated/nodes/AnimatedValue.js:358:7)
      at TimingAnimation._updateValue [as _onUpdate] (node_modules/react-native/Libraries/Animated/nodes/AnimatedValue.js:322:14)
      at TimingAnimation._onUpdate [as onUpdate] (node_modules/react-native/Libraries/Animated/animations/TimingAnimation.js:157:10)
      at Timeout.callback [as _onTimeout] (node_modules/react-native-worklets/src/runLoop/uiRuntime/mockedRequestAnimationFrame.ts:10:27)

    console.error
      An update to Animated(View) inside a test was not wrapped in act(...).

      When testing, code that causes React state updates should be wrapped into act(...):

      act(() => {
        /* fire events that update state */
      });
      /* assert on the output */

      This ensures that you're testing the behavior the user would see in the browser. Learn more at https://react.dev/link/wrap-tests-with-act

      at node_modules/react-test-renderer/cjs/react-test-renderer.development.js:14402:19
      at runWithFiberInDEV (node_modules/react-test-renderer/cjs/react-test-renderer.development.js:2315:13)
      at warnIfUpdatesNotWrappedWithActDEV (node_modules/react-test-renderer/cjs/react-test-renderer.development.js:14401:9)
      at scheduleUpdateOnFiber (node_modules/react-test-renderer/cjs/react-test-renderer.development.js:12086:9)
      at dispatchReducerAction (node_modules/react-test-renderer/cjs/react-test-renderer.development.js:6155:13)
      at Object.scheduleUpdate [as current] (node_modules/react-native/src/private/animated/createAnimatedPropsHook.js:121:20)
      at AnimatedProps.current [as _callback] (node_modules/react-native/src/private/animated/createAnimatedPropsHook.js:64:56)
      at AnimatedProps._callback [as update] (node_modules/react-native/Libraries/Animated/nodes/AnimatedProps.js:231:10)
      at update (node_modules/react-native/Libraries/Animated/nodes/AnimatedValue.js:64:31)
          at Set.forEach (<anonymous>)
      at forEach (node_modules/react-native/Libraries/Animated/nodes/AnimatedValue.js:64:10)
      at AnimatedValue.flushValue [as _updateValue] (node_modules/react-native/Libraries/Animated/nodes/AnimatedValue.js:358:7)
      at TimingAnimation._updateValue [as _onUpdate] (node_modules/react-native/Libraries/Animated/nodes/AnimatedValue.js:322:14)
      at TimingAnimation._onUpdate [as onUpdate] (node_modules/react-native/Libraries/Animated/animations/TimingAnimation.js:157:10)
      at Timeout.callback [as _onTimeout] (node_modules/react-native-worklets/src/runLoop/uiRuntime/mockedRequestAnimationFrame.ts:10:27)

    console.error
      An update to Animated(View) inside a test was not wrapped in act(...).

      When testing, code that causes React state updates should be wrapped into act(...):

      act(() => {
        /* fire events that update state */
      });
      /* assert on the output */

      This ensures that you're testing the behavior the user would see in the browser. Learn more at https://react.dev/link/wrap-tests-with-act

      at node_modules/react-test-renderer/cjs/react-test-renderer.development.js:14402:19
      at runWithFiberInDEV (node_modules/react-test-renderer/cjs/react-test-renderer.development.js:2315:13)
      at warnIfUpdatesNotWrappedWithActDEV (node_modules/react-test-renderer/cjs/react-test-renderer.development.js:14401:9)
      at scheduleUpdateOnFiber (node_modules/react-test-renderer/cjs/react-test-renderer.development.js:12086:9)
      at dispatchReducerAction (node_modules/react-test-renderer/cjs/react-test-renderer.development.js:6155:13)
      at Object.scheduleUpdate [as current] (node_modules/react-native/src/private/animated/createAnimatedPropsHook.js:121:20)
      at AnimatedProps.current [as _callback] (node_modules/react-native/src/private/animated/createAnimatedPropsHook.js:64:56)
      at AnimatedProps._callback [as update] (node_modules/react-native/Libraries/Animated/nodes/AnimatedProps.js:231:10)
      at update (node_modules/react-native/Libraries/Animated/nodes/AnimatedValue.js:64:31)
          at Set.forEach (<anonymous>)
      at forEach (node_modules/react-native/Libraries/Animated/nodes/AnimatedValue.js:64:10)
      at AnimatedValue.flushValue [as _updateValue] (node_modules/react-native/Libraries/Animated/nodes/AnimatedValue.js:358:7)
      at TimingAnimation._updateValue [as _onUpdate] (node_modules/react-native/Libraries/Animated/nodes/AnimatedValue.js:322:14)
      at TimingAnimation._onUpdate [as onUpdate] (node_modules/react-native/Libraries/Animated/animations/TimingAnimation.js:157:10)
      at Timeout.callback [as _onTimeout] (node_modules/react-native-worklets/src/runLoop/uiRuntime/mockedRequestAnimationFrame.ts:10:27)

    console.error
      An update to Animated(View) inside a test was not wrapped in act(...).

      When testing, code that causes React state updates should be wrapped into act(...):

      act(() => {
        /* fire events that update state */
      });
      /* assert on the output */

      This ensures that you're testing the behavior the user would see in the browser. Learn more at https://react.dev/link/wrap-tests-with-act

      at node_modules/react-test-renderer/cjs/react-test-renderer.development.js:14402:19
      at runWithFiberInDEV (node_modules/react-test-renderer/cjs/react-test-renderer.development.js:2315:13)
      at warnIfUpdatesNotWrappedWithActDEV (node_modules/react-test-renderer/cjs/react-test-renderer.development.js:14401:9)
      at scheduleUpdateOnFiber (node_modules/react-test-renderer/cjs/react-test-renderer.development.js:12086:9)
      at dispatchReducerAction (node_modules/react-test-renderer/cjs/react-test-renderer.development.js:6155:13)
      at Object.scheduleUpdate [as current] (node_modules/react-native/src/private/animated/createAnimatedPropsHook.js:121:20)
      at AnimatedProps.current [as _callback] (node_modules/react-native/src/private/animated/createAnimatedPropsHook.js:64:56)
      at AnimatedProps._callback [as update] (node_modules/react-native/Libraries/Animated/nodes/AnimatedProps.js:231:10)
      at update (node_modules/react-native/Libraries/Animated/nodes/AnimatedValue.js:64:31)
          at Set.forEach (<anonymous>)
      at forEach (node_modules/react-native/Libraries/Animated/nodes/AnimatedValue.js:64:10)
      at AnimatedValue.flushValue [as _updateValue] (node_modules/react-native/Libraries/Animated/nodes/AnimatedValue.js:358:7)
      at TimingAnimation._updateValue [as _onUpdate] (node_modules/react-native/Libraries/Animated/nodes/AnimatedValue.js:322:14)
      at TimingAnimation._onUpdate [as onUpdate] (node_modules/react-native/Libraries/Animated/animations/TimingAnimation.js:157:10)
      at Timeout.callback [as _onTimeout] (node_modules/react-native-worklets/src/runLoop/uiRuntime/mockedRequestAnimationFrame.ts:10:27)

    console.error
      An update to Animated(View) inside a test was not wrapped in act(...).

      When testing, code that causes React state updates should be wrapped into act(...):

      act(() => {
        /* fire events that update state */
      });
      /* assert on the output */

      This ensures that you're testing the behavior the user would see in the browser. Learn more at https://react.dev/link/wrap-tests-with-act

      at node_modules/react-test-renderer/cjs/react-test-renderer.development.js:14402:19
      at runWithFiberInDEV (node_modules/react-test-renderer/cjs/react-test-renderer.development.js:2315:13)
      at warnIfUpdatesNotWrappedWithActDEV (node_modules/react-test-renderer/cjs/react-test-renderer.development.js:14401:9)
      at scheduleUpdateOnFiber (node_modules/react-test-renderer/cjs/react-test-renderer.development.js:12086:9)
      at dispatchReducerAction (node_modules/react-test-renderer/cjs/react-test-renderer.development.js:6155:13)
      at Object.scheduleUpdate [as current] (node_modules/react-native/src/private/animated/createAnimatedPropsHook.js:121:20)
      at AnimatedProps.current [as _callback] (node_modules/react-native/src/private/animated/createAnimatedPropsHook.js:64:56)
      at AnimatedProps._callback [as update] (node_modules/react-native/Libraries/Animated/nodes/AnimatedProps.js:231:10)
      at update (node_modules/react-native/Libraries/Animated/nodes/AnimatedValue.js:64:31)
          at Set.forEach (<anonymous>)
      at forEach (node_modules/react-native/Libraries/Animated/nodes/AnimatedValue.js:64:10)
      at AnimatedValue.flushValue [as _updateValue] (node_modules/react-native/Libraries/Animated/nodes/AnimatedValue.js:358:7)
      at TimingAnimation._updateValue [as _onUpdate] (node_modules/react-native/Libraries/Animated/nodes/AnimatedValue.js:322:14)
      at TimingAnimation._onUpdate [as onUpdate] (node_modules/react-native/Libraries/Animated/animations/TimingAnimation.js:157:10)
      at Timeout.callback [as _onTimeout] (node_modules/react-native-worklets/src/runLoop/uiRuntime/mockedRequestAnimationFrame.ts:10:27)

    console.error
      An update to Animated(View) inside a test was not wrapped in act(...).

      When testing, code that causes React state updates should be wrapped into act(...):

      act(() => {
        /* fire events that update state */
      });
      /* assert on the output */

      This ensures that you're testing the behavior the user would see in the browser. Learn more at https://react.dev/link/wrap-tests-with-act

      at node_modules/react-test-renderer/cjs/react-test-renderer.development.js:14402:19
      at runWithFiberInDEV (node_modules/react-test-renderer/cjs/react-test-renderer.development.js:2315:13)
      at warnIfUpdatesNotWrappedWithActDEV (node_modules/react-test-renderer/cjs/react-test-renderer.development.js:14401:9)
      at scheduleUpdateOnFiber (node_modules/react-test-renderer/cjs/react-test-renderer.development.js:12086:9)
      at dispatchReducerAction (node_modules/react-test-renderer/cjs/react-test-renderer.development.js:6155:13)
      at Object.scheduleUpdate [as current] (node_modules/react-native/src/private/animated/createAnimatedPropsHook.js:121:20)
      at AnimatedProps.current [as _callback] (node_modules/react-native/src/private/animated/createAnimatedPropsHook.js:64:56)
      at AnimatedProps._callback [as update] (node_modules/react-native/Libraries/Animated/nodes/AnimatedProps.js:231:10)
      at update (node_modules/react-native/Libraries/Animated/nodes/AnimatedValue.js:64:31)
          at Set.forEach (<anonymous>)
      at forEach (node_modules/react-native/Libraries/Animated/nodes/AnimatedValue.js:64:10)
      at AnimatedValue.flushValue [as _updateValue] (node_modules/react-native/Libraries/Animated/nodes/AnimatedValue.js:358:7)
      at TimingAnimation._updateValue [as _onUpdate] (node_modules/react-native/Libraries/Animated/nodes/AnimatedValue.js:322:14)
      at TimingAnimation._onUpdate [as onUpdate] (node_modules/react-native/Libraries/Animated/animations/TimingAnimation.js:157:10)
      at Timeout.callback [as _onTimeout] (node_modules/react-native-worklets/src/runLoop/uiRuntime/mockedRequestAnimationFrame.ts:10:27)

    console.error
      An update to Animated(View) inside a test was not wrapped in act(...).

      When testing, code that causes React state updates should be wrapped into act(...):

      act(() => {
        /* fire events that update state */
      });
      /* assert on the output */

      This ensures that you're testing the behavior the user would see in the browser. Learn more at https://react.dev/link/wrap-tests-with-act

      at node_modules/react-test-renderer/cjs/react-test-renderer.development.js:14402:19
      at runWithFiberInDEV (node_modules/react-test-renderer/cjs/react-test-renderer.development.js:2315:13)
      at warnIfUpdatesNotWrappedWithActDEV (node_modules/react-test-renderer/cjs/react-test-renderer.development.js:14401:9)
      at scheduleUpdateOnFiber (node_modules/react-test-renderer/cjs/react-test-renderer.development.js:12086:9)
      at dispatchReducerAction (node_modules/react-test-renderer/cjs/react-test-renderer.development.js:6155:13)
      at Object.scheduleUpdate [as current] (node_modules/react-native/src/private/animated/createAnimatedPropsHook.js:121:20)
      at AnimatedProps.current [as _callback] (node_modules/react-native/src/private/animated/createAnimatedPropsHook.js:64:56)
      at AnimatedProps._callback [as update] (node_modules/react-native/Libraries/Animated/nodes/AnimatedProps.js:231:10)
      at update (node_modules/react-native/Libraries/Animated/nodes/AnimatedValue.js:64:31)
          at Set.forEach (<anonymous>)
      at forEach (node_modules/react-native/Libraries/Animated/nodes/AnimatedValue.js:64:10)
      at AnimatedValue.flushValue [as _updateValue] (node_modules/react-native/Libraries/Animated/nodes/AnimatedValue.js:358:7)
      at TimingAnimation._updateValue [as _onUpdate] (node_modules/react-native/Libraries/Animated/nodes/AnimatedValue.js:322:14)
      at TimingAnimation._onUpdate [as onUpdate] (node_modules/react-native/Libraries/Animated/animations/TimingAnimation.js:157:10)
      at Timeout.callback [as _onTimeout] (node_modules/react-native-worklets/src/runLoop/uiRuntime/mockedRequestAnimationFrame.ts:10:27)

    console.error
      An update to Animated(View) inside a test was not wrapped in act(...).

      When testing, code that causes React state updates should be wrapped into act(...):

      act(() => {
        /* fire events that update state */
      });
      /* assert on the output */

      This ensures that you're testing the behavior the user would see in the browser. Learn more at https://react.dev/link/wrap-tests-with-act

      at node_modules/react-test-renderer/cjs/react-test-renderer.development.js:14402:19
      at runWithFiberInDEV (node_modules/react-test-renderer/cjs/react-test-renderer.development.js:2315:13)
      at warnIfUpdatesNotWrappedWithActDEV (node_modules/react-test-renderer/cjs/react-test-renderer.development.js:14401:9)
      at scheduleUpdateOnFiber (node_modules/react-test-renderer/cjs/react-test-renderer.development.js:12086:9)
      at dispatchReducerAction (node_modules/react-test-renderer/cjs/react-test-renderer.development.js:6155:13)
      at Object.scheduleUpdate [as current] (node_modules/react-native/src/private/animated/createAnimatedPropsHook.js:121:20)
      at AnimatedProps.current [as _callback] (node_modules/react-native/src/private/animated/createAnimatedPropsHook.js:64:56)
      at AnimatedProps._callback [as update] (node_modules/react-native/Libraries/Animated/nodes/AnimatedProps.js:231:10)
      at update (node_modules/react-native/Libraries/Animated/nodes/AnimatedValue.js:64:31)
          at Set.forEach (<anonymous>)
      at forEach (node_modules/react-native/Libraries/Animated/nodes/AnimatedValue.js:64:10)
      at AnimatedValue.flushValue [as _updateValue] (node_modules/react-native/Libraries/Animated/nodes/AnimatedValue.js:358:7)
      at TimingAnimation._updateValue [as _onUpdate] (node_modules/react-native/Libraries/Animated/nodes/AnimatedValue.js:322:14)
      at TimingAnimation._onUpdate [as onUpdate] (node_modules/react-native/Libraries/Animated/animations/TimingAnimation.js:157:10)
      at Timeout.callback [as _onTimeout] (node_modules/react-native-worklets/src/runLoop/uiRuntime/mockedRequestAnimationFrame.ts:10:27)

    console.error
      An update to Animated(View) inside a test was not wrapped in act(...).

      When testing, code that causes React state updates should be wrapped into act(...):

      act(() => {
        /* fire events that update state */
      });
      /* assert on the output */

      This ensures that you're testing the behavior the user would see in the browser. Learn more at https://react.dev/link/wrap-tests-with-act

      at node_modules/react-test-renderer/cjs/react-test-renderer.development.js:14402:19
      at runWithFiberInDEV (node_modules/react-test-renderer/cjs/react-test-renderer.development.js:2315:13)
      at warnIfUpdatesNotWrappedWithActDEV (node_modules/react-test-renderer/cjs/react-test-renderer.development.js:14401:9)
      at scheduleUpdateOnFiber (node_modules/react-test-renderer/cjs/react-test-renderer.development.js:12086:9)
      at dispatchReducerAction (node_modules/react-test-renderer/cjs/react-test-renderer.development.js:6155:13)
      at Object.scheduleUpdate [as current] (node_modules/react-native/src/private/animated/createAnimatedPropsHook.js:121:20)
      at AnimatedProps.current [as _callback] (node_modules/react-native/src/private/animated/createAnimatedPropsHook.js:64:56)
      at AnimatedProps._callback [as update] (node_modules/react-native/Libraries/Animated/nodes/AnimatedProps.js:231:10)
      at update (node_modules/react-native/Libraries/Animated/nodes/AnimatedValue.js:64:31)
          at Set.forEach (<anonymous>)
      at forEach (node_modules/react-native/Libraries/Animated/nodes/AnimatedValue.js:64:10)
      at AnimatedValue.flushValue [as _updateValue] (node_modules/react-native/Libraries/Animated/nodes/AnimatedValue.js:358:7)
      at TimingAnimation._updateValue [as _onUpdate] (node_modules/react-native/Libraries/Animated/nodes/AnimatedValue.js:322:14)
      at TimingAnimation._onUpdate [as onUpdate] (node_modules/react-native/Libraries/Animated/animations/TimingAnimation.js:157:10)
      at Timeout.callback [as _onTimeout] (node_modules/react-native-worklets/src/runLoop/uiRuntime/mockedRequestAnimationFrame.ts:10:27)

    console.error
      An update to Animated(View) inside a test was not wrapped in act(...).

      When testing, code that causes React state updates should be wrapped into act(...):

      act(() => {
        /* fire events that update state */
      });
      /* assert on the output */

      This ensures that you're testing the behavior the user would see in the browser. Learn more at https://react.dev/link/wrap-tests-with-act

      at node_modules/react-test-renderer/cjs/react-test-renderer.development.js:14402:19
      at runWithFiberInDEV (node_modules/react-test-renderer/cjs/react-test-renderer.development.js:2315:13)
      at warnIfUpdatesNotWrappedWithActDEV (node_modules/react-test-renderer/cjs/react-test-renderer.development.js:14401:9)
      at scheduleUpdateOnFiber (node_modules/react-test-renderer/cjs/react-test-renderer.development.js:12086:9)
      at dispatchReducerAction (node_modules/react-test-renderer/cjs/react-test-renderer.development.js:6155:13)
      at Object.scheduleUpdate [as current] (node_modules/react-native/src/private/animated/createAnimatedPropsHook.js:121:20)
      at AnimatedProps.current [as _callback] (node_modules/react-native/src/private/animated/createAnimatedPropsHook.js:64:56)
      at AnimatedProps._callback [as update] (node_modules/react-native/Libraries/Animated/nodes/AnimatedProps.js:231:10)
      at update (node_modules/react-native/Libraries/Animated/nodes/AnimatedValue.js:64:31)
          at Set.forEach (<anonymous>)
      at forEach (node_modules/react-native/Libraries/Animated/nodes/AnimatedValue.js:64:10)
      at AnimatedValue.flushValue [as _updateValue] (node_modules/react-native/Libraries/Animated/nodes/AnimatedValue.js:358:7)
      at TimingAnimation._updateValue [as _onUpdate] (node_modules/react-native/Libraries/Animated/nodes/AnimatedValue.js:322:14)
      at TimingAnimation._onUpdate [as onUpdate] (node_modules/react-native/Libraries/Animated/animations/TimingAnimation.js:157:10)
      at Timeout.callback [as _onTimeout] (node_modules/react-native-worklets/src/runLoop/uiRuntime/mockedRequestAnimationFrame.ts:10:27)

    console.error
      An update to Animated(View) inside a test was not wrapped in act(...).

      When testing, code that causes React state updates should be wrapped into act(...):

      act(() => {
        /* fire events that update state */
      });
      /* assert on the output */

      This ensures that you're testing the behavior the user would see in the browser. Learn more at https://react.dev/link/wrap-tests-with-act

      at node_modules/react-test-renderer/cjs/react-test-renderer.development.js:14402:19
      at runWithFiberInDEV (node_modules/react-test-renderer/cjs/react-test-renderer.development.js:2315:13)
      at warnIfUpdatesNotWrappedWithActDEV (node_modules/react-test-renderer/cjs/react-test-renderer.development.js:14401:9)
      at scheduleUpdateOnFiber (node_modules/react-test-renderer/cjs/react-test-renderer.development.js:12086:9)
      at dispatchReducerAction (node_modules/react-test-renderer/cjs/react-test-renderer.development.js:6155:13)
      at Object.scheduleUpdate [as current] (node_modules/react-native/src/private/animated/createAnimatedPropsHook.js:121:20)
      at AnimatedProps.current [as _callback] (node_modules/react-native/src/private/animated/createAnimatedPropsHook.js:64:56)
      at AnimatedProps._callback [as update] (node_modules/react-native/Libraries/Animated/nodes/AnimatedProps.js:231:10)
      at update (node_modules/react-native/Libraries/Animated/nodes/AnimatedValue.js:64:31)
          at Set.forEach (<anonymous>)
      at forEach (node_modules/react-native/Libraries/Animated/nodes/AnimatedValue.js:64:10)
      at AnimatedValue.flushValue [as _updateValue] (node_modules/react-native/Libraries/Animated/nodes/AnimatedValue.js:358:7)
      at TimingAnimation._updateValue [as _onUpdate] (node_modules/react-native/Libraries/Animated/nodes/AnimatedValue.js:322:14)
      at TimingAnimation._onUpdate [as onUpdate] (node_modules/react-native/Libraries/Animated/animations/TimingAnimation.js:157:10)
      at Timeout.callback [as _onTimeout] (node_modules/react-native-worklets/src/runLoop/uiRuntime/mockedRequestAnimationFrame.ts:10:27)

    console.error
      An update to Animated(View) inside a test was not wrapped in act(...).

      When testing, code that causes React state updates should be wrapped into act(...):

      act(() => {
        /* fire events that update state */
      });
      /* assert on the output */

      This ensures that you're testing the behavior the user would see in the browser. Learn more at https://react.dev/link/wrap-tests-with-act

      at node_modules/react-test-renderer/cjs/react-test-renderer.development.js:14402:19
      at runWithFiberInDEV (node_modules/react-test-renderer/cjs/react-test-renderer.development.js:2315:13)
      at warnIfUpdatesNotWrappedWithActDEV (node_modules/react-test-renderer/cjs/react-test-renderer.development.js:14401:9)
      at scheduleUpdateOnFiber (node_modules/react-test-renderer/cjs/react-test-renderer.development.js:12086:9)
      at dispatchReducerAction (node_modules/react-test-renderer/cjs/react-test-renderer.development.js:6155:13)
      at Object.scheduleUpdate [as current] (node_modules/react-native/src/private/animated/createAnimatedPropsHook.js:121:20)
      at AnimatedProps.current [as _callback] (node_modules/react-native/src/private/animated/createAnimatedPropsHook.js:64:56)
      at AnimatedProps._callback [as update] (node_modules/react-native/Libraries/Animated/nodes/AnimatedProps.js:231:10)
      at update (node_modules/react-native/Libraries/Animated/nodes/AnimatedValue.js:64:31)
          at Set.forEach (<anonymous>)
      at forEach (node_modules/react-native/Libraries/Animated/nodes/AnimatedValue.js:64:10)
      at AnimatedValue.flushValue [as _updateValue] (node_modules/react-native/Libraries/Animated/nodes/AnimatedValue.js:358:7)
      at TimingAnimation._updateValue [as _onUpdate] (node_modules/react-native/Libraries/Animated/nodes/AnimatedValue.js:322:14)
      at TimingAnimation._onUpdate [as onUpdate] (node_modules/react-native/Libraries/Animated/animations/TimingAnimation.js:157:10)
      at Timeout.callback [as _onTimeout] (node_modules/react-native-worklets/src/runLoop/uiRuntime/mockedRequestAnimationFrame.ts:10:27)

    console.error
      An update to Animated(View) inside a test was not wrapped in act(...).

      When testing, code that causes React state updates should be wrapped into act(...):

      act(() => {
        /* fire events that update state */
      });
      /* assert on the output */

      This ensures that you're testing the behavior the user would see in the browser. Learn more at https://react.dev/link/wrap-tests-with-act

      at node_modules/react-test-renderer/cjs/react-test-renderer.development.js:14402:19
      at runWithFiberInDEV (node_modules/react-test-renderer/cjs/react-test-renderer.development.js:2315:13)
      at warnIfUpdatesNotWrappedWithActDEV (node_modules/react-test-renderer/cjs/react-test-renderer.development.js:14401:9)
      at scheduleUpdateOnFiber (node_modules/react-test-renderer/cjs/react-test-renderer.development.js:12086:9)
      at dispatchReducerAction (node_modules/react-test-renderer/cjs/react-test-renderer.development.js:6155:13)
      at Object.scheduleUpdate [as current] (node_modules/react-native/src/private/animated/createAnimatedPropsHook.js:121:20)
      at AnimatedProps.current [as _callback] (node_modules/react-native/src/private/animated/createAnimatedPropsHook.js:64:56)
      at AnimatedProps._callback [as update] (node_modules/react-native/Libraries/Animated/nodes/AnimatedProps.js:231:10)
      at update (node_modules/react-native/Libraries/Animated/nodes/AnimatedValue.js:64:31)
          at Set.forEach (<anonymous>)
      at forEach (node_modules/react-native/Libraries/Animated/nodes/AnimatedValue.js:64:10)
      at AnimatedValue.flushValue [as _updateValue] (node_modules/react-native/Libraries/Animated/nodes/AnimatedValue.js:358:7)
      at TimingAnimation._updateValue [as _onUpdate] (node_modules/react-native/Libraries/Animated/nodes/AnimatedValue.js:322:14)
      at TimingAnimation._onUpdate [as onUpdate] (node_modules/react-native/Libraries/Animated/animations/TimingAnimation.js:157:10)
      at Timeout.callback [as _onTimeout] (node_modules/react-native-worklets/src/runLoop/uiRuntime/mockedRequestAnimationFrame.ts:10:27)

    console.error
      An update to Animated(View) inside a test was not wrapped in act(...).

      When testing, code that causes React state updates should be wrapped into act(...):

      act(() => {
        /* fire events that update state */
      });
      /* assert on the output */

      This ensures that you're testing the behavior the user would see in the browser. Learn more at https://react.dev/link/wrap-tests-with-act

      at node_modules/react-test-renderer/cjs/react-test-renderer.development.js:14402:19
      at runWithFiberInDEV (node_modules/react-test-renderer/cjs/react-test-renderer.development.js:2315:13)
      at warnIfUpdatesNotWrappedWithActDEV (node_modules/react-test-renderer/cjs/react-test-renderer.development.js:14401:9)
      at scheduleUpdateOnFiber (node_modules/react-test-renderer/cjs/react-test-renderer.development.js:12086:9)
      at dispatchReducerAction (node_modules/react-test-renderer/cjs/react-test-renderer.development.js:6155:13)
      at Object.scheduleUpdate [as current] (node_modules/react-native/src/private/animated/createAnimatedPropsHook.js:121:20)
      at AnimatedProps.current [as _callback] (node_modules/react-native/src/private/animated/createAnimatedPropsHook.js:64:56)
      at AnimatedProps._callback [as update] (node_modules/react-native/Libraries/Animated/nodes/AnimatedProps.js:231:10)
      at update (node_modules/react-native/Libraries/Animated/nodes/AnimatedValue.js:64:31)
          at Set.forEach (<anonymous>)
      at forEach (node_modules/react-native/Libraries/Animated/nodes/AnimatedValue.js:64:10)
      at AnimatedValue.flushValue [as _updateValue] (node_modules/react-native/Libraries/Animated/nodes/AnimatedValue.js:358:7)
      at TimingAnimation._updateValue [as _onUpdate] (node_modules/react-native/Libraries/Animated/nodes/AnimatedValue.js:322:14)
      at TimingAnimation._onUpdate [as onUpdate] (node_modules/react-native/Libraries/Animated/animations/TimingAnimation.js:157:10)
      at Timeout.callback [as _onTimeout] (node_modules/react-native-worklets/src/runLoop/uiRuntime/mockedRequestAnimationFrame.ts:10:27)

    console.error
      An update to Animated(View) inside a test was not wrapped in act(...).

      When testing, code that causes React state updates should be wrapped into act(...):

      act(() => {
        /* fire events that update state */
      });
      /* assert on the output */

      This ensures that you're testing the behavior the user would see in the browser. Learn more at https://react.dev/link/wrap-tests-with-act

      at node_modules/react-test-renderer/cjs/react-test-renderer.development.js:14402:19
      at runWithFiberInDEV (node_modules/react-test-renderer/cjs/react-test-renderer.development.js:2315:13)
      at warnIfUpdatesNotWrappedWithActDEV (node_modules/react-test-renderer/cjs/react-test-renderer.development.js:14401:9)
      at scheduleUpdateOnFiber (node_modules/react-test-renderer/cjs/react-test-renderer.development.js:12086:9)
      at dispatchReducerAction (node_modules/react-test-renderer/cjs/react-test-renderer.development.js:6155:13)
      at Object.scheduleUpdate [as current] (node_modules/react-native/src/private/animated/createAnimatedPropsHook.js:121:20)
      at AnimatedProps.current [as _callback] (node_modules/react-native/src/private/animated/createAnimatedPropsHook.js:64:56)
      at AnimatedProps._callback [as update] (node_modules/react-native/Libraries/Animated/nodes/AnimatedProps.js:231:10)
      at update (node_modules/react-native/Libraries/Animated/nodes/AnimatedValue.js:64:31)
          at Set.forEach (<anonymous>)
      at forEach (node_modules/react-native/Libraries/Animated/nodes/AnimatedValue.js:64:10)
      at AnimatedValue.flushValue [as _updateValue] (node_modules/react-native/Libraries/Animated/nodes/AnimatedValue.js:358:7)
      at TimingAnimation._updateValue [as _onUpdate] (node_modules/react-native/Libraries/Animated/nodes/AnimatedValue.js:322:14)
      at TimingAnimation._onUpdate [as onUpdate] (node_modules/react-native/Libraries/Animated/animations/TimingAnimation.js:157:10)
      at Timeout.callback [as _onTimeout] (node_modules/react-native-worklets/src/runLoop/uiRuntime/mockedRequestAnimationFrame.ts:10:27)

    console.error
      An update to Animated(View) inside a test was not wrapped in act(...).

      When testing, code that causes React state updates should be wrapped into act(...):

      act(() => {
        /* fire events that update state */
      });
      /* assert on the output */

      This ensures that you're testing the behavior the user would see in the browser. Learn more at https://react.dev/link/wrap-tests-with-act

      at node_modules/react-test-renderer/cjs/react-test-renderer.development.js:14402:19
      at runWithFiberInDEV (node_modules/react-test-renderer/cjs/react-test-renderer.development.js:2315:13)
      at warnIfUpdatesNotWrappedWithActDEV (node_modules/react-test-renderer/cjs/react-test-renderer.development.js:14401:9)
      at scheduleUpdateOnFiber (node_modules/react-test-renderer/cjs/react-test-renderer.development.js:12086:9)
      at dispatchReducerAction (node_modules/react-test-renderer/cjs/react-test-renderer.development.js:6155:13)
      at Object.scheduleUpdate [as current] (node_modules/react-native/src/private/animated/createAnimatedPropsHook.js:121:20)
      at AnimatedProps.current [as _callback] (node_modules/react-native/src/private/animated/createAnimatedPropsHook.js:64:56)
      at AnimatedProps._callback [as update] (node_modules/react-native/Libraries/Animated/nodes/AnimatedProps.js:231:10)
      at update (node_modules/react-native/Libraries/Animated/nodes/AnimatedValue.js:64:31)
          at Set.forEach (<anonymous>)
      at forEach (node_modules/react-native/Libraries/Animated/nodes/AnimatedValue.js:64:10)
      at AnimatedValue.flushValue [as _updateValue] (node_modules/react-native/Libraries/Animated/nodes/AnimatedValue.js:358:7)
      at TimingAnimation._updateValue [as _onUpdate] (node_modules/react-native/Libraries/Animated/nodes/AnimatedValue.js:322:14)
      at TimingAnimation._onUpdate [as onUpdate] (node_modules/react-native/Libraries/Animated/animations/TimingAnimation.js:157:10)
      at Timeout.callback [as _onTimeout] (node_modules/react-native-worklets/src/runLoop/uiRuntime/mockedRequestAnimationFrame.ts:10:27)

    console.error
      An update to Animated(View) inside a test was not wrapped in act(...).

      When testing, code that causes React state updates should be wrapped into act(...):

      act(() => {
        /* fire events that update state */
      });
      /* assert on the output */

      This ensures that you're testing the behavior the user would see in the browser. Learn more at https://react.dev/link/wrap-tests-with-act

      at node_modules/react-test-renderer/cjs/react-test-renderer.development.js:14402:19
      at runWithFiberInDEV (node_modules/react-test-renderer/cjs/react-test-renderer.development.js:2315:13)
      at warnIfUpdatesNotWrappedWithActDEV (node_modules/react-test-renderer/cjs/react-test-renderer.development.js:14401:9)
      at scheduleUpdateOnFiber (node_modules/react-test-renderer/cjs/react-test-renderer.development.js:12086:9)
      at dispatchReducerAction (node_modules/react-test-renderer/cjs/react-test-renderer.development.js:6155:13)
      at Object.scheduleUpdate [as current] (node_modules/react-native/src/private/animated/createAnimatedPropsHook.js:121:20)
      at AnimatedProps.current [as _callback] (node_modules/react-native/src/private/animated/createAnimatedPropsHook.js:64:56)
      at AnimatedProps._callback [as update] (node_modules/react-native/Libraries/Animated/nodes/AnimatedProps.js:231:10)
      at update (node_modules/react-native/Libraries/Animated/nodes/AnimatedValue.js:64:31)
          at Set.forEach (<anonymous>)
      at forEach (node_modules/react-native/Libraries/Animated/nodes/AnimatedValue.js:64:10)
      at AnimatedValue.flushValue [as _updateValue] (node_modules/react-native/Libraries/Animated/nodes/AnimatedValue.js:358:7)
      at TimingAnimation._updateValue [as _onUpdate] (node_modules/react-native/Libraries/Animated/nodes/AnimatedValue.js:322:14)
      at TimingAnimation._onUpdate [as onUpdate] (node_modules/react-native/Libraries/Animated/animations/TimingAnimation.js:157:10)
      at Timeout.callback [as _onTimeout] (node_modules/react-native-worklets/src/runLoop/uiRuntime/mockedRequestAnimationFrame.ts:10:27)

    console.error
      An update to Animated(View) inside a test was not wrapped in act(...).

      When testing, code that causes React state updates should be wrapped into act(...):

      act(() => {
        /* fire events that update state */
      });
      /* assert on the output */

      This ensures that you're testing the behavior the user would see in the browser. Learn more at https://react.dev/link/wrap-tests-with-act

      at node_modules/react-test-renderer/cjs/react-test-renderer.development.js:14402:19
      at runWithFiberInDEV (node_modules/react-test-renderer/cjs/react-test-renderer.development.js:2315:13)
      at warnIfUpdatesNotWrappedWithActDEV (node_modules/react-test-renderer/cjs/react-test-renderer.development.js:14401:9)
      at scheduleUpdateOnFiber (node_modules/react-test-renderer/cjs/react-test-renderer.development.js:12086:9)
      at dispatchReducerAction (node_modules/react-test-renderer/cjs/react-test-renderer.development.js:6155:13)
      at Object.scheduleUpdate [as current] (node_modules/react-native/src/private/animated/createAnimatedPropsHook.js:121:20)
      at AnimatedProps.current [as _callback] (node_modules/react-native/src/private/animated/createAnimatedPropsHook.js:64:56)
      at AnimatedProps._callback [as update] (node_modules/react-native/Libraries/Animated/nodes/AnimatedProps.js:231:10)
      at update (node_modules/react-native/Libraries/Animated/nodes/AnimatedValue.js:64:31)
          at Set.forEach (<anonymous>)
      at forEach (node_modules/react-native/Libraries/Animated/nodes/AnimatedValue.js:64:10)
      at AnimatedValue.flushValue [as _updateValue] (node_modules/react-native/Libraries/Animated/nodes/AnimatedValue.js:358:7)
      at TimingAnimation._updateValue [as _onUpdate] (node_modules/react-native/Libraries/Animated/nodes/AnimatedValue.js:322:14)
      at TimingAnimation._onUpdate [as onUpdate] (node_modules/react-native/Libraries/Animated/animations/TimingAnimation.js:157:10)
      at Timeout.callback [as _onTimeout] (node_modules/react-native-worklets/src/runLoop/uiRuntime/mockedRequestAnimationFrame.ts:10:27)

    console.error
      An update to Animated(View) inside a test was not wrapped in act(...).

      When testing, code that causes React state updates should be wrapped into act(...):

      act(() => {
        /* fire events that update state */
      });
      /* assert on the output */

      This ensures that you're testing the behavior the user would see in the browser. Learn more at https://react.dev/link/wrap-tests-with-act

      at node_modules/react-test-renderer/cjs/react-test-renderer.development.js:14402:19
      at runWithFiberInDEV (node_modules/react-test-renderer/cjs/react-test-renderer.development.js:2315:13)
      at warnIfUpdatesNotWrappedWithActDEV (node_modules/react-test-renderer/cjs/react-test-renderer.development.js:14401:9)
      at scheduleUpdateOnFiber (node_modules/react-test-renderer/cjs/react-test-renderer.development.js:12086:9)
      at dispatchReducerAction (node_modules/react-test-renderer/cjs/react-test-renderer.development.js:6155:13)
      at Object.scheduleUpdate [as current] (node_modules/react-native/src/private/animated/createAnimatedPropsHook.js:121:20)
      at AnimatedProps.current [as _callback] (node_modules/react-native/src/private/animated/createAnimatedPropsHook.js:64:56)
      at AnimatedProps._callback [as update] (node_modules/react-native/Libraries/Animated/nodes/AnimatedProps.js:231:10)
      at update (node_modules/react-native/Libraries/Animated/nodes/AnimatedValue.js:64:31)
          at Set.forEach (<anonymous>)
      at forEach (node_modules/react-native/Libraries/Animated/nodes/AnimatedValue.js:64:10)
      at AnimatedValue.flushValue [as _updateValue] (node_modules/react-native/Libraries/Animated/nodes/AnimatedValue.js:358:7)
      at TimingAnimation._updateValue [as _onUpdate] (node_modules/react-native/Libraries/Animated/nodes/AnimatedValue.js:322:14)
      at TimingAnimation._onUpdate [as onUpdate] (node_modules/react-native/Libraries/Animated/animations/TimingAnimation.js:157:10)
      at Timeout.callback [as _onTimeout] (node_modules/react-native-worklets/src/runLoop/uiRuntime/mockedRequestAnimationFrame.ts:10:27)

    console.error
      An update to Animated(View) inside a test was not wrapped in act(...).

      When testing, code that causes React state updates should be wrapped into act(...):

      act(() => {
        /* fire events that update state */
      });
      /* assert on the output */

      This ensures that you're testing the behavior the user would see in the browser. Learn more at https://react.dev/link/wrap-tests-with-act

      at node_modules/react-test-renderer/cjs/react-test-renderer.development.js:14402:19
      at runWithFiberInDEV (node_modules/react-test-renderer/cjs/react-test-renderer.development.js:2315:13)
      at warnIfUpdatesNotWrappedWithActDEV (node_modules/react-test-renderer/cjs/react-test-renderer.development.js:14401:9)
      at scheduleUpdateOnFiber (node_modules/react-test-renderer/cjs/react-test-renderer.development.js:12086:9)
      at dispatchReducerAction (node_modules/react-test-renderer/cjs/react-test-renderer.development.js:6155:13)
      at Object.scheduleUpdate [as current] (node_modules/react-native/src/private/animated/createAnimatedPropsHook.js:121:20)
      at AnimatedProps.current [as _callback] (node_modules/react-native/src/private/animated/createAnimatedPropsHook.js:64:56)
      at AnimatedProps._callback [as update] (node_modules/react-native/Libraries/Animated/nodes/AnimatedProps.js:231:10)
      at update (node_modules/react-native/Libraries/Animated/nodes/AnimatedValue.js:64:31)
          at Set.forEach (<anonymous>)
      at forEach (node_modules/react-native/Libraries/Animated/nodes/AnimatedValue.js:64:10)
      at AnimatedValue.flushValue [as _updateValue] (node_modules/react-native/Libraries/Animated/nodes/AnimatedValue.js:358:7)
      at TimingAnimation._updateValue [as _onUpdate] (node_modules/react-native/Libraries/Animated/nodes/AnimatedValue.js:322:14)
      at TimingAnimation._onUpdate [as onUpdate] (node_modules/react-native/Libraries/Animated/animations/TimingAnimation.js:157:10)
      at Timeout.callback [as _onTimeout] (node_modules/react-native-worklets/src/runLoop/uiRuntime/mockedRequestAnimationFrame.ts:10:27)

    console.error
      An update to Animated(View) inside a test was not wrapped in act(...).

      When testing, code that causes React state updates should be wrapped into act(...):

      act(() => {
        /* fire events that update state */
      });
      /* assert on the output */

      This ensures that you're testing the behavior the user would see in the browser. Learn more at https://react.dev/link/wrap-tests-with-act

      at node_modules/react-test-renderer/cjs/react-test-renderer.development.js:14402:19
      at runWithFiberInDEV (node_modules/react-test-renderer/cjs/react-test-renderer.development.js:2315:13)
      at warnIfUpdatesNotWrappedWithActDEV (node_modules/react-test-renderer/cjs/react-test-renderer.development.js:14401:9)
      at scheduleUpdateOnFiber (node_modules/react-test-renderer/cjs/react-test-renderer.development.js:12086:9)
      at dispatchReducerAction (node_modules/react-test-renderer/cjs/react-test-renderer.development.js:6155:13)
      at Object.scheduleUpdate [as current] (node_modules/react-native/src/private/animated/createAnimatedPropsHook.js:121:20)
      at AnimatedProps.current [as _callback] (node_modules/react-native/src/private/animated/createAnimatedPropsHook.js:64:56)
      at AnimatedProps._callback [as update] (node_modules/react-native/Libraries/Animated/nodes/AnimatedProps.js:231:10)
      at update (node_modules/react-native/Libraries/Animated/nodes/AnimatedValue.js:64:31)
          at Set.forEach (<anonymous>)
      at forEach (node_modules/react-native/Libraries/Animated/nodes/AnimatedValue.js:64:10)
      at AnimatedValue.flushValue [as _updateValue] (node_modules/react-native/Libraries/Animated/nodes/AnimatedValue.js:358:7)
      at TimingAnimation._updateValue [as _onUpdate] (node_modules/react-native/Libraries/Animated/nodes/AnimatedValue.js:322:14)
      at TimingAnimation._onUpdate [as onUpdate] (node_modules/react-native/Libraries/Animated/animations/TimingAnimation.js:157:10)
      at Timeout.callback [as _onTimeout] (node_modules/react-native-worklets/src/runLoop/uiRuntime/mockedRequestAnimationFrame.ts:10:27)

    console.error
      An update to Animated(View) inside a test was not wrapped in act(...).

      When testing, code that causes React state updates should be wrapped into act(...):

      act(() => {
        /* fire events that update state */
      });
      /* assert on the output */

      This ensures that you're testing the behavior the user would see in the browser. Learn more at https://react.dev/link/wrap-tests-with-act

      at node_modules/react-test-renderer/cjs/react-test-renderer.development.js:14402:19
      at runWithFiberInDEV (node_modules/react-test-renderer/cjs/react-test-renderer.development.js:2315:13)
      at warnIfUpdatesNotWrappedWithActDEV (node_modules/react-test-renderer/cjs/react-test-renderer.development.js:14401:9)
      at scheduleUpdateOnFiber (node_modules/react-test-renderer/cjs/react-test-renderer.development.js:12086:9)
      at dispatchReducerAction (node_modules/react-test-renderer/cjs/react-test-renderer.development.js:6155:13)
      at Object.scheduleUpdate [as current] (node_modules/react-native/src/private/animated/createAnimatedPropsHook.js:121:20)
      at AnimatedProps.current [as _callback] (node_modules/react-native/src/private/animated/createAnimatedPropsHook.js:64:56)
      at AnimatedProps._callback [as update] (node_modules/react-native/Libraries/Animated/nodes/AnimatedProps.js:231:10)
      at update (node_modules/react-native/Libraries/Animated/nodes/AnimatedValue.js:64:31)
          at Set.forEach (<anonymous>)
      at forEach (node_modules/react-native/Libraries/Animated/nodes/AnimatedValue.js:64:10)
      at AnimatedValue.flushValue [as _updateValue] (node_modules/react-native/Libraries/Animated/nodes/AnimatedValue.js:358:7)
      at TimingAnimation._updateValue [as _onUpdate] (node_modules/react-native/Libraries/Animated/nodes/AnimatedValue.js:322:14)
      at TimingAnimation._onUpdate [as onUpdate] (node_modules/react-native/Libraries/Animated/animations/TimingAnimation.js:157:10)
      at Timeout.callback [as _onTimeout] (node_modules/react-native-worklets/src/runLoop/uiRuntime/mockedRequestAnimationFrame.ts:10:27)

    console.error
      An update to Animated(View) inside a test was not wrapped in act(...).

      When testing, code that causes React state updates should be wrapped into act(...):

      act(() => {
        /* fire events that update state */
      });
      /* assert on the output */

      This ensures that you're testing the behavior the user would see in the browser. Learn more at https://react.dev/link/wrap-tests-with-act

      at node_modules/react-test-renderer/cjs/react-test-renderer.development.js:14402:19
      at runWithFiberInDEV (node_modules/react-test-renderer/cjs/react-test-renderer.development.js:2315:13)
      at warnIfUpdatesNotWrappedWithActDEV (node_modules/react-test-renderer/cjs/react-test-renderer.development.js:14401:9)
      at scheduleUpdateOnFiber (node_modules/react-test-renderer/cjs/react-test-renderer.development.js:12086:9)
      at dispatchReducerAction (node_modules/react-test-renderer/cjs/react-test-renderer.development.js:6155:13)
      at Object.scheduleUpdate [as current] (node_modules/react-native/src/private/animated/createAnimatedPropsHook.js:121:20)
      at AnimatedProps.current [as _callback] (node_modules/react-native/src/private/animated/createAnimatedPropsHook.js:64:56)
      at AnimatedProps._callback [as update] (node_modules/react-native/Libraries/Animated/nodes/AnimatedProps.js:231:10)
      at update (node_modules/react-native/Libraries/Animated/nodes/AnimatedValue.js:64:31)
          at Set.forEach (<anonymous>)
      at forEach (node_modules/react-native/Libraries/Animated/nodes/AnimatedValue.js:64:10)
      at AnimatedValue.flushValue [as _updateValue] (node_modules/react-native/Libraries/Animated/nodes/AnimatedValue.js:358:7)
      at TimingAnimation._updateValue [as _onUpdate] (node_modules/react-native/Libraries/Animated/nodes/AnimatedValue.js:322:14)
      at TimingAnimation._onUpdate [as onUpdate] (node_modules/react-native/Libraries/Animated/animations/TimingAnimation.js:157:10)
      at Timeout.callback [as _onTimeout] (node_modules/react-native-worklets/src/runLoop/uiRuntime/mockedRequestAnimationFrame.ts:10:27)

    console.error
      An update to Animated(View) inside a test was not wrapped in act(...).

      When testing, code that causes React state updates should be wrapped into act(...):

      act(() => {
        /* fire events that update state */
      });
      /* assert on the output */

      This ensures that you're testing the behavior the user would see in the browser. Learn more at https://react.dev/link/wrap-tests-with-act

      at node_modules/react-test-renderer/cjs/react-test-renderer.development.js:14402:19
      at runWithFiberInDEV (node_modules/react-test-renderer/cjs/react-test-renderer.development.js:2315:13)
      at warnIfUpdatesNotWrappedWithActDEV (node_modules/react-test-renderer/cjs/react-test-renderer.development.js:14401:9)
      at scheduleUpdateOnFiber (node_modules/react-test-renderer/cjs/react-test-renderer.development.js:12086:9)
      at dispatchReducerAction (node_modules/react-test-renderer/cjs/react-test-renderer.development.js:6155:13)
      at Object.scheduleUpdate [as current] (node_modules/react-native/src/private/animated/createAnimatedPropsHook.js:121:20)
      at AnimatedProps.current [as _callback] (node_modules/react-native/src/private/animated/createAnimatedPropsHook.js:64:56)
      at AnimatedProps._callback [as update] (node_modules/react-native/Libraries/Animated/nodes/AnimatedProps.js:231:10)
      at update (node_modules/react-native/Libraries/Animated/nodes/AnimatedValue.js:64:31)
          at Set.forEach (<anonymous>)
      at forEach (node_modules/react-native/Libraries/Animated/nodes/AnimatedValue.js:64:10)
      at AnimatedValue.flushValue [as _updateValue] (node_modules/react-native/Libraries/Animated/nodes/AnimatedValue.js:358:7)
      at TimingAnimation._updateValue [as _onUpdate] (node_modules/react-native/Libraries/Animated/nodes/AnimatedValue.js:322:14)
      at TimingAnimation._onUpdate [as onUpdate] (node_modules/react-native/Libraries/Animated/animations/TimingAnimation.js:157:10)
      at Timeout.callback [as _onTimeout] (node_modules/react-native-worklets/src/runLoop/uiRuntime/mockedRequestAnimationFrame.ts:10:27)

    console.error
      An update to Animated(View) inside a test was not wrapped in act(...).

      When testing, code that causes React state updates should be wrapped into act(...):

      act(() => {
        /* fire events that update state */
      });
      /* assert on the output */

      This ensures that you're testing the behavior the user would see in the browser. Learn more at https://react.dev/link/wrap-tests-with-act

      at node_modules/react-test-renderer/cjs/react-test-renderer.development.js:14402:19
      at runWithFiberInDEV (node_modules/react-test-renderer/cjs/react-test-renderer.development.js:2315:13)
      at warnIfUpdatesNotWrappedWithActDEV (node_modules/react-test-renderer/cjs/react-test-renderer.development.js:14401:9)
      at scheduleUpdateOnFiber (node_modules/react-test-renderer/cjs/react-test-renderer.development.js:12086:9)
      at dispatchReducerAction (node_modules/react-test-renderer/cjs/react-test-renderer.development.js:6155:13)
      at Object.scheduleUpdate [as current] (node_modules/react-native/src/private/animated/createAnimatedPropsHook.js:121:20)
      at AnimatedProps.current [as _callback] (node_modules/react-native/src/private/animated/createAnimatedPropsHook.js:64:56)
      at AnimatedProps._callback [as update] (node_modules/react-native/Libraries/Animated/nodes/AnimatedProps.js:231:10)
      at update (node_modules/react-native/Libraries/Animated/nodes/AnimatedValue.js:64:31)
          at Set.forEach (<anonymous>)
      at forEach (node_modules/react-native/Libraries/Animated/nodes/AnimatedValue.js:64:10)
      at AnimatedValue.flushValue [as _updateValue] (node_modules/react-native/Libraries/Animated/nodes/AnimatedValue.js:358:7)
      at TimingAnimation._updateValue [as _onUpdate] (node_modules/react-native/Libraries/Animated/nodes/AnimatedValue.js:322:14)
      at TimingAnimation._onUpdate [as onUpdate] (node_modules/react-native/Libraries/Animated/animations/TimingAnimation.js:157:10)
      at Timeout.callback [as _onTimeout] (node_modules/react-native-worklets/src/runLoop/uiRuntime/mockedRequestAnimationFrame.ts:10:27)

    console.error
      An update to Animated(View) inside a test was not wrapped in act(...).

      When testing, code that causes React state updates should be wrapped into act(...):

      act(() => {
        /* fire events that update state */
      });
      /* assert on the output */

      This ensures that you're testing the behavior the user would see in the browser. Learn more at https://react.dev/link/wrap-tests-with-act

      at node_modules/react-test-renderer/cjs/react-test-renderer.development.js:14402:19
      at runWithFiberInDEV (node_modules/react-test-renderer/cjs/react-test-renderer.development.js:2315:13)
      at warnIfUpdatesNotWrappedWithActDEV (node_modules/react-test-renderer/cjs/react-test-renderer.development.js:14401:9)
      at scheduleUpdateOnFiber (node_modules/react-test-renderer/cjs/react-test-renderer.development.js:12086:9)
      at dispatchReducerAction (node_modules/react-test-renderer/cjs/react-test-renderer.development.js:6155:13)
      at Object.scheduleUpdate [as current] (node_modules/react-native/src/private/animated/createAnimatedPropsHook.js:121:20)
      at AnimatedProps.current [as _callback] (node_modules/react-native/src/private/animated/createAnimatedPropsHook.js:64:56)
      at AnimatedProps._callback [as update] (node_modules/react-native/Libraries/Animated/nodes/AnimatedProps.js:231:10)
      at update (node_modules/react-native/Libraries/Animated/nodes/AnimatedValue.js:64:31)
          at Set.forEach (<anonymous>)
      at forEach (node_modules/react-native/Libraries/Animated/nodes/AnimatedValue.js:64:10)
      at AnimatedValue.flushValue [as _updateValue] (node_modules/react-native/Libraries/Animated/nodes/AnimatedValue.js:358:7)
      at TimingAnimation._updateValue [as _onUpdate] (node_modules/react-native/Libraries/Animated/nodes/AnimatedValue.js:322:14)
      at TimingAnimation._onUpdate [as onUpdate] (node_modules/react-native/Libraries/Animated/animations/TimingAnimation.js:157:10)
      at Timeout.callback [as _onTimeout] (node_modules/react-native-worklets/src/runLoop/uiRuntime/mockedRequestAnimationFrame.ts:10:27)

    console.error
      An update to Animated(View) inside a test was not wrapped in act(...).

      When testing, code that causes React state updates should be wrapped into act(...):

      act(() => {
        /* fire events that update state */
      });
      /* assert on the output */

      This ensures that you're testing the behavior the user would see in the browser. Learn more at https://react.dev/link/wrap-tests-with-act

      at node_modules/react-test-renderer/cjs/react-test-renderer.development.js:14402:19
      at runWithFiberInDEV (node_modules/react-test-renderer/cjs/react-test-renderer.development.js:2315:13)
      at warnIfUpdatesNotWrappedWithActDEV (node_modules/react-test-renderer/cjs/react-test-renderer.development.js:14401:9)
      at scheduleUpdateOnFiber (node_modules/react-test-renderer/cjs/react-test-renderer.development.js:12086:9)
      at dispatchReducerAction (node_modules/react-test-renderer/cjs/react-test-renderer.development.js:6155:13)
      at Object.scheduleUpdate [as current] (node_modules/react-native/src/private/animated/createAnimatedPropsHook.js:121:20)
      at AnimatedProps.current [as _callback] (node_modules/react-native/src/private/animated/createAnimatedPropsHook.js:64:56)
      at AnimatedProps._callback [as update] (node_modules/react-native/Libraries/Animated/nodes/AnimatedProps.js:231:10)
      at update (node_modules/react-native/Libraries/Animated/nodes/AnimatedValue.js:64:31)
          at Set.forEach (<anonymous>)
      at forEach (node_modules/react-native/Libraries/Animated/nodes/AnimatedValue.js:64:10)
      at AnimatedValue.flushValue [as _updateValue] (node_modules/react-native/Libraries/Animated/nodes/AnimatedValue.js:358:7)
      at TimingAnimation._updateValue [as _onUpdate] (node_modules/react-native/Libraries/Animated/nodes/AnimatedValue.js:322:14)
      at TimingAnimation._onUpdate [as onUpdate] (node_modules/react-native/Libraries/Animated/animations/TimingAnimation.js:157:10)
      at Timeout.callback [as _onTimeout] (node_modules/react-native-worklets/src/runLoop/uiRuntime/mockedRequestAnimationFrame.ts:10:27)

    console.error
      An update to Animated(View) inside a test was not wrapped in act(...).

      When testing, code that causes React state updates should be wrapped into act(...):

      act(() => {
        /* fire events that update state */
      });
      /* assert on the output */

      This ensures that you're testing the behavior the user would see in the browser. Learn more at https://react.dev/link/wrap-tests-with-act

      at node_modules/react-test-renderer/cjs/react-test-renderer.development.js:14402:19
      at runWithFiberInDEV (node_modules/react-test-renderer/cjs/react-test-renderer.development.js:2315:13)
      at warnIfUpdatesNotWrappedWithActDEV (node_modules/react-test-renderer/cjs/react-test-renderer.development.js:14401:9)
      at scheduleUpdateOnFiber (node_modules/react-test-renderer/cjs/react-test-renderer.development.js:12086:9)
      at dispatchReducerAction (node_modules/react-test-renderer/cjs/react-test-renderer.development.js:6155:13)
      at Object.scheduleUpdate [as current] (node_modules/react-native/src/private/animated/createAnimatedPropsHook.js:121:20)
      at AnimatedProps.current [as _callback] (node_modules/react-native/src/private/animated/createAnimatedPropsHook.js:64:56)
      at AnimatedProps._callback [as update] (node_modules/react-native/Libraries/Animated/nodes/AnimatedProps.js:231:10)
      at update (node_modules/react-native/Libraries/Animated/nodes/AnimatedValue.js:64:31)
          at Set.forEach (<anonymous>)
      at forEach (node_modules/react-native/Libraries/Animated/nodes/AnimatedValue.js:64:10)
      at AnimatedValue.flushValue [as _updateValue] (node_modules/react-native/Libraries/Animated/nodes/AnimatedValue.js:358:7)
      at TimingAnimation._updateValue [as _onUpdate] (node_modules/react-native/Libraries/Animated/nodes/AnimatedValue.js:322:14)
      at TimingAnimation._onUpdate [as onUpdate] (node_modules/react-native/Libraries/Animated/animations/TimingAnimation.js:157:10)
      at Timeout.callback [as _onTimeout] (node_modules/react-native-worklets/src/runLoop/uiRuntime/mockedRequestAnimationFrame.ts:10:27)

    console.error
      An update to Animated(View) inside a test was not wrapped in act(...).

      When testing, code that causes React state updates should be wrapped into act(...):

      act(() => {
        /* fire events that update state */
      });
      /* assert on the output */

      This ensures that you're testing the behavior the user would see in the browser. Learn more at https://react.dev/link/wrap-tests-with-act

      at node_modules/react-test-renderer/cjs/react-test-renderer.development.js:14402:19
      at runWithFiberInDEV (node_modules/react-test-renderer/cjs/react-test-renderer.development.js:2315:13)
      at warnIfUpdatesNotWrappedWithActDEV (node_modules/react-test-renderer/cjs/react-test-renderer.development.js:14401:9)
      at scheduleUpdateOnFiber (node_modules/react-test-renderer/cjs/react-test-renderer.development.js:12086:9)
      at dispatchReducerAction (node_modules/react-test-renderer/cjs/react-test-renderer.development.js:6155:13)
      at Object.scheduleUpdate [as current] (node_modules/react-native/src/private/animated/createAnimatedPropsHook.js:121:20)
      at AnimatedProps.current [as _callback] (node_modules/react-native/src/private/animated/createAnimatedPropsHook.js:64:56)
      at AnimatedProps._callback [as update] (node_modules/react-native/Libraries/Animated/nodes/AnimatedProps.js:231:10)
      at update (node_modules/react-native/Libraries/Animated/nodes/AnimatedValue.js:64:31)
          at Set.forEach (<anonymous>)
      at forEach (node_modules/react-native/Libraries/Animated/nodes/AnimatedValue.js:64:10)
      at AnimatedValue.flushValue [as _updateValue] (node_modules/react-native/Libraries/Animated/nodes/AnimatedValue.js:358:7)
      at TimingAnimation._updateValue [as _onUpdate] (node_modules/react-native/Libraries/Animated/nodes/AnimatedValue.js:322:14)
      at TimingAnimation._onUpdate [as onUpdate] (node_modules/react-native/Libraries/Animated/animations/TimingAnimation.js:157:10)
      at Timeout.callback [as _onTimeout] (node_modules/react-native-worklets/src/runLoop/uiRuntime/mockedRequestAnimationFrame.ts:10:27)

    console.error
      An update to Animated(View) inside a test was not wrapped in act(...).

      When testing, code that causes React state updates should be wrapped into act(...):

      act(() => {
        /* fire events that update state */
      });
      /* assert on the output */

      This ensures that you're testing the behavior the user would see in the browser. Learn more at https://react.dev/link/wrap-tests-with-act

      at node_modules/react-test-renderer/cjs/react-test-renderer.development.js:14402:19
      at runWithFiberInDEV (node_modules/react-test-renderer/cjs/react-test-renderer.development.js:2315:13)
      at warnIfUpdatesNotWrappedWithActDEV (node_modules/react-test-renderer/cjs/react-test-renderer.development.js:14401:9)
      at scheduleUpdateOnFiber (node_modules/react-test-renderer/cjs/react-test-renderer.development.js:12086:9)
      at dispatchReducerAction (node_modules/react-test-renderer/cjs/react-test-renderer.development.js:6155:13)
      at Object.scheduleUpdate [as current] (node_modules/react-native/src/private/animated/createAnimatedPropsHook.js:121:20)
      at AnimatedProps.current [as _callback] (node_modules/react-native/src/private/animated/createAnimatedPropsHook.js:64:56)
      at AnimatedProps._callback [as update] (node_modules/react-native/Libraries/Animated/nodes/AnimatedProps.js:231:10)
      at update (node_modules/react-native/Libraries/Animated/nodes/AnimatedValue.js:64:31)
          at Set.forEach (<anonymous>)
      at forEach (node_modules/react-native/Libraries/Animated/nodes/AnimatedValue.js:64:10)
      at AnimatedValue.flushValue [as _updateValue] (node_modules/react-native/Libraries/Animated/nodes/AnimatedValue.js:358:7)
      at TimingAnimation._updateValue [as _onUpdate] (node_modules/react-native/Libraries/Animated/nodes/AnimatedValue.js:322:14)
      at TimingAnimation._onUpdate [as onUpdate] (node_modules/react-native/Libraries/Animated/animations/TimingAnimation.js:157:10)
      at Timeout.callback [as _onTimeout] (node_modules/react-native-worklets/src/runLoop/uiRuntime/mockedRequestAnimationFrame.ts:10:27)

    console.error
      An update to Animated(View) inside a test was not wrapped in act(...).

      When testing, code that causes React state updates should be wrapped into act(...):

      act(() => {
        /* fire events that update state */
      });
      /* assert on the output */

      This ensures that you're testing the behavior the user would see in the browser. Learn more at https://react.dev/link/wrap-tests-with-act

      at node_modules/react-test-renderer/cjs/react-test-renderer.development.js:14402:19
      at runWithFiberInDEV (node_modules/react-test-renderer/cjs/react-test-renderer.development.js:2315:13)
      at warnIfUpdatesNotWrappedWithActDEV (node_modules/react-test-renderer/cjs/react-test-renderer.development.js:14401:9)
      at scheduleUpdateOnFiber (node_modules/react-test-renderer/cjs/react-test-renderer.development.js:12086:9)
      at dispatchReducerAction (node_modules/react-test-renderer/cjs/react-test-renderer.development.js:6155:13)
      at Object.scheduleUpdate [as current] (node_modules/react-native/src/private/animated/createAnimatedPropsHook.js:121:20)
      at AnimatedProps.current [as _callback] (node_modules/react-native/src/private/animated/createAnimatedPropsHook.js:64:56)
      at AnimatedProps._callback [as update] (node_modules/react-native/Libraries/Animated/nodes/AnimatedProps.js:231:10)
      at update (node_modules/react-native/Libraries/Animated/nodes/AnimatedValue.js:64:31)
          at Set.forEach (<anonymous>)
      at forEach (node_modules/react-native/Libraries/Animated/nodes/AnimatedValue.js:64:10)
      at AnimatedValue.flushValue [as _updateValue] (node_modules/react-native/Libraries/Animated/nodes/AnimatedValue.js:358:7)
      at TimingAnimation._updateValue [as _onUpdate] (node_modules/react-native/Libraries/Animated/nodes/AnimatedValue.js:322:14)
      at TimingAnimation._onUpdate [as onUpdate] (node_modules/react-native/Libraries/Animated/animations/TimingAnimation.js:157:10)
      at Timeout.callback [as _onTimeout] (node_modules/react-native-worklets/src/runLoop/uiRuntime/mockedRequestAnimationFrame.ts:10:27)

    console.error
      An update to Animated(View) inside a test was not wrapped in act(...).

      When testing, code that causes React state updates should be wrapped into act(...):

      act(() => {
        /* fire events that update state */
      });
      /* assert on the output */

      This ensures that you're testing the behavior the user would see in the browser. Learn more at https://react.dev/link/wrap-tests-with-act

      at node_modules/react-test-renderer/cjs/react-test-renderer.development.js:14402:19
      at runWithFiberInDEV (node_modules/react-test-renderer/cjs/react-test-renderer.development.js:2315:13)
      at warnIfUpdatesNotWrappedWithActDEV (node_modules/react-test-renderer/cjs/react-test-renderer.development.js:14401:9)
      at scheduleUpdateOnFiber (node_modules/react-test-renderer/cjs/react-test-renderer.development.js:12086:9)
      at dispatchReducerAction (node_modules/react-test-renderer/cjs/react-test-renderer.development.js:6155:13)
      at Object.scheduleUpdate [as current] (node_modules/react-native/src/private/animated/createAnimatedPropsHook.js:121:20)
      at AnimatedProps.current [as _callback] (node_modules/react-native/src/private/animated/createAnimatedPropsHook.js:64:56)
      at AnimatedProps._callback [as update] (node_modules/react-native/Libraries/Animated/nodes/AnimatedProps.js:231:10)
      at update (node_modules/react-native/Libraries/Animated/nodes/AnimatedValue.js:64:31)
          at Set.forEach (<anonymous>)
      at forEach (node_modules/react-native/Libraries/Animated/nodes/AnimatedValue.js:64:10)
      at AnimatedValue.flushValue [as _updateValue] (node_modules/react-native/Libraries/Animated/nodes/AnimatedValue.js:358:7)
      at TimingAnimation._updateValue [as _onUpdate] (node_modules/react-native/Libraries/Animated/nodes/AnimatedValue.js:322:14)
      at TimingAnimation._onUpdate [as onUpdate] (node_modules/react-native/Libraries/Animated/animations/TimingAnimation.js:157:10)
      at Timeout.callback [as _onTimeout] (node_modules/react-native-worklets/src/runLoop/uiRuntime/mockedRequestAnimationFrame.ts:10:27)

    console.error
      An update to Animated(View) inside a test was not wrapped in act(...).

      When testing, code that causes React state updates should be wrapped into act(...):

      act(() => {
        /* fire events that update state */
      });
      /* assert on the output */

      This ensures that you're testing the behavior the user would see in the browser. Learn more at https://react.dev/link/wrap-tests-with-act

      at node_modules/react-test-renderer/cjs/react-test-renderer.development.js:14402:19
      at runWithFiberInDEV (node_modules/react-test-renderer/cjs/react-test-renderer.development.js:2315:13)
      at warnIfUpdatesNotWrappedWithActDEV (node_modules/react-test-renderer/cjs/react-test-renderer.development.js:14401:9)
      at scheduleUpdateOnFiber (node_modules/react-test-renderer/cjs/react-test-renderer.development.js:12086:9)
      at dispatchReducerAction (node_modules/react-test-renderer/cjs/react-test-renderer.development.js:6155:13)
      at Object.scheduleUpdate [as current] (node_modules/react-native/src/private/animated/createAnimatedPropsHook.js:121:20)
      at AnimatedProps.current [as _callback] (node_modules/react-native/src/private/animated/createAnimatedPropsHook.js:64:56)
      at AnimatedProps._callback [as update] (node_modules/react-native/Libraries/Animated/nodes/AnimatedProps.js:231:10)
      at update (node_modules/react-native/Libraries/Animated/nodes/AnimatedValue.js:64:31)
          at Set.forEach (<anonymous>)
      at forEach (node_modules/react-native/Libraries/Animated/nodes/AnimatedValue.js:64:10)
      at AnimatedValue.flushValue [as _updateValue] (node_modules/react-native/Libraries/Animated/nodes/AnimatedValue.js:358:7)
      at TimingAnimation._updateValue [as _onUpdate] (node_modules/react-native/Libraries/Animated/nodes/AnimatedValue.js:322:14)
      at TimingAnimation._onUpdate [as onUpdate] (node_modules/react-native/Libraries/Animated/animations/TimingAnimation.js:157:10)
      at Timeout.callback [as _onTimeout] (node_modules/react-native-worklets/src/runLoop/uiRuntime/mockedRequestAnimationFrame.ts:10:27)

    console.error
      An update to Animated(View) inside a test was not wrapped in act(...).

      When testing, code that causes React state updates should be wrapped into act(...):

      act(() => {
        /* fire events that update state */
      });
      /* assert on the output */

      This ensures that you're testing the behavior the user would see in the browser. Learn more at https://react.dev/link/wrap-tests-with-act

      at node_modules/react-test-renderer/cjs/react-test-renderer.development.js:14402:19
      at runWithFiberInDEV (node_modules/react-test-renderer/cjs/react-test-renderer.development.js:2315:13)
      at warnIfUpdatesNotWrappedWithActDEV (node_modules/react-test-renderer/cjs/react-test-renderer.development.js:14401:9)
      at scheduleUpdateOnFiber (node_modules/react-test-renderer/cjs/react-test-renderer.development.js:12086:9)
      at dispatchReducerAction (node_modules/react-test-renderer/cjs/react-test-renderer.development.js:6155:13)
      at Object.scheduleUpdate [as current] (node_modules/react-native/src/private/animated/createAnimatedPropsHook.js:121:20)
      at AnimatedProps.current [as _callback] (node_modules/react-native/src/private/animated/createAnimatedPropsHook.js:64:56)
      at AnimatedProps._callback [as update] (node_modules/react-native/Libraries/Animated/nodes/AnimatedProps.js:231:10)
      at update (node_modules/react-native/Libraries/Animated/nodes/AnimatedValue.js:64:31)
          at Set.forEach (<anonymous>)
      at forEach (node_modules/react-native/Libraries/Animated/nodes/AnimatedValue.js:64:10)
      at AnimatedValue.flushValue [as _updateValue] (node_modules/react-native/Libraries/Animated/nodes/AnimatedValue.js:358:7)
      at TimingAnimation._updateValue [as _onUpdate] (node_modules/react-native/Libraries/Animated/nodes/AnimatedValue.js:322:14)
      at TimingAnimation._onUpdate [as onUpdate] (node_modules/react-native/Libraries/Animated/animations/TimingAnimation.js:157:10)
      at Timeout.callback [as _onTimeout] (node_modules/react-native-worklets/src/runLoop/uiRuntime/mockedRequestAnimationFrame.ts:10:27)

    console.error
      An update to Animated(View) inside a test was not wrapped in act(...).

      When testing, code that causes React state updates should be wrapped into act(...):

      act(() => {
        /* fire events that update state */
      });
      /* assert on the output */

      This ensures that you're testing the behavior the user would see in the browser. Learn more at https://react.dev/link/wrap-tests-with-act

      at node_modules/react-test-renderer/cjs/react-test-renderer.development.js:14402:19
      at runWithFiberInDEV (node_modules/react-test-renderer/cjs/react-test-renderer.development.js:2315:13)
      at warnIfUpdatesNotWrappedWithActDEV (node_modules/react-test-renderer/cjs/react-test-renderer.development.js:14401:9)
      at scheduleUpdateOnFiber (node_modules/react-test-renderer/cjs/react-test-renderer.development.js:12086:9)
      at dispatchReducerAction (node_modules/react-test-renderer/cjs/react-test-renderer.development.js:6155:13)
      at Object.scheduleUpdate [as current] (node_modules/react-native/src/private/animated/createAnimatedPropsHook.js:121:20)
      at AnimatedProps.current [as _callback] (node_modules/react-native/src/private/animated/createAnimatedPropsHook.js:64:56)
      at AnimatedProps._callback [as update] (node_modules/react-native/Libraries/Animated/nodes/AnimatedProps.js:231:10)
      at update (node_modules/react-native/Libraries/Animated/nodes/AnimatedValue.js:64:31)
          at Set.forEach (<anonymous>)
      at forEach (node_modules/react-native/Libraries/Animated/nodes/AnimatedValue.js:64:10)
      at AnimatedValue.flushValue [as _updateValue] (node_modules/react-native/Libraries/Animated/nodes/AnimatedValue.js:358:7)
      at TimingAnimation._updateValue [as _onUpdate] (node_modules/react-native/Libraries/Animated/nodes/AnimatedValue.js:322:14)
      at TimingAnimation._onUpdate [as onUpdate] (node_modules/react-native/Libraries/Animated/animations/TimingAnimation.js:157:10)
      at Timeout.callback [as _onTimeout] (node_modules/react-native-worklets/src/runLoop/uiRuntime/mockedRequestAnimationFrame.ts:10:27)

    console.error
      An update to Animated(View) inside a test was not wrapped in act(...).

      When testing, code that causes React state updates should be wrapped into act(...):

      act(() => {
        /* fire events that update state */
      });
      /* assert on the output */

      This ensures that you're testing the behavior the user would see in the browser. Learn more at https://react.dev/link/wrap-tests-with-act

      at node_modules/react-test-renderer/cjs/react-test-renderer.development.js:14402:19
      at runWithFiberInDEV (node_modules/react-test-renderer/cjs/react-test-renderer.development.js:2315:13)
      at warnIfUpdatesNotWrappedWithActDEV (node_modules/react-test-renderer/cjs/react-test-renderer.development.js:14401:9)
      at scheduleUpdateOnFiber (node_modules/react-test-renderer/cjs/react-test-renderer.development.js:12086:9)
      at dispatchReducerAction (node_modules/react-test-renderer/cjs/react-test-renderer.development.js:6155:13)
      at Object.scheduleUpdate [as current] (node_modules/react-native/src/private/animated/createAnimatedPropsHook.js:121:20)
      at AnimatedProps.current [as _callback] (node_modules/react-native/src/private/animated/createAnimatedPropsHook.js:64:56)
      at AnimatedProps._callback [as update] (node_modules/react-native/Libraries/Animated/nodes/AnimatedProps.js:231:10)
      at update (node_modules/react-native/Libraries/Animated/nodes/AnimatedValue.js:64:31)
          at Set.forEach (<anonymous>)
      at forEach (node_modules/react-native/Libraries/Animated/nodes/AnimatedValue.js:64:10)
      at AnimatedValue.flushValue [as _updateValue] (node_modules/react-native/Libraries/Animated/nodes/AnimatedValue.js:358:7)
      at TimingAnimation._updateValue [as _onUpdate] (node_modules/react-native/Libraries/Animated/nodes/AnimatedValue.js:322:14)
      at TimingAnimation._onUpdate [as onUpdate] (node_modules/react-native/Libraries/Animated/animations/TimingAnimation.js:157:10)
      at Timeout.callback [as _onTimeout] (node_modules/react-native-worklets/src/runLoop/uiRuntime/mockedRequestAnimationFrame.ts:10:27)

    console.error
      An update to Animated(View) inside a test was not wrapped in act(...).

      When testing, code that causes React state updates should be wrapped into act(...):

      act(() => {
        /* fire events that update state */
      });
      /* assert on the output */

      This ensures that you're testing the behavior the user would see in the browser. Learn more at https://react.dev/link/wrap-tests-with-act

      at node_modules/react-test-renderer/cjs/react-test-renderer.development.js:14402:19
      at runWithFiberInDEV (node_modules/react-test-renderer/cjs/react-test-renderer.development.js:2315:13)
      at warnIfUpdatesNotWrappedWithActDEV (node_modules/react-test-renderer/cjs/react-test-renderer.development.js:14401:9)
      at scheduleUpdateOnFiber (node_modules/react-test-renderer/cjs/react-test-renderer.development.js:12086:9)
      at dispatchReducerAction (node_modules/react-test-renderer/cjs/react-test-renderer.development.js:6155:13)
      at Object.scheduleUpdate [as current] (node_modules/react-native/src/private/animated/createAnimatedPropsHook.js:121:20)
      at AnimatedProps.current [as _callback] (node_modules/react-native/src/private/animated/createAnimatedPropsHook.js:64:56)
      at AnimatedProps._callback [as update] (node_modules/react-native/Libraries/Animated/nodes/AnimatedProps.js:231:10)
      at update (node_modules/react-native/Libraries/Animated/nodes/AnimatedValue.js:64:31)
          at Set.forEach (<anonymous>)
      at forEach (node_modules/react-native/Libraries/Animated/nodes/AnimatedValue.js:64:10)
      at AnimatedValue.flushValue [as _updateValue] (node_modules/react-native/Libraries/Animated/nodes/AnimatedValue.js:358:7)
      at TimingAnimation._updateValue [as _onUpdate] (node_modules/react-native/Libraries/Animated/nodes/AnimatedValue.js:322:14)
      at TimingAnimation._onUpdate [as onUpdate] (node_modules/react-native/Libraries/Animated/animations/TimingAnimation.js:157:10)
      at Timeout.callback [as _onTimeout] (node_modules/react-native-worklets/src/runLoop/uiRuntime/mockedRequestAnimationFrame.ts:10:27)

    console.error
      An update to Animated(View) inside a test was not wrapped in act(...).

      When testing, code that causes React state updates should be wrapped into act(...):

      act(() => {
        /* fire events that update state */
      });
      /* assert on the output */

      This ensures that you're testing the behavior the user would see in the browser. Learn more at https://react.dev/link/wrap-tests-with-act

      at node_modules/react-test-renderer/cjs/react-test-renderer.development.js:14402:19
      at runWithFiberInDEV (node_modules/react-test-renderer/cjs/react-test-renderer.development.js:2315:13)
      at warnIfUpdatesNotWrappedWithActDEV (node_modules/react-test-renderer/cjs/react-test-renderer.development.js:14401:9)
      at scheduleUpdateOnFiber (node_modules/react-test-renderer/cjs/react-test-renderer.development.js:12086:9)
      at dispatchReducerAction (node_modules/react-test-renderer/cjs/react-test-renderer.development.js:6155:13)
      at Object.scheduleUpdate [as current] (node_modules/react-native/src/private/animated/createAnimatedPropsHook.js:121:20)
      at AnimatedProps.current [as _callback] (node_modules/react-native/src/private/animated/createAnimatedPropsHook.js:64:56)
      at AnimatedProps._callback [as update] (node_modules/react-native/Libraries/Animated/nodes/AnimatedProps.js:231:10)
      at update (node_modules/react-native/Libraries/Animated/nodes/AnimatedValue.js:64:31)
          at Set.forEach (<anonymous>)
      at forEach (node_modules/react-native/Libraries/Animated/nodes/AnimatedValue.js:64:10)
      at AnimatedValue.flushValue [as _updateValue] (node_modules/react-native/Libraries/Animated/nodes/AnimatedValue.js:358:7)
      at TimingAnimation._updateValue [as _onUpdate] (node_modules/react-native/Libraries/Animated/nodes/AnimatedValue.js:322:14)
      at TimingAnimation._onUpdate [as onUpdate] (node_modules/react-native/Libraries/Animated/animations/TimingAnimation.js:157:10)
      at Timeout.callback [as _onTimeout] (node_modules/react-native-worklets/src/runLoop/uiRuntime/mockedRequestAnimationFrame.ts:10:27)

    console.error
      An update to Animated(View) inside a test was not wrapped in act(...).

      When testing, code that causes React state updates should be wrapped into act(...):

      act(() => {
        /* fire events that update state */
      });
      /* assert on the output */

      This ensures that you're testing the behavior the user would see in the browser. Learn more at https://react.dev/link/wrap-tests-with-act

      at node_modules/react-test-renderer/cjs/react-test-renderer.development.js:14402:19
      at runWithFiberInDEV (node_modules/react-test-renderer/cjs/react-test-renderer.development.js:2315:13)
      at warnIfUpdatesNotWrappedWithActDEV (node_modules/react-test-renderer/cjs/react-test-renderer.development.js:14401:9)
      at scheduleUpdateOnFiber (node_modules/react-test-renderer/cjs/react-test-renderer.development.js:12086:9)
      at dispatchReducerAction (node_modules/react-test-renderer/cjs/react-test-renderer.development.js:6155:13)
      at Object.scheduleUpdate [as current] (node_modules/react-native/src/private/animated/createAnimatedPropsHook.js:121:20)
      at AnimatedProps.current [as _callback] (node_modules/react-native/src/private/animated/createAnimatedPropsHook.js:64:56)
      at AnimatedProps._callback [as update] (node_modules/react-native/Libraries/Animated/nodes/AnimatedProps.js:231:10)
      at update (node_modules/react-native/Libraries/Animated/nodes/AnimatedValue.js:64:31)
          at Set.forEach (<anonymous>)
      at forEach (node_modules/react-native/Libraries/Animated/nodes/AnimatedValue.js:64:10)
      at AnimatedValue.flushValue [as _updateValue] (node_modules/react-native/Libraries/Animated/nodes/AnimatedValue.js:358:7)
      at TimingAnimation._updateValue [as _onUpdate] (node_modules/react-native/Libraries/Animated/nodes/AnimatedValue.js:322:14)
      at TimingAnimation._onUpdate [as onUpdate] (node_modules/react-native/Libraries/Animated/animations/TimingAnimation.js:157:10)
      at Timeout.callback [as _onTimeout] (node_modules/react-native-worklets/src/runLoop/uiRuntime/mockedRequestAnimationFrame.ts:10:27)

    console.error
      An update to Animated(View) inside a test was not wrapped in act(...).

      When testing, code that causes React state updates should be wrapped into act(...):

      act(() => {
        /* fire events that update state */
      });
      /* assert on the output */

      This ensures that you're testing the behavior the user would see in the browser. Learn more at https://react.dev/link/wrap-tests-with-act

      at node_modules/react-test-renderer/cjs/react-test-renderer.development.js:14402:19
      at runWithFiberInDEV (node_modules/react-test-renderer/cjs/react-test-renderer.development.js:2315:13)
      at warnIfUpdatesNotWrappedWithActDEV (node_modules/react-test-renderer/cjs/react-test-renderer.development.js:14401:9)
      at scheduleUpdateOnFiber (node_modules/react-test-renderer/cjs/react-test-renderer.development.js:12086:9)
      at dispatchReducerAction (node_modules/react-test-renderer/cjs/react-test-renderer.development.js:6155:13)
      at Object.scheduleUpdate [as current] (node_modules/react-native/src/private/animated/createAnimatedPropsHook.js:121:20)
      at AnimatedProps.current [as _callback] (node_modules/react-native/src/private/animated/createAnimatedPropsHook.js:64:56)
      at AnimatedProps._callback [as update] (node_modules/react-native/Libraries/Animated/nodes/AnimatedProps.js:231:10)
      at update (node_modules/react-native/Libraries/Animated/nodes/AnimatedValue.js:64:31)
          at Set.forEach (<anonymous>)
      at forEach (node_modules/react-native/Libraries/Animated/nodes/AnimatedValue.js:64:10)
      at AnimatedValue.flushValue [as _updateValue] (node_modules/react-native/Libraries/Animated/nodes/AnimatedValue.js:358:7)
      at TimingAnimation._updateValue [as _onUpdate] (node_modules/react-native/Libraries/Animated/nodes/AnimatedValue.js:322:14)
      at TimingAnimation._onUpdate [as onUpdate] (node_modules/react-native/Libraries/Animated/animations/TimingAnimation.js:157:10)
      at Timeout.callback [as _onTimeout] (node_modules/react-native-worklets/src/runLoop/uiRuntime/mockedRequestAnimationFrame.ts:10:27)

    console.error
      An update to Animated(View) inside a test was not wrapped in act(...).

      When testing, code that causes React state updates should be wrapped into act(...):

      act(() => {
        /* fire events that update state */
      });
      /* assert on the output */

      This ensures that you're testing the behavior the user would see in the browser. Learn more at https://react.dev/link/wrap-tests-with-act

      at node_modules/react-test-renderer/cjs/react-test-renderer.development.js:14402:19
      at runWithFiberInDEV (node_modules/react-test-renderer/cjs/react-test-renderer.development.js:2315:13)
      at warnIfUpdatesNotWrappedWithActDEV (node_modules/react-test-renderer/cjs/react-test-renderer.development.js:14401:9)
      at scheduleUpdateOnFiber (node_modules/react-test-renderer/cjs/react-test-renderer.development.js:12086:9)
      at dispatchReducerAction (node_modules/react-test-renderer/cjs/react-test-renderer.development.js:6155:13)
      at Object.scheduleUpdate [as current] (node_modules/react-native/src/private/animated/createAnimatedPropsHook.js:121:20)
      at AnimatedProps.current [as _callback] (node_modules/react-native/src/private/animated/createAnimatedPropsHook.js:64:56)
      at AnimatedProps._callback [as update] (node_modules/react-native/Libraries/Animated/nodes/AnimatedProps.js:231:10)
      at update (node_modules/react-native/Libraries/Animated/nodes/AnimatedValue.js:64:31)
          at Set.forEach (<anonymous>)
      at forEach (node_modules/react-native/Libraries/Animated/nodes/AnimatedValue.js:64:10)
      at AnimatedValue.flushValue [as _updateValue] (node_modules/react-native/Libraries/Animated/nodes/AnimatedValue.js:358:7)
      at TimingAnimation._updateValue [as _onUpdate] (node_modules/react-native/Libraries/Animated/nodes/AnimatedValue.js:322:14)
      at TimingAnimation._onUpdate [as onUpdate] (node_modules/react-native/Libraries/Animated/animations/TimingAnimation.js:157:10)
      at Timeout.callback [as _onTimeout] (node_modules/react-native-worklets/src/runLoop/uiRuntime/mockedRequestAnimationFrame.ts:10:27)

    console.error
      An update to Animated(View) inside a test was not wrapped in act(...).

      When testing, code that causes React state updates should be wrapped into act(...):

      act(() => {
        /* fire events that update state */
      });
      /* assert on the output */

      This ensures that you're testing the behavior the user would see in the browser. Learn more at https://react.dev/link/wrap-tests-with-act

      at node_modules/react-test-renderer/cjs/react-test-renderer.development.js:14402:19
      at runWithFiberInDEV (node_modules/react-test-renderer/cjs/react-test-renderer.development.js:2315:13)
      at warnIfUpdatesNotWrappedWithActDEV (node_modules/react-test-renderer/cjs/react-test-renderer.development.js:14401:9)
      at scheduleUpdateOnFiber (node_modules/react-test-renderer/cjs/react-test-renderer.development.js:12086:9)
      at dispatchReducerAction (node_modules/react-test-renderer/cjs/react-test-renderer.development.js:6155:13)
      at Object.scheduleUpdate [as current] (node_modules/react-native/src/private/animated/createAnimatedPropsHook.js:121:20)
      at AnimatedProps.current [as _callback] (node_modules/react-native/src/private/animated/createAnimatedPropsHook.js:64:56)
      at AnimatedProps._callback [as update] (node_modules/react-native/Libraries/Animated/nodes/AnimatedProps.js:231:10)
      at update (node_modules/react-native/Libraries/Animated/nodes/AnimatedValue.js:64:31)
          at Set.forEach (<anonymous>)
      at forEach (node_modules/react-native/Libraries/Animated/nodes/AnimatedValue.js:64:10)
      at AnimatedValue.flushValue [as _updateValue] (node_modules/react-native/Libraries/Animated/nodes/AnimatedValue.js:358:7)
      at TimingAnimation._updateValue [as _onUpdate] (node_modules/react-native/Libraries/Animated/nodes/AnimatedValue.js:322:14)
      at TimingAnimation._onUpdate [as onUpdate] (node_modules/react-native/Libraries/Animated/animations/TimingAnimation.js:157:10)
      at Timeout.callback [as _onTimeout] (node_modules/react-native-worklets/src/runLoop/uiRuntime/mockedRequestAnimationFrame.ts:10:27)

    console.error
      An update to Animated(View) inside a test was not wrapped in act(...).

      When testing, code that causes React state updates should be wrapped into act(...):

      act(() => {
        /* fire events that update state */
      });
      /* assert on the output */

      This ensures that you're testing the behavior the user would see in the browser. Learn more at https://react.dev/link/wrap-tests-with-act

      at node_modules/react-test-renderer/cjs/react-test-renderer.development.js:14402:19
      at runWithFiberInDEV (node_modules/react-test-renderer/cjs/react-test-renderer.development.js:2315:13)
      at warnIfUpdatesNotWrappedWithActDEV (node_modules/react-test-renderer/cjs/react-test-renderer.development.js:14401:9)
      at scheduleUpdateOnFiber (node_modules/react-test-renderer/cjs/react-test-renderer.development.js:12086:9)
      at dispatchReducerAction (node_modules/react-test-renderer/cjs/react-test-renderer.development.js:6155:13)
      at Object.scheduleUpdate [as current] (node_modules/react-native/src/private/animated/createAnimatedPropsHook.js:121:20)
      at AnimatedProps.current [as _callback] (node_modules/react-native/src/private/animated/createAnimatedPropsHook.js:64:56)
      at AnimatedProps._callback [as update] (node_modules/react-native/Libraries/Animated/nodes/AnimatedProps.js:231:10)
      at update (node_modules/react-native/Libraries/Animated/nodes/AnimatedValue.js:64:31)
          at Set.forEach (<anonymous>)
      at forEach (node_modules/react-native/Libraries/Animated/nodes/AnimatedValue.js:64:10)
      at AnimatedValue.flushValue [as _updateValue] (node_modules/react-native/Libraries/Animated/nodes/AnimatedValue.js:358:7)
      at TimingAnimation._updateValue [as _onUpdate] (node_modules/react-native/Libraries/Animated/nodes/AnimatedValue.js:322:14)
      at TimingAnimation._onUpdate [as onUpdate] (node_modules/react-native/Libraries/Animated/animations/TimingAnimation.js:157:10)
      at Timeout.callback [as _onTimeout] (node_modules/react-native-worklets/src/runLoop/uiRuntime/mockedRequestAnimationFrame.ts:10:27)

    console.error
      An update to Animated(View) inside a test was not wrapped in act(...).

      When testing, code that causes React state updates should be wrapped into act(...):

      act(() => {
        /* fire events that update state */
      });
      /* assert on the output */

      This ensures that you're testing the behavior the user would see in the browser. Learn more at https://react.dev/link/wrap-tests-with-act

      at node_modules/react-test-renderer/cjs/react-test-renderer.development.js:14402:19
      at runWithFiberInDEV (node_modules/react-test-renderer/cjs/react-test-renderer.development.js:2315:13)
      at warnIfUpdatesNotWrappedWithActDEV (node_modules/react-test-renderer/cjs/react-test-renderer.development.js:14401:9)
      at scheduleUpdateOnFiber (node_modules/react-test-renderer/cjs/react-test-renderer.development.js:12086:9)
      at dispatchReducerAction (node_modules/react-test-renderer/cjs/react-test-renderer.development.js:6155:13)
      at Object.scheduleUpdate [as current] (node_modules/react-native/src/private/animated/createAnimatedPropsHook.js:121:20)
      at AnimatedProps.current [as _callback] (node_modules/react-native/src/private/animated/createAnimatedPropsHook.js:64:56)
      at AnimatedProps._callback [as update] (node_modules/react-native/Libraries/Animated/nodes/AnimatedProps.js:231:10)
      at update (node_modules/react-native/Libraries/Animated/nodes/AnimatedValue.js:64:31)
          at Set.forEach (<anonymous>)
      at forEach (node_modules/react-native/Libraries/Animated/nodes/AnimatedValue.js:64:10)
      at AnimatedValue.flushValue [as _updateValue] (node_modules/react-native/Libraries/Animated/nodes/AnimatedValue.js:358:7)
      at TimingAnimation._updateValue [as _onUpdate] (node_modules/react-native/Libraries/Animated/nodes/AnimatedValue.js:322:14)
      at TimingAnimation._onUpdate [as onUpdate] (node_modules/react-native/Libraries/Animated/animations/TimingAnimation.js:157:10)
      at Timeout.callback [as _onTimeout] (node_modules/react-native-worklets/src/runLoop/uiRuntime/mockedRequestAnimationFrame.ts:10:27)

    console.error
      An update to Animated(View) inside a test was not wrapped in act(...).

      When testing, code that causes React state updates should be wrapped into act(...):

      act(() => {
        /* fire events that update state */
      });
      /* assert on the output */

      This ensures that you're testing the behavior the user would see in the browser. Learn more at https://react.dev/link/wrap-tests-with-act

      at node_modules/react-test-renderer/cjs/react-test-renderer.development.js:14402:19
      at runWithFiberInDEV (node_modules/react-test-renderer/cjs/react-test-renderer.development.js:2315:13)
      at warnIfUpdatesNotWrappedWithActDEV (node_modules/react-test-renderer/cjs/react-test-renderer.development.js:14401:9)
      at scheduleUpdateOnFiber (node_modules/react-test-renderer/cjs/react-test-renderer.development.js:12086:9)
      at dispatchReducerAction (node_modules/react-test-renderer/cjs/react-test-renderer.development.js:6155:13)
      at Object.scheduleUpdate [as current] (node_modules/react-native/src/private/animated/createAnimatedPropsHook.js:121:20)
      at AnimatedProps.current [as _callback] (node_modules/react-native/src/private/animated/createAnimatedPropsHook.js:64:56)
      at AnimatedProps._callback [as update] (node_modules/react-native/Libraries/Animated/nodes/AnimatedProps.js:231:10)
      at update (node_modules/react-native/Libraries/Animated/nodes/AnimatedValue.js:64:31)
          at Set.forEach (<anonymous>)
      at forEach (node_modules/react-native/Libraries/Animated/nodes/AnimatedValue.js:64:10)
      at AnimatedValue.flushValue [as _updateValue] (node_modules/react-native/Libraries/Animated/nodes/AnimatedValue.js:358:7)
      at TimingAnimation._updateValue [as _onUpdate] (node_modules/react-native/Libraries/Animated/nodes/AnimatedValue.js:322:14)
      at TimingAnimation._onUpdate [as onUpdate] (node_modules/react-native/Libraries/Animated/animations/TimingAnimation.js:157:10)
      at Timeout.callback [as _onTimeout] (node_modules/react-native-worklets/src/runLoop/uiRuntime/mockedRequestAnimationFrame.ts:10:27)

    console.error
      An update to Animated(View) inside a test was not wrapped in act(...).

      When testing, code that causes React state updates should be wrapped into act(...):

      act(() => {
        /* fire events that update state */
      });
      /* assert on the output */

      This ensures that you're testing the behavior the user would see in the browser. Learn more at https://react.dev/link/wrap-tests-with-act

      at node_modules/react-test-renderer/cjs/react-test-renderer.development.js:14402:19
      at runWithFiberInDEV (node_modules/react-test-renderer/cjs/react-test-renderer.development.js:2315:13)
      at warnIfUpdatesNotWrappedWithActDEV (node_modules/react-test-renderer/cjs/react-test-renderer.development.js:14401:9)
      at scheduleUpdateOnFiber (node_modules/react-test-renderer/cjs/react-test-renderer.development.js:12086:9)
      at dispatchReducerAction (node_modules/react-test-renderer/cjs/react-test-renderer.development.js:6155:13)
      at Object.scheduleUpdate [as current] (node_modules/react-native/src/private/animated/createAnimatedPropsHook.js:121:20)
      at AnimatedProps.current [as _callback] (node_modules/react-native/src/private/animated/createAnimatedPropsHook.js:64:56)
      at AnimatedProps._callback [as update] (node_modules/react-native/Libraries/Animated/nodes/AnimatedProps.js:231:10)
      at update (node_modules/react-native/Libraries/Animated/nodes/AnimatedValue.js:64:31)
          at Set.forEach (<anonymous>)
      at forEach (node_modules/react-native/Libraries/Animated/nodes/AnimatedValue.js:64:10)
      at AnimatedValue.flushValue [as _updateValue] (node_modules/react-native/Libraries/Animated/nodes/AnimatedValue.js:358:7)
      at TimingAnimation._updateValue [as _onUpdate] (node_modules/react-native/Libraries/Animated/nodes/AnimatedValue.js:322:14)
      at TimingAnimation._onUpdate [as onUpdate] (node_modules/react-native/Libraries/Animated/animations/TimingAnimation.js:157:10)
      at Timeout.callback [as _onTimeout] (node_modules/react-native-worklets/src/runLoop/uiRuntime/mockedRequestAnimationFrame.ts:10:27)

    console.error
      An update to Animated(View) inside a test was not wrapped in act(...).

      When testing, code that causes React state updates should be wrapped into act(...):

      act(() => {
        /* fire events that update state */
      });
      /* assert on the output */

      This ensures that you're testing the behavior the user would see in the browser. Learn more at https://react.dev/link/wrap-tests-with-act

      at node_modules/react-test-renderer/cjs/react-test-renderer.development.js:14402:19
      at runWithFiberInDEV (node_modules/react-test-renderer/cjs/react-test-renderer.development.js:2315:13)
      at warnIfUpdatesNotWrappedWithActDEV (node_modules/react-test-renderer/cjs/react-test-renderer.development.js:14401:9)
      at scheduleUpdateOnFiber (node_modules/react-test-renderer/cjs/react-test-renderer.development.js:12086:9)
      at dispatchReducerAction (node_modules/react-test-renderer/cjs/react-test-renderer.development.js:6155:13)
      at Object.scheduleUpdate [as current] (node_modules/react-native/src/private/animated/createAnimatedPropsHook.js:121:20)
      at AnimatedProps.current [as _callback] (node_modules/react-native/src/private/animated/createAnimatedPropsHook.js:64:56)
      at AnimatedProps._callback [as update] (node_modules/react-native/Libraries/Animated/nodes/AnimatedProps.js:231:10)
      at update (node_modules/react-native/Libraries/Animated/nodes/AnimatedValue.js:64:31)
          at Set.forEach (<anonymous>)
      at forEach (node_modules/react-native/Libraries/Animated/nodes/AnimatedValue.js:64:10)
      at AnimatedValue.flushValue [as _updateValue] (node_modules/react-native/Libraries/Animated/nodes/AnimatedValue.js:358:7)
      at TimingAnimation._updateValue [as _onUpdate] (node_modules/react-native/Libraries/Animated/nodes/AnimatedValue.js:322:14)
      at TimingAnimation._onUpdate [as onUpdate] (node_modules/react-native/Libraries/Animated/animations/TimingAnimation.js:157:10)
      at Timeout.callback [as _onTimeout] (node_modules/react-native-worklets/src/runLoop/uiRuntime/mockedRequestAnimationFrame.ts:10:27)

PASS src/capabilities/money/screens/MoneyCategoryDetailScreen.transactionRow.test.tsx
PASS src/capabilities/money/screens/MoneyCategoryDetailScreen.test.tsx
PASS src/capabilities/money/data/MoneyDataContext.test.tsx
PASS src/navigation/CapabilityMenu.test.tsx
PASS src/capabilities/explore/screens/ExploreMapScreen.test.tsx
PASS src/features/household/HouseholdMemberDetailScreen.test.tsx
PASS src/services/analytics/eventRegistryCoverage.test.ts
PASS src/capabilities/recipes/screens/RecipeHomeScreen.test.tsx
PASS src/capabilities/money/screens/MoneySummaryScreen.test.tsx
PASS src/capabilities/games/features/remote/__tests__/JoinTableScreen.test.tsx
PASS src/features/account/SettingsHomeScreen.test.tsx
PASS src/features/friends/FriendshipSettingsSection.test.tsx
PASS src/features/onboarding/SignInInterstitial.email.test.tsx
PASS src/capabilities/games/features/connection-games/__tests__/ConnectionGameScreen.test.tsx
PASS src/features/capability-onboarding/CapabilityOnboardingHost.test.tsx
PASS src/capabilities/recipes/screens/RecipeCookModeScreen.test.tsx
PASS src/features/account/ConnectedToolsScreen.test.tsx
PASS src/capabilities/games/players/__tests__/useSavedPlayerRoster.test.tsx
PASS src/services/sync/domainSync.test.ts
PASS src/capabilities/recipes/screens/MealsOverflowMenu.test.tsx
PASS src/features/goals/ShareGoalDrawer.test.tsx
PASS src/features/shared-home/SharedHomeScreen.test.tsx
PASS src/capabilities/money/components/MoneyWeeklyCheckRow.test.tsx
PASS src/features/account/ProfileSettingsScreen.test.tsx
PASS src/features/account/NotificationsSettingsScreen.test.tsx
  ● Console

    console.error
      An update to Animated(View) inside a test was not wrapped in act(...).

      When testing, code that causes React state updates should be wrapped into act(...):

      act(() => {
        /* fire events that update state */
      });
      /* assert on the output */

      This ensures that you're testing the behavior the user would see in the browser. Learn more at https://react.dev/link/wrap-tests-with-act

      at node_modules/react-test-renderer/cjs/react-test-renderer.development.js:14402:19
      at runWithFiberInDEV (node_modules/react-test-renderer/cjs/react-test-renderer.development.js:2315:13)
      at warnIfUpdatesNotWrappedWithActDEV (node_modules/react-test-renderer/cjs/react-test-renderer.development.js:14401:9)
      at scheduleUpdateOnFiber (node_modules/react-test-renderer/cjs/react-test-renderer.development.js:12086:9)
      at dispatchReducerAction (node_modules/react-test-renderer/cjs/react-test-renderer.development.js:6155:13)
      at Object.scheduleUpdate [as current] (node_modules/react-native/src/private/animated/createAnimatedPropsHook.js:121:20)
      at AnimatedProps.current [as _callback] (node_modules/react-native/src/private/animated/createAnimatedPropsHook.js:64:56)
      at AnimatedProps._callback [as update] (node_modules/react-native/Libraries/Animated/nodes/AnimatedProps.js:231:10)
      at update (node_modules/react-native/Libraries/Animated/nodes/AnimatedValue.js:64:31)
          at Set.forEach (<anonymous>)
      at forEach (node_modules/react-native/Libraries/Animated/nodes/AnimatedValue.js:64:10)
      at AnimatedValue.flushValue [as _updateValue] (node_modules/react-native/Libraries/Animated/nodes/AnimatedValue.js:358:7)
      at TimingAnimation._updateValue [as _onUpdate] (node_modules/react-native/Libraries/Animated/nodes/AnimatedValue.js:322:14)
      at TimingAnimation._onUpdate [as onUpdate] (node_modules/react-native/Libraries/Animated/animations/TimingAnimation.js:157:10)
      at onUpdate (node_modules/react-native/Libraries/Animated/animations/TimingAnimation.js:132:67)
      at Timeout.callback [as _onTimeout] (node_modules/react-native-worklets/src/runLoop/uiRuntime/mockedRequestAnimationFrame.ts:10:27)

    console.error
      An update to Animated(View) inside a test was not wrapped in act(...).

      When testing, code that causes React state updates should be wrapped into act(...):

      act(() => {
        /* fire events that update state */
      });
      /* assert on the output */

      This ensures that you're testing the behavior the user would see in the browser. Learn more at https://react.dev/link/wrap-tests-with-act

      at node_modules/react-test-renderer/cjs/react-test-renderer.development.js:14402:19
      at runWithFiberInDEV (node_modules/react-test-renderer/cjs/react-test-renderer.development.js:2315:13)
      at warnIfUpdatesNotWrappedWithActDEV (node_modules/react-test-renderer/cjs/react-test-renderer.development.js:14401:9)
      at scheduleUpdateOnFiber (node_modules/react-test-renderer/cjs/react-test-renderer.development.js:12086:9)
      at dispatchReducerAction (node_modules/react-test-renderer/cjs/react-test-renderer.development.js:6155:13)
      at Object.scheduleUpdate [as current] (node_modules/react-native/src/private/animated/createAnimatedPropsHook.js:121:20)
      at AnimatedProps.current [as _callback] (node_modules/react-native/src/private/animated/createAnimatedPropsHook.js:64:56)
      at AnimatedProps._callback [as update] (node_modules/react-native/Libraries/Animated/nodes/AnimatedProps.js:231:10)
      at update (node_modules/react-native/Libraries/Animated/nodes/AnimatedValue.js:64:31)
          at Set.forEach (<anonymous>)
      at forEach (node_modules/react-native/Libraries/Animated/nodes/AnimatedValue.js:64:10)
      at AnimatedValue.flushValue [as _updateValue] (node_modules/react-native/Libraries/Animated/nodes/AnimatedValue.js:358:7)
      at TimingAnimation._updateValue [as _onUpdate] (node_modules/react-native/Libraries/Animated/nodes/AnimatedValue.js:322:14)
      at TimingAnimation._onUpdate [as onUpdate] (node_modules/react-native/Libraries/Animated/animations/TimingAnimation.js:157:10)
      at onUpdate (node_modules/react-native/Libraries/Animated/animations/TimingAnimation.js:132:67)
      at Timeout.callback [as _onTimeout] (node_modules/react-native-worklets/src/runLoop/uiRuntime/mockedRequestAnimationFrame.ts:10:27)

    console.error
      An update to Animated(View) inside a test was not wrapped in act(...).

      When testing, code that causes React state updates should be wrapped into act(...):

      act(() => {
        /* fire events that update state */
      });
      /* assert on the output */

      This ensures that you're testing the behavior the user would see in the browser. Learn more at https://react.dev/link/wrap-tests-with-act

      at node_modules/react-test-renderer/cjs/react-test-renderer.development.js:14402:19
      at runWithFiberInDEV (node_modules/react-test-renderer/cjs/react-test-renderer.development.js:2315:13)
      at warnIfUpdatesNotWrappedWithActDEV (node_modules/react-test-renderer/cjs/react-test-renderer.development.js:14401:9)
      at scheduleUpdateOnFiber (node_modules/react-test-renderer/cjs/react-test-renderer.development.js:12086:9)
      at dispatchReducerAction (node_modules/react-test-renderer/cjs/react-test-renderer.development.js:6155:13)
      at Object.scheduleUpdate [as current] (node_modules/react-native/src/private/animated/createAnimatedPropsHook.js:121:20)
      at AnimatedProps.current [as _callback] (node_modules/react-native/src/private/animated/createAnimatedPropsHook.js:64:56)
      at AnimatedProps._callback [as update] (node_modules/react-native/Libraries/Animated/nodes/AnimatedProps.js:231:10)
      at update (node_modules/react-native/Libraries/Animated/nodes/AnimatedValue.js:64:31)
          at Set.forEach (<anonymous>)
      at forEach (node_modules/react-native/Libraries/Animated/nodes/AnimatedValue.js:64:10)
      at AnimatedValue.flushValue [as _updateValue] (node_modules/react-native/Libraries/Animated/nodes/AnimatedValue.js:358:7)
      at TimingAnimation._updateValue [as _onUpdate] (node_modules/react-native/Libraries/Animated/nodes/AnimatedValue.js:322:14)
      at TimingAnimation._onUpdate [as onUpdate] (node_modules/react-native/Libraries/Animated/animations/TimingAnimation.js:157:10)
      at onUpdate (node_modules/react-native/Libraries/Animated/animations/TimingAnimation.js:132:67)
      at Timeout.callback [as _onTimeout] (node_modules/react-native-worklets/src/runLoop/uiRuntime/mockedRequestAnimationFrame.ts:10:27)

    console.error
      An update to Animated(View) inside a test was not wrapped in act(...).

      When testing, code that causes React state updates should be wrapped into act(...):

      act(() => {
        /* fire events that update state */
      });
      /* assert on the output */

      This ensures that you're testing the behavior the user would see in the browser. Learn more at https://react.dev/link/wrap-tests-with-act

      at node_modules/react-test-renderer/cjs/react-test-renderer.development.js:14402:19
      at runWithFiberInDEV (node_modules/react-test-renderer/cjs/react-test-renderer.development.js:2315:13)
      at warnIfUpdatesNotWrappedWithActDEV (node_modules/react-test-renderer/cjs/react-test-renderer.development.js:14401:9)
      at scheduleUpdateOnFiber (node_modules/react-test-renderer/cjs/react-test-renderer.development.js:12086:9)
      at dispatchReducerAction (node_modules/react-test-renderer/cjs/react-test-renderer.development.js:6155:13)
      at Object.scheduleUpdate [as current] (node_modules/react-native/src/private/animated/createAnimatedPropsHook.js:121:20)
      at AnimatedProps.current [as _callback] (node_modules/react-native/src/private/animated/createAnimatedPropsHook.js:64:56)
      at AnimatedProps._callback [as update] (node_modules/react-native/Libraries/Animated/nodes/AnimatedProps.js:231:10)
      at update (node_modules/react-native/Libraries/Animated/nodes/AnimatedValue.js:64:31)
          at Set.forEach (<anonymous>)
      at forEach (node_modules/react-native/Libraries/Animated/nodes/AnimatedValue.js:64:10)
      at AnimatedValue.flushValue [as _updateValue] (node_modules/react-native/Libraries/Animated/nodes/AnimatedValue.js:358:7)
      at TimingAnimation._updateValue [as _onUpdate] (node_modules/react-native/Libraries/Animated/nodes/AnimatedValue.js:322:14)
      at TimingAnimation._onUpdate [as onUpdate] (node_modules/react-native/Libraries/Animated/animations/TimingAnimation.js:157:10)
      at onUpdate (node_modules/react-native/Libraries/Animated/animations/TimingAnimation.js:132:67)
      at Timeout.callback [as _onTimeout] (node_modules/react-native-worklets/src/runLoop/uiRuntime/mockedRequestAnimationFrame.ts:10:27)

    console.error
      An update to Animated(View) inside a test was not wrapped in act(...).

      When testing, code that causes React state updates should be wrapped into act(...):

      act(() => {
        /* fire events that update state */
      });
      /* assert on the output */

      This ensures that you're testing the behavior the user would see in the browser. Learn more at https://react.dev/link/wrap-tests-with-act

      at node_modules/react-test-renderer/cjs/react-test-renderer.development.js:14402:19
      at runWithFiberInDEV (node_modules/react-test-renderer/cjs/react-test-renderer.development.js:2315:13)
      at warnIfUpdatesNotWrappedWithActDEV (node_modules/react-test-renderer/cjs/react-test-renderer.development.js:14401:9)
      at scheduleUpdateOnFiber (node_modules/react-test-renderer/cjs/react-test-renderer.development.js:12086:9)
      at dispatchReducerAction (node_modules/react-test-renderer/cjs/react-test-renderer.development.js:6155:13)
      at Object.scheduleUpdate [as current] (node_modules/react-native/src/private/animated/createAnimatedPropsHook.js:121:20)
      at AnimatedProps.current [as _callback] (node_modules/react-native/src/private/animated/createAnimatedPropsHook.js:64:56)
      at AnimatedProps._callback [as update] (node_modules/react-native/Libraries/Animated/nodes/AnimatedProps.js:231:10)
      at update (node_modules/react-native/Libraries/Animated/nodes/AnimatedValue.js:64:31)
          at Set.forEach (<anonymous>)
      at forEach (node_modules/react-native/Libraries/Animated/nodes/AnimatedValue.js:64:10)
      at AnimatedValue.flushValue [as _updateValue] (node_modules/react-native/Libraries/Animated/nodes/AnimatedValue.js:358:7)
      at TimingAnimation._updateValue [as _onUpdate] (node_modules/react-native/Libraries/Animated/nodes/AnimatedValue.js:322:14)
      at TimingAnimation._onUpdate [as onUpdate] (node_modules/react-native/Libraries/Animated/animations/TimingAnimation.js:157:10)
      at onUpdate (node_modules/react-native/Libraries/Animated/animations/TimingAnimation.js:132:67)
      at Timeout.callback [as _onTimeout] (node_modules/react-native-worklets/src/runLoop/uiRuntime/mockedRequestAnimationFrame.ts:10:27)

    console.error
      An update to Animated(View) inside a test was not wrapped in act(...).

      When testing, code that causes React state updates should be wrapped into act(...):

      act(() => {
        /* fire events that update state */
      });
      /* assert on the output */

      This ensures that you're testing the behavior the user would see in the browser. Learn more at https://react.dev/link/wrap-tests-with-act

      at node_modules/react-test-renderer/cjs/react-test-renderer.development.js:14402:19
      at runWithFiberInDEV (node_modules/react-test-renderer/cjs/react-test-renderer.development.js:2315:13)
      at warnIfUpdatesNotWrappedWithActDEV (node_modules/react-test-renderer/cjs/react-test-renderer.development.js:14401:9)
      at scheduleUpdateOnFiber (node_modules/react-test-renderer/cjs/react-test-renderer.development.js:12086:9)
      at dispatchReducerAction (node_modules/react-test-renderer/cjs/react-test-renderer.development.js:6155:13)
      at Object.scheduleUpdate [as current] (node_modules/react-native/src/private/animated/createAnimatedPropsHook.js:121:20)
      at AnimatedProps.current [as _callback] (node_modules/react-native/src/private/animated/createAnimatedPropsHook.js:64:56)
      at AnimatedProps._callback [as update] (node_modules/react-native/Libraries/Animated/nodes/AnimatedProps.js:231:10)
      at update (node_modules/react-native/Libraries/Animated/nodes/AnimatedValue.js:64:31)
          at Set.forEach (<anonymous>)
      at forEach (node_modules/react-native/Libraries/Animated/nodes/AnimatedValue.js:64:10)
      at AnimatedValue.flushValue [as _updateValue] (node_modules/react-native/Libraries/Animated/nodes/AnimatedValue.js:358:7)
      at TimingAnimation._updateValue [as _onUpdate] (node_modules/react-native/Libraries/Animated/nodes/AnimatedValue.js:322:14)
      at TimingAnimation._onUpdate [as onUpdate] (node_modules/react-native/Libraries/Animated/animations/TimingAnimation.js:157:10)
      at onUpdate (node_modules/react-native/Libraries/Animated/animations/TimingAnimation.js:132:67)
      at Timeout.callback [as _onTimeout] (node_modules/react-native-worklets/src/runLoop/uiRuntime/mockedRequestAnimationFrame.ts:10:27)

    console.error
      An update to Animated(View) inside a test was not wrapped in act(...).

      When testing, code that causes React state updates should be wrapped into act(...):

      act(() => {
        /* fire events that update state */
      });
      /* assert on the output */

      This ensures that you're testing the behavior the user would see in the browser. Learn more at https://react.dev/link/wrap-tests-with-act

      at node_modules/react-test-renderer/cjs/react-test-renderer.development.js:14402:19
      at runWithFiberInDEV (node_modules/react-test-renderer/cjs/react-test-renderer.development.js:2315:13)
      at warnIfUpdatesNotWrappedWithActDEV (node_modules/react-test-renderer/cjs/react-test-renderer.development.js:14401:9)
      at scheduleUpdateOnFiber (node_modules/react-test-renderer/cjs/react-test-renderer.development.js:12086:9)
      at dispatchReducerAction (node_modules/react-test-renderer/cjs/react-test-renderer.development.js:6155:13)
      at Object.scheduleUpdate [as current] (node_modules/react-native/src/private/animated/createAnimatedPropsHook.js:121:20)
      at AnimatedProps.current [as _callback] (node_modules/react-native/src/private/animated/createAnimatedPropsHook.js:64:56)
      at AnimatedProps._callback [as update] (node_modules/react-native/Libraries/Animated/nodes/AnimatedProps.js:231:10)
      at update (node_modules/react-native/Libraries/Animated/nodes/AnimatedValue.js:64:31)
          at Set.forEach (<anonymous>)
      at forEach (node_modules/react-native/Libraries/Animated/nodes/AnimatedValue.js:64:10)
      at AnimatedValue.flushValue [as _updateValue] (node_modules/react-native/Libraries/Animated/nodes/AnimatedValue.js:358:7)
      at TimingAnimation._updateValue [as _onUpdate] (node_modules/react-native/Libraries/Animated/nodes/AnimatedValue.js:322:14)
      at TimingAnimation._onUpdate [as onUpdate] (node_modules/react-native/Libraries/Animated/animations/TimingAnimation.js:157:10)
      at onUpdate (node_modules/react-native/Libraries/Animated/animations/TimingAnimation.js:132:67)
      at Timeout.callback [as _onTimeout] (node_modules/react-native-worklets/src/runLoop/uiRuntime/mockedRequestAnimationFrame.ts:10:27)

    console.error
      An update to Animated(View) inside a test was not wrapped in act(...).

      When testing, code that causes React state updates should be wrapped into act(...):

      act(() => {
        /* fire events that update state */
      });
      /* assert on the output */

      This ensures that you're testing the behavior the user would see in the browser. Learn more at https://react.dev/link/wrap-tests-with-act

      at node_modules/react-test-renderer/cjs/react-test-renderer.development.js:14402:19
      at runWithFiberInDEV (node_modules/react-test-renderer/cjs/react-test-renderer.development.js:2315:13)
      at warnIfUpdatesNotWrappedWithActDEV (node_modules/react-test-renderer/cjs/react-test-renderer.development.js:14401:9)
      at scheduleUpdateOnFiber (node_modules/react-test-renderer/cjs/react-test-renderer.development.js:12086:9)
      at dispatchReducerAction (node_modules/react-test-renderer/cjs/react-test-renderer.development.js:6155:13)
      at Object.scheduleUpdate [as current] (node_modules/react-native/src/private/animated/createAnimatedPropsHook.js:121:20)
      at AnimatedProps.current [as _callback] (node_modules/react-native/src/private/animated/createAnimatedPropsHook.js:64:56)
      at AnimatedProps._callback [as update] (node_modules/react-native/Libraries/Animated/nodes/AnimatedProps.js:231:10)
      at update (node_modules/react-native/Libraries/Animated/nodes/AnimatedValue.js:64:31)
          at Set.forEach (<anonymous>)
      at forEach (node_modules/react-native/Libraries/Animated/nodes/AnimatedValue.js:64:10)
      at AnimatedValue.flushValue [as _updateValue] (node_modules/react-native/Libraries/Animated/nodes/AnimatedValue.js:358:7)
      at TimingAnimation._updateValue [as _onUpdate] (node_modules/react-native/Libraries/Animated/nodes/AnimatedValue.js:322:14)
      at TimingAnimation._onUpdate [as onUpdate] (node_modules/react-native/Libraries/Animated/animations/TimingAnimation.js:157:10)
      at onUpdate (node_modules/react-native/Libraries/Animated/animations/TimingAnimation.js:132:67)
      at Timeout.callback [as _onTimeout] (node_modules/react-native-worklets/src/runLoop/uiRuntime/mockedRequestAnimationFrame.ts:10:27)

    console.error
      An update to Animated(View) inside a test was not wrapped in act(...).

      When testing, code that causes React state updates should be wrapped into act(...):

      act(() => {
        /* fire events that update state */
      });
      /* assert on the output */

      This ensures that you're testing the behavior the user would see in the browser. Learn more at https://react.dev/link/wrap-tests-with-act

      at node_modules/react-test-renderer/cjs/react-test-renderer.development.js:14402:19
      at runWithFiberInDEV (node_modules/react-test-renderer/cjs/react-test-renderer.development.js:2315:13)
      at warnIfUpdatesNotWrappedWithActDEV (node_modules/react-test-renderer/cjs/react-test-renderer.development.js:14401:9)
      at scheduleUpdateOnFiber (node_modules/react-test-renderer/cjs/react-test-renderer.development.js:12086:9)
      at dispatchReducerAction (node_modules/react-test-renderer/cjs/react-test-renderer.development.js:6155:13)
      at Object.scheduleUpdate [as current] (node_modules/react-native/src/private/animated/createAnimatedPropsHook.js:121:20)
      at AnimatedProps.current [as _callback] (node_modules/react-native/src/private/animated/createAnimatedPropsHook.js:64:56)
      at AnimatedProps._callback [as update] (node_modules/react-native/Libraries/Animated/nodes/AnimatedProps.js:231:10)
      at update (node_modules/react-native/Libraries/Animated/nodes/AnimatedValue.js:64:31)
          at Set.forEach (<anonymous>)
      at forEach (node_modules/react-native/Libraries/Animated/nodes/AnimatedValue.js:64:10)
      at AnimatedValue.flushValue [as _updateValue] (node_modules/react-native/Libraries/Animated/nodes/AnimatedValue.js:358:7)
      at TimingAnimation._updateValue [as _onUpdate] (node_modules/react-native/Libraries/Animated/nodes/AnimatedValue.js:322:14)
      at TimingAnimation._onUpdate [as onUpdate] (node_modules/react-native/Libraries/Animated/animations/TimingAnimation.js:157:10)
      at onUpdate (node_modules/react-native/Libraries/Animated/animations/TimingAnimation.js:132:67)
      at Timeout.callback [as _onTimeout] (node_modules/react-native-worklets/src/runLoop/uiRuntime/mockedRequestAnimationFrame.ts:10:27)

    console.error
      An update to Animated(View) inside a test was not wrapped in act(...).

      When testing, code that causes React state updates should be wrapped into act(...):

      act(() => {
        /* fire events that update state */
      });
      /* assert on the output */

      This ensures that you're testing the behavior the user would see in the browser. Learn more at https://react.dev/link/wrap-tests-with-act

      at node_modules/react-test-renderer/cjs/react-test-renderer.development.js:14402:19
      at runWithFiberInDEV (node_modules/react-test-renderer/cjs/react-test-renderer.development.js:2315:13)
      at warnIfUpdatesNotWrappedWithActDEV (node_modules/react-test-renderer/cjs/react-test-renderer.development.js:14401:9)
      at scheduleUpdateOnFiber (node_modules/react-test-renderer/cjs/react-test-renderer.development.js:12086:9)
      at dispatchReducerAction (node_modules/react-test-renderer/cjs/react-test-renderer.development.js:6155:13)
      at Object.scheduleUpdate [as current] (node_modules/react-native/src/private/animated/createAnimatedPropsHook.js:121:20)
      at AnimatedProps.current [as _callback] (node_modules/react-native/src/private/animated/createAnimatedPropsHook.js:64:56)
      at AnimatedProps._callback [as update] (node_modules/react-native/Libraries/Animated/nodes/AnimatedProps.js:231:10)
      at update (node_modules/react-native/Libraries/Animated/nodes/AnimatedValue.js:64:31)
          at Set.forEach (<anonymous>)
      at forEach (node_modules/react-native/Libraries/Animated/nodes/AnimatedValue.js:64:10)
      at AnimatedValue.flushValue [as _updateValue] (node_modules/react-native/Libraries/Animated/nodes/AnimatedValue.js:358:7)
      at TimingAnimation._updateValue [as _onUpdate] (node_modules/react-native/Libraries/Animated/nodes/AnimatedValue.js:322:14)
      at TimingAnimation._onUpdate [as onUpdate] (node_modules/react-native/Libraries/Animated/animations/TimingAnimation.js:157:10)
      at onUpdate (node_modules/react-native/Libraries/Animated/animations/TimingAnimation.js:132:67)
      at Timeout.callback [as _onTimeout] (node_modules/react-native-worklets/src/runLoop/uiRuntime/mockedRequestAnimationFrame.ts:10:27)

    console.error
      An update to Animated(View) inside a test was not wrapped in act(...).

      When testing, code that causes React state updates should be wrapped into act(...):

      act(() => {
        /* fire events that update state */
      });
      /* assert on the output */

      This ensures that you're testing the behavior the user would see in the browser. Learn more at https://react.dev/link/wrap-tests-with-act

      at node_modules/react-test-renderer/cjs/react-test-renderer.development.js:14402:19
      at runWithFiberInDEV (node_modules/react-test-renderer/cjs/react-test-renderer.development.js:2315:13)
      at warnIfUpdatesNotWrappedWithActDEV (node_modules/react-test-renderer/cjs/react-test-renderer.development.js:14401:9)
      at scheduleUpdateOnFiber (node_modules/react-test-renderer/cjs/react-test-renderer.development.js:12086:9)
      at dispatchReducerAction (node_modules/react-test-renderer/cjs/react-test-renderer.development.js:6155:13)
      at Object.scheduleUpdate [as current] (node_modules/react-native/src/private/animated/createAnimatedPropsHook.js:121:20)
      at AnimatedProps.current [as _callback] (node_modules/react-native/src/private/animated/createAnimatedPropsHook.js:64:56)
      at AnimatedProps._callback [as update] (node_modules/react-native/Libraries/Animated/nodes/AnimatedProps.js:231:10)
      at update (node_modules/react-native/Libraries/Animated/nodes/AnimatedValue.js:64:31)
          at Set.forEach (<anonymous>)
      at forEach (node_modules/react-native/Libraries/Animated/nodes/AnimatedValue.js:64:10)
      at AnimatedValue.flushValue [as _updateValue] (node_modules/react-native/Libraries/Animated/nodes/AnimatedValue.js:358:7)
      at TimingAnimation._updateValue [as _onUpdate] (node_modules/react-native/Libraries/Animated/nodes/AnimatedValue.js:322:14)
      at TimingAnimation._onUpdate [as onUpdate] (node_modules/react-native/Libraries/Animated/animations/TimingAnimation.js:157:10)
      at onUpdate (node_modules/react-native/Libraries/Animated/animations/TimingAnimation.js:132:67)
      at Timeout.callback [as _onTimeout] (node_modules/react-native-worklets/src/runLoop/uiRuntime/mockedRequestAnimationFrame.ts:10:27)

    console.error
      An update to Animated(View) inside a test was not wrapped in act(...).

      When testing, code that causes React state updates should be wrapped into act(...):

      act(() => {
        /* fire events that update state */
      });
      /* assert on the output */

      This ensures that you're testing the behavior the user would see in the browser. Learn more at https://react.dev/link/wrap-tests-with-act

      at node_modules/react-test-renderer/cjs/react-test-renderer.development.js:14402:19
      at runWithFiberInDEV (node_modules/react-test-renderer/cjs/react-test-renderer.development.js:2315:13)
      at warnIfUpdatesNotWrappedWithActDEV (node_modules/react-test-renderer/cjs/react-test-renderer.development.js:14401:9)
      at scheduleUpdateOnFiber (node_modules/react-test-renderer/cjs/react-test-renderer.development.js:12086:9)
      at dispatchReducerAction (node_modules/react-test-renderer/cjs/react-test-renderer.development.js:6155:13)
      at Object.scheduleUpdate [as current] (node_modules/react-native/src/private/animated/createAnimatedPropsHook.js:121:20)
      at AnimatedProps.current [as _callback] (node_modules/react-native/src/private/animated/createAnimatedPropsHook.js:64:56)
      at AnimatedProps._callback [as update] (node_modules/react-native/Libraries/Animated/nodes/AnimatedProps.js:231:10)
      at update (node_modules/react-native/Libraries/Animated/nodes/AnimatedValue.js:64:31)
          at Set.forEach (<anonymous>)
      at forEach (node_modules/react-native/Libraries/Animated/nodes/AnimatedValue.js:64:10)
      at AnimatedValue.flushValue [as _updateValue] (node_modules/react-native/Libraries/Animated/nodes/AnimatedValue.js:358:7)
      at TimingAnimation._updateValue [as _onUpdate] (node_modules/react-native/Libraries/Animated/nodes/AnimatedValue.js:322:14)
      at TimingAnimation._onUpdate [as onUpdate] (node_modules/react-native/Libraries/Animated/animations/TimingAnimation.js:157:10)
      at onUpdate (node_modules/react-native/Libraries/Animated/animations/TimingAnimation.js:132:67)
      at Timeout.callback [as _onTimeout] (node_modules/react-native-worklets/src/runLoop/uiRuntime/mockedRequestAnimationFrame.ts:10:27)

    console.error
      An update to Animated(View) inside a test was not wrapped in act(...).

      When testing, code that causes React state updates should be wrapped into act(...):

      act(() => {
        /* fire events that update state */
      });
      /* assert on the output */

      This ensures that you're testing the behavior the user would see in the browser. Learn more at https://react.dev/link/wrap-tests-with-act

      at node_modules/react-test-renderer/cjs/react-test-renderer.development.js:14402:19
      at runWithFiberInDEV (node_modules/react-test-renderer/cjs/react-test-renderer.development.js:2315:13)
      at warnIfUpdatesNotWrappedWithActDEV (node_modules/react-test-renderer/cjs/react-test-renderer.development.js:14401:9)
      at scheduleUpdateOnFiber (node_modules/react-test-renderer/cjs/react-test-renderer.development.js:12086:9)
      at dispatchReducerAction (node_modules/react-test-renderer/cjs/react-test-renderer.development.js:6155:13)
      at Object.scheduleUpdate [as current] (node_modules/react-native/src/private/animated/createAnimatedPropsHook.js:121:20)
      at AnimatedProps.current [as _callback] (node_modules/react-native/src/private/animated/createAnimatedPropsHook.js:64:56)
      at AnimatedProps._callback [as update] (node_modules/react-native/Libraries/Animated/nodes/AnimatedProps.js:231:10)
      at update (node_modules/react-native/Libraries/Animated/nodes/AnimatedValue.js:64:31)
          at Set.forEach (<anonymous>)
      at forEach (node_modules/react-native/Libraries/Animated/nodes/AnimatedValue.js:64:10)
      at AnimatedValue.flushValue [as _updateValue] (node_modules/react-native/Libraries/Animated/nodes/AnimatedValue.js:358:7)
      at TimingAnimation._updateValue [as _onUpdate] (node_modules/react-native/Libraries/Animated/nodes/AnimatedValue.js:322:14)
      at TimingAnimation._onUpdate [as onUpdate] (node_modules/react-native/Libraries/Animated/animations/TimingAnimation.js:157:10)
      at onUpdate (node_modules/react-native/Libraries/Animated/animations/TimingAnimation.js:132:67)
      at Timeout.callback [as _onTimeout] (node_modules/react-native-worklets/src/runLoop/uiRuntime/mockedRequestAnimationFrame.ts:10:27)

    console.error
      An update to Animated(View) inside a test was not wrapped in act(...).

      When testing, code that causes React state updates should be wrapped into act(...):

      act(() => {
        /* fire events that update state */
      });
      /* assert on the output */

      This ensures that you're testing the behavior the user would see in the browser. Learn more at https://react.dev/link/wrap-tests-with-act

      at node_modules/react-test-renderer/cjs/react-test-renderer.development.js:14402:19
      at runWithFiberInDEV (node_modules/react-test-renderer/cjs/react-test-renderer.development.js:2315:13)
      at warnIfUpdatesNotWrappedWithActDEV (node_modules/react-test-renderer/cjs/react-test-renderer.development.js:14401:9)
      at scheduleUpdateOnFiber (node_modules/react-test-renderer/cjs/react-test-renderer.development.js:12086:9)
      at dispatchReducerAction (node_modules/react-test-renderer/cjs/react-test-renderer.development.js:6155:13)
      at Object.scheduleUpdate [as current] (node_modules/react-native/src/private/animated/createAnimatedPropsHook.js:121:20)
      at AnimatedProps.current [as _callback] (node_modules/react-native/src/private/animated/createAnimatedPropsHook.js:64:56)
      at AnimatedProps._callback [as update] (node_modules/react-native/Libraries/Animated/nodes/AnimatedProps.js:231:10)
      at update (node_modules/react-native/Libraries/Animated/nodes/AnimatedValue.js:64:31)
          at Set.forEach (<anonymous>)
      at forEach (node_modules/react-native/Libraries/Animated/nodes/AnimatedValue.js:64:10)
      at AnimatedValue.flushValue [as _updateValue] (node_modules/react-native/Libraries/Animated/nodes/AnimatedValue.js:358:7)
      at TimingAnimation._updateValue [as _onUpdate] (node_modules/react-native/Libraries/Animated/nodes/AnimatedValue.js:322:14)
      at TimingAnimation._onUpdate [as onUpdate] (node_modules/react-native/Libraries/Animated/animations/TimingAnimation.js:157:10)
      at onUpdate (node_modules/react-native/Libraries/Animated/animations/TimingAnimation.js:132:67)
      at Timeout.callback [as _onTimeout] (node_modules/react-native-worklets/src/runLoop/uiRuntime/mockedRequestAnimationFrame.ts:10:27)

    console.error
      An update to Animated(View) inside a test was not wrapped in act(...).

      When testing, code that causes React state updates should be wrapped into act(...):

      act(() => {
        /* fire events that update state */
      });
      /* assert on the output */

      This ensures that you're testing the behavior the user would see in the browser. Learn more at https://react.dev/link/wrap-tests-with-act

      at node_modules/react-test-renderer/cjs/react-test-renderer.development.js:14402:19
      at runWithFiberInDEV (node_modules/react-test-renderer/cjs/react-test-renderer.development.js:2315:13)
      at warnIfUpdatesNotWrappedWithActDEV (node_modules/react-test-renderer/cjs/react-test-renderer.development.js:14401:9)
      at scheduleUpdateOnFiber (node_modules/react-test-renderer/cjs/react-test-renderer.development.js:12086:9)
      at dispatchReducerAction (node_modules/react-test-renderer/cjs/react-test-renderer.development.js:6155:13)
      at Object.scheduleUpdate [as current] (node_modules/react-native/src/private/animated/createAnimatedPropsHook.js:121:20)
      at AnimatedProps.current [as _callback] (node_modules/react-native/src/private/animated/createAnimatedPropsHook.js:64:56)
      at AnimatedProps._callback [as update] (node_modules/react-native/Libraries/Animated/nodes/AnimatedProps.js:231:10)
      at update (node_modules/react-native/Libraries/Animated/nodes/AnimatedValue.js:64:31)
          at Set.forEach (<anonymous>)
      at forEach (node_modules/react-native/Libraries/Animated/nodes/AnimatedValue.js:64:10)
      at AnimatedValue.flushValue [as _updateValue] (node_modules/react-native/Libraries/Animated/nodes/AnimatedValue.js:358:7)
      at TimingAnimation._updateValue [as _onUpdate] (node_modules/react-native/Libraries/Animated/nodes/AnimatedValue.js:322:14)
      at TimingAnimation._onUpdate [as onUpdate] (node_modules/react-native/Libraries/Animated/animations/TimingAnimation.js:157:10)
      at onUpdate (node_modules/react-native/Libraries/Animated/animations/TimingAnimation.js:132:67)
      at Timeout.callback [as _onTimeout] (node_modules/react-native-worklets/src/runLoop/uiRuntime/mockedRequestAnimationFrame.ts:10:27)

    console.error
      An update to Animated(View) inside a test was not wrapped in act(...).

      When testing, code that causes React state updates should be wrapped into act(...):

      act(() => {
        /* fire events that update state */
      });
      /* assert on the output */

      This ensures that you're testing the behavior the user would see in the browser. Learn more at https://react.dev/link/wrap-tests-with-act

      at node_modules/react-test-renderer/cjs/react-test-renderer.development.js:14402:19
      at runWithFiberInDEV (node_modules/react-test-renderer/cjs/react-test-renderer.development.js:2315:13)
      at warnIfUpdatesNotWrappedWithActDEV (node_modules/react-test-renderer/cjs/react-test-renderer.development.js:14401:9)
      at scheduleUpdateOnFiber (node_modules/react-test-renderer/cjs/react-test-renderer.development.js:12086:9)
      at dispatchReducerAction (node_modules/react-test-renderer/cjs/react-test-renderer.development.js:6155:13)
      at Object.scheduleUpdate [as current] (node_modules/react-native/src/private/animated/createAnimatedPropsHook.js:121:20)
      at AnimatedProps.current [as _callback] (node_modules/react-native/src/private/animated/createAnimatedPropsHook.js:64:56)
      at AnimatedProps._callback [as update] (node_modules/react-native/Libraries/Animated/nodes/AnimatedProps.js:231:10)
      at update (node_modules/react-native/Libraries/Animated/nodes/AnimatedValue.js:64:31)
          at Set.forEach (<anonymous>)
      at forEach (node_modules/react-native/Libraries/Animated/nodes/AnimatedValue.js:64:10)
      at AnimatedValue.flushValue [as _updateValue] (node_modules/react-native/Libraries/Animated/nodes/AnimatedValue.js:358:7)
      at TimingAnimation._updateValue [as _onUpdate] (node_modules/react-native/Libraries/Animated/nodes/AnimatedValue.js:322:14)
      at TimingAnimation._onUpdate [as onUpdate] (node_modules/react-native/Libraries/Animated/animations/TimingAnimation.js:157:10)
      at onUpdate (node_modules/react-native/Libraries/Animated/animations/TimingAnimation.js:132:67)
      at Timeout.callback [as _onTimeout] (node_modules/react-native-worklets/src/runLoop/uiRuntime/mockedRequestAnimationFrame.ts:10:27)

    console.error
      An update to Animated(View) inside a test was not wrapped in act(...).

      When testing, code that causes React state updates should be wrapped into act(...):

      act(() => {
        /* fire events that update state */
      });
      /* assert on the output */

      This ensures that you're testing the behavior the user would see in the browser. Learn more at https://react.dev/link/wrap-tests-with-act

      at node_modules/react-test-renderer/cjs/react-test-renderer.development.js:14402:19
      at runWithFiberInDEV (node_modules/react-test-renderer/cjs/react-test-renderer.development.js:2315:13)
      at warnIfUpdatesNotWrappedWithActDEV (node_modules/react-test-renderer/cjs/react-test-renderer.development.js:14401:9)
      at scheduleUpdateOnFiber (node_modules/react-test-renderer/cjs/react-test-renderer.development.js:12086:9)
      at dispatchReducerAction (node_modules/react-test-renderer/cjs/react-test-renderer.development.js:6155:13)
      at Object.scheduleUpdate [as current] (node_modules/react-native/src/private/animated/createAnimatedPropsHook.js:121:20)
      at AnimatedProps.current [as _callback] (node_modules/react-native/src/private/animated/createAnimatedPropsHook.js:64:56)
      at AnimatedProps._callback [as update] (node_modules/react-native/Libraries/Animated/nodes/AnimatedProps.js:231:10)
      at update (node_modules/react-native/Libraries/Animated/nodes/AnimatedValue.js:64:31)
          at Set.forEach (<anonymous>)
      at forEach (node_modules/react-native/Libraries/Animated/nodes/AnimatedValue.js:64:10)
      at AnimatedValue.flushValue [as _updateValue] (node_modules/react-native/Libraries/Animated/nodes/AnimatedValue.js:358:7)
      at TimingAnimation._updateValue [as _onUpdate] (node_modules/react-native/Libraries/Animated/nodes/AnimatedValue.js:322:14)
      at TimingAnimation._onUpdate [as onUpdate] (node_modules/react-native/Libraries/Animated/animations/TimingAnimation.js:157:10)
      at onUpdate (node_modules/react-native/Libraries/Animated/animations/TimingAnimation.js:132:67)
      at Timeout.callback [as _onTimeout] (node_modules/react-native-worklets/src/runLoop/uiRuntime/mockedRequestAnimationFrame.ts:10:27)

    console.error
      An update to Animated(View) inside a test was not wrapped in act(...).

      When testing, code that causes React state updates should be wrapped into act(...):

      act(() => {
        /* fire events that update state */
      });
      /* assert on the output */

      This ensures that you're testing the behavior the user would see in the browser. Learn more at https://react.dev/link/wrap-tests-with-act

      at node_modules/react-test-renderer/cjs/react-test-renderer.development.js:14402:19
      at runWithFiberInDEV (node_modules/react-test-renderer/cjs/react-test-renderer.development.js:2315:13)
      at warnIfUpdatesNotWrappedWithActDEV (node_modules/react-test-renderer/cjs/react-test-renderer.development.js:14401:9)
      at scheduleUpdateOnFiber (node_modules/react-test-renderer/cjs/react-test-renderer.development.js:12086:9)
      at dispatchReducerAction (node_modules/react-test-renderer/cjs/react-test-renderer.development.js:6155:13)
      at Object.scheduleUpdate [as current] (node_modules/react-native/src/private/animated/createAnimatedPropsHook.js:121:20)
      at AnimatedProps.current [as _callback] (node_modules/react-native/src/private/animated/createAnimatedPropsHook.js:64:56)
      at AnimatedProps._callback [as update] (node_modules/react-native/Libraries/Animated/nodes/AnimatedProps.js:231:10)
      at update (node_modules/react-native/Libraries/Animated/nodes/AnimatedValue.js:64:31)
          at Set.forEach (<anonymous>)
      at forEach (node_modules/react-native/Libraries/Animated/nodes/AnimatedValue.js:64:10)
      at AnimatedValue.flushValue [as _updateValue] (node_modules/react-native/Libraries/Animated/nodes/AnimatedValue.js:358:7)
      at TimingAnimation._updateValue [as _onUpdate] (node_modules/react-native/Libraries/Animated/nodes/AnimatedValue.js:322:14)
      at TimingAnimation._onUpdate [as onUpdate] (node_modules/react-native/Libraries/Animated/animations/TimingAnimation.js:157:10)
      at onUpdate (node_modules/react-native/Libraries/Animated/animations/TimingAnimation.js:132:67)
      at Timeout.callback [as _onTimeout] (node_modules/react-native-worklets/src/runLoop/uiRuntime/mockedRequestAnimationFrame.ts:10:27)

    console.error
      An update to Animated(View) inside a test was not wrapped in act(...).

      When testing, code that causes React state updates should be wrapped into act(...):

      act(() => {
        /* fire events that update state */
      });
      /* assert on the output */

      This ensures that you're testing the behavior the user would see in the browser. Learn more at https://react.dev/link/wrap-tests-with-act

      at node_modules/react-test-renderer/cjs/react-test-renderer.development.js:14402:19
      at runWithFiberInDEV (node_modules/react-test-renderer/cjs/react-test-renderer.development.js:2315:13)
      at warnIfUpdatesNotWrappedWithActDEV (node_modules/react-test-renderer/cjs/react-test-renderer.development.js:14401:9)
      at scheduleUpdateOnFiber (node_modules/react-test-renderer/cjs/react-test-renderer.development.js:12086:9)
      at dispatchReducerAction (node_modules/react-test-renderer/cjs/react-test-renderer.development.js:6155:13)
      at Object.scheduleUpdate [as current] (node_modules/react-native/src/private/animated/createAnimatedPropsHook.js:121:20)
      at AnimatedProps.current [as _callback] (node_modules/react-native/src/private/animated/createAnimatedPropsHook.js:64:56)
      at AnimatedProps._callback [as update] (node_modules/react-native/Libraries/Animated/nodes/AnimatedProps.js:231:10)
      at update (node_modules/react-native/Libraries/Animated/nodes/AnimatedValue.js:64:31)
          at Set.forEach (<anonymous>)
      at forEach (node_modules/react-native/Libraries/Animated/nodes/AnimatedValue.js:64:10)
      at AnimatedValue.flushValue [as _updateValue] (node_modules/react-native/Libraries/Animated/nodes/AnimatedValue.js:358:7)
      at TimingAnimation._updateValue [as _onUpdate] (node_modules/react-native/Libraries/Animated/nodes/AnimatedValue.js:322:14)
      at TimingAnimation._onUpdate [as onUpdate] (node_modules/react-native/Libraries/Animated/animations/TimingAnimation.js:157:10)
      at Timeout.callback [as _onTimeout] (node_modules/react-native-worklets/src/runLoop/uiRuntime/mockedRequestAnimationFrame.ts:10:27)

    console.error
      An update to Animated(View) inside a test was not wrapped in act(...).

      When testing, code that causes React state updates should be wrapped into act(...):

      act(() => {
        /* fire events that update state */
      });
      /* assert on the output */

      This ensures that you're testing the behavior the user would see in the browser. Learn more at https://react.dev/link/wrap-tests-with-act

      at node_modules/react-test-renderer/cjs/react-test-renderer.development.js:14402:19
      at runWithFiberInDEV (node_modules/react-test-renderer/cjs/react-test-renderer.development.js:2315:13)
      at warnIfUpdatesNotWrappedWithActDEV (node_modules/react-test-renderer/cjs/react-test-renderer.development.js:14401:9)
      at scheduleUpdateOnFiber (node_modules/react-test-renderer/cjs/react-test-renderer.development.js:12086:9)
      at dispatchReducerAction (node_modules/react-test-renderer/cjs/react-test-renderer.development.js:6155:13)
      at Object.scheduleUpdate [as current] (node_modules/react-native/src/private/animated/createAnimatedPropsHook.js:121:20)
      at AnimatedProps.current [as _callback] (node_modules/react-native/src/private/animated/createAnimatedPropsHook.js:64:56)
      at AnimatedProps._callback [as update] (node_modules/react-native/Libraries/Animated/nodes/AnimatedProps.js:231:10)
      at update (node_modules/react-native/Libraries/Animated/nodes/AnimatedValue.js:64:31)
          at Set.forEach (<anonymous>)
      at forEach (node_modules/react-native/Libraries/Animated/nodes/AnimatedValue.js:64:10)
      at AnimatedValue.flushValue [as _updateValue] (node_modules/react-native/Libraries/Animated/nodes/AnimatedValue.js:358:7)
      at TimingAnimation._updateValue [as _onUpdate] (node_modules/react-native/Libraries/Animated/nodes/AnimatedValue.js:322:14)
      at TimingAnimation._onUpdate [as onUpdate] (node_modules/react-native/Libraries/Animated/animations/TimingAnimation.js:157:10)
      at Timeout.callback [as _onTimeout] (node_modules/react-native-worklets/src/runLoop/uiRuntime/mockedRequestAnimationFrame.ts:10:27)

    console.error
      An update to Animated(View) inside a test was not wrapped in act(...).

      When testing, code that causes React state updates should be wrapped into act(...):

      act(() => {
        /* fire events that update state */
      });
      /* assert on the output */

      This ensures that you're testing the behavior the user would see in the browser. Learn more at https://react.dev/link/wrap-tests-with-act

      at node_modules/react-test-renderer/cjs/react-test-renderer.development.js:14402:19
      at runWithFiberInDEV (node_modules/react-test-renderer/cjs/react-test-renderer.development.js:2315:13)
      at warnIfUpdatesNotWrappedWithActDEV (node_modules/react-test-renderer/cjs/react-test-renderer.development.js:14401:9)
      at scheduleUpdateOnFiber (node_modules/react-test-renderer/cjs/react-test-renderer.development.js:12086:9)
      at dispatchReducerAction (node_modules/react-test-renderer/cjs/react-test-renderer.development.js:6155:13)
      at Object.scheduleUpdate [as current] (node_modules/react-native/src/private/animated/createAnimatedPropsHook.js:121:20)
      at AnimatedProps.current [as _callback] (node_modules/react-native/src/private/animated/createAnimatedPropsHook.js:64:56)
      at AnimatedProps._callback [as update] (node_modules/react-native/Libraries/Animated/nodes/AnimatedProps.js:231:10)
      at update (node_modules/react-native/Libraries/Animated/nodes/AnimatedValue.js:64:31)
          at Set.forEach (<anonymous>)
      at forEach (node_modules/react-native/Libraries/Animated/nodes/AnimatedValue.js:64:10)
      at AnimatedValue.flushValue [as _updateValue] (node_modules/react-native/Libraries/Animated/nodes/AnimatedValue.js:358:7)
      at TimingAnimation._updateValue [as _onUpdate] (node_modules/react-native/Libraries/Animated/nodes/AnimatedValue.js:322:14)
      at TimingAnimation._onUpdate [as onUpdate] (node_modules/react-native/Libraries/Animated/animations/TimingAnimation.js:157:10)
      at Timeout.callback [as _onTimeout] (node_modules/react-native-worklets/src/runLoop/uiRuntime/mockedRequestAnimationFrame.ts:10:27)

    console.error
      An update to Animated(View) inside a test was not wrapped in act(...).

      When testing, code that causes React state updates should be wrapped into act(...):

      act(() => {
        /* fire events that update state */
      });
      /* assert on the output */

      This ensures that you're testing the behavior the user would see in the browser. Learn more at https://react.dev/link/wrap-tests-with-act

      at node_modules/react-test-renderer/cjs/react-test-renderer.development.js:14402:19
      at runWithFiberInDEV (node_modules/react-test-renderer/cjs/react-test-renderer.development.js:2315:13)
      at warnIfUpdatesNotWrappedWithActDEV (node_modules/react-test-renderer/cjs/react-test-renderer.development.js:14401:9)
      at scheduleUpdateOnFiber (node_modules/react-test-renderer/cjs/react-test-renderer.development.js:12086:9)
      at dispatchReducerAction (node_modules/react-test-renderer/cjs/react-test-renderer.development.js:6155:13)
      at Object.scheduleUpdate [as current] (node_modules/react-native/src/private/animated/createAnimatedPropsHook.js:121:20)
      at AnimatedProps.current [as _callback] (node_modules/react-native/src/private/animated/createAnimatedPropsHook.js:64:56)
      at AnimatedProps._callback [as update] (node_modules/react-native/Libraries/Animated/nodes/AnimatedProps.js:231:10)
      at update (node_modules/react-native/Libraries/Animated/nodes/AnimatedValue.js:64:31)
          at Set.forEach (<anonymous>)
      at forEach (node_modules/react-native/Libraries/Animated/nodes/AnimatedValue.js:64:10)
      at AnimatedValue.flushValue [as _updateValue] (node_modules/react-native/Libraries/Animated/nodes/AnimatedValue.js:358:7)
      at TimingAnimation._updateValue [as _onUpdate] (node_modules/react-native/Libraries/Animated/nodes/AnimatedValue.js:322:14)
      at TimingAnimation._onUpdate [as onUpdate] (node_modules/react-native/Libraries/Animated/animations/TimingAnimation.js:157:10)
      at Timeout.callback [as _onTimeout] (node_modules/react-native-worklets/src/runLoop/uiRuntime/mockedRequestAnimationFrame.ts:10:27)

    console.error
      An update to Animated(View) inside a test was not wrapped in act(...).

      When testing, code that causes React state updates should be wrapped into act(...):

      act(() => {
        /* fire events that update state */
      });
      /* assert on the output */

      This ensures that you're testing the behavior the user would see in the browser. Learn more at https://react.dev/link/wrap-tests-with-act

      at node_modules/react-test-renderer/cjs/react-test-renderer.development.js:14402:19
      at runWithFiberInDEV (node_modules/react-test-renderer/cjs/react-test-renderer.development.js:2315:13)
      at warnIfUpdatesNotWrappedWithActDEV (node_modules/react-test-renderer/cjs/react-test-renderer.development.js:14401:9)
      at scheduleUpdateOnFiber (node_modules/react-test-renderer/cjs/react-test-renderer.development.js:12086:9)
      at dispatchReducerAction (node_modules/react-test-renderer/cjs/react-test-renderer.development.js:6155:13)
      at Object.scheduleUpdate [as current] (node_modules/react-native/src/private/animated/createAnimatedPropsHook.js:121:20)
      at AnimatedProps.current [as _callback] (node_modules/react-native/src/private/animated/createAnimatedPropsHook.js:64:56)
      at AnimatedProps._callback [as update] (node_modules/react-native/Libraries/Animated/nodes/AnimatedProps.js:231:10)
      at update (node_modules/react-native/Libraries/Animated/nodes/AnimatedValue.js:64:31)
          at Set.forEach (<anonymous>)
      at forEach (node_modules/react-native/Libraries/Animated/nodes/AnimatedValue.js:64:10)
      at AnimatedValue.flushValue [as _updateValue] (node_modules/react-native/Libraries/Animated/nodes/AnimatedValue.js:358:7)
      at TimingAnimation._updateValue [as _onUpdate] (node_modules/react-native/Libraries/Animated/nodes/AnimatedValue.js:322:14)
      at TimingAnimation._onUpdate [as onUpdate] (node_modules/react-native/Libraries/Animated/animations/TimingAnimation.js:157:10)
      at Timeout.callback [as _onTimeout] (node_modules/react-native-worklets/src/runLoop/uiRuntime/mockedRequestAnimationFrame.ts:10:27)

    console.error
      An update to Animated(View) inside a test was not wrapped in act(...).

      When testing, code that causes React state updates should be wrapped into act(...):

      act(() => {
        /* fire events that update state */
      });
      /* assert on the output */

      This ensures that you're testing the behavior the user would see in the browser. Learn more at https://react.dev/link/wrap-tests-with-act

      at node_modules/react-test-renderer/cjs/react-test-renderer.development.js:14402:19
      at runWithFiberInDEV (node_modules/react-test-renderer/cjs/react-test-renderer.development.js:2315:13)
      at warnIfUpdatesNotWrappedWithActDEV (node_modules/react-test-renderer/cjs/react-test-renderer.development.js:14401:9)
      at scheduleUpdateOnFiber (node_modules/react-test-renderer/cjs/react-test-renderer.development.js:12086:9)
      at dispatchReducerAction (node_modules/react-test-renderer/cjs/react-test-renderer.development.js:6155:13)
      at Object.scheduleUpdate [as current] (node_modules/react-native/src/private/animated/createAnimatedPropsHook.js:121:20)
      at AnimatedProps.current [as _callback] (node_modules/react-native/src/private/animated/createAnimatedPropsHook.js:64:56)
      at AnimatedProps._callback [as update] (node_modules/react-native/Libraries/Animated/nodes/AnimatedProps.js:231:10)
      at update (node_modules/react-native/Libraries/Animated/nodes/AnimatedValue.js:64:31)
          at Set.forEach (<anonymous>)
      at forEach (node_modules/react-native/Libraries/Animated/nodes/AnimatedValue.js:64:10)
      at AnimatedValue.flushValue [as _updateValue] (node_modules/react-native/Libraries/Animated/nodes/AnimatedValue.js:358:7)
      at TimingAnimation._updateValue [as _onUpdate] (node_modules/react-native/Libraries/Animated/nodes/AnimatedValue.js:322:14)
      at TimingAnimation._onUpdate [as onUpdate] (node_modules/react-native/Libraries/Animated/animations/TimingAnimation.js:157:10)
      at Timeout.callback [as _onTimeout] (node_modules/react-native-worklets/src/runLoop/uiRuntime/mockedRequestAnimationFrame.ts:10:27)

    console.error
      An update to Animated(View) inside a test was not wrapped in act(...).

      When testing, code that causes React state updates should be wrapped into act(...):

      act(() => {
        /* fire events that update state */
      });
      /* assert on the output */

      This ensures that you're testing the behavior the user would see in the browser. Learn more at https://react.dev/link/wrap-tests-with-act

      at node_modules/react-test-renderer/cjs/react-test-renderer.development.js:14402:19
      at runWithFiberInDEV (node_modules/react-test-renderer/cjs/react-test-renderer.development.js:2315:13)
      at warnIfUpdatesNotWrappedWithActDEV (node_modules/react-test-renderer/cjs/react-test-renderer.development.js:14401:9)
      at scheduleUpdateOnFiber (node_modules/react-test-renderer/cjs/react-test-renderer.development.js:12086:9)
      at dispatchReducerAction (node_modules/react-test-renderer/cjs/react-test-renderer.development.js:6155:13)
      at Object.scheduleUpdate [as current] (node_modules/react-native/src/private/animated/createAnimatedPropsHook.js:121:20)
      at AnimatedProps.current [as _callback] (node_modules/react-native/src/private/animated/createAnimatedPropsHook.js:64:56)
      at AnimatedProps._callback [as update] (node_modules/react-native/Libraries/Animated/nodes/AnimatedProps.js:231:10)
      at update (node_modules/react-native/Libraries/Animated/nodes/AnimatedValue.js:64:31)
          at Set.forEach (<anonymous>)
      at forEach (node_modules/react-native/Libraries/Animated/nodes/AnimatedValue.js:64:10)
      at AnimatedValue.flushValue [as _updateValue] (node_modules/react-native/Libraries/Animated/nodes/AnimatedValue.js:358:7)
      at TimingAnimation._updateValue [as _onUpdate] (node_modules/react-native/Libraries/Animated/nodes/AnimatedValue.js:322:14)
      at TimingAnimation._onUpdate [as onUpdate] (node_modules/react-native/Libraries/Animated/animations/TimingAnimation.js:157:10)
      at Timeout.callback [as _onTimeout] (node_modules/react-native-worklets/src/runLoop/uiRuntime/mockedRequestAnimationFrame.ts:10:27)

    console.error
      An update to Animated(View) inside a test was not wrapped in act(...).

      When testing, code that causes React state updates should be wrapped into act(...):

      act(() => {
        /* fire events that update state */
      });
      /* assert on the output */

      This ensures that you're testing the behavior the user would see in the browser. Learn more at https://react.dev/link/wrap-tests-with-act

      at node_modules/react-test-renderer/cjs/react-test-renderer.development.js:14402:19
      at runWithFiberInDEV (node_modules/react-test-renderer/cjs/react-test-renderer.development.js:2315:13)
      at warnIfUpdatesNotWrappedWithActDEV (node_modules/react-test-renderer/cjs/react-test-renderer.development.js:14401:9)
      at scheduleUpdateOnFiber (node_modules/react-test-renderer/cjs/react-test-renderer.development.js:12086:9)
      at dispatchReducerAction (node_modules/react-test-renderer/cjs/react-test-renderer.development.js:6155:13)
      at Object.scheduleUpdate [as current] (node_modules/react-native/src/private/animated/createAnimatedPropsHook.js:121:20)
      at AnimatedProps.current [as _callback] (node_modules/react-native/src/private/animated/createAnimatedPropsHook.js:64:56)
      at AnimatedProps._callback [as update] (node_modules/react-native/Libraries/Animated/nodes/AnimatedProps.js:231:10)
      at update (node_modules/react-native/Libraries/Animated/nodes/AnimatedValue.js:64:31)
          at Set.forEach (<anonymous>)
      at forEach (node_modules/react-native/Libraries/Animated/nodes/AnimatedValue.js:64:10)
      at AnimatedValue.flushValue [as _updateValue] (node_modules/react-native/Libraries/Animated/nodes/AnimatedValue.js:358:7)
      at TimingAnimation._updateValue [as _onUpdate] (node_modules/react-native/Libraries/Animated/nodes/AnimatedValue.js:322:14)
      at TimingAnimation._onUpdate [as onUpdate] (node_modules/react-native/Libraries/Animated/animations/TimingAnimation.js:157:10)
      at Timeout.callback [as _onTimeout] (node_modules/react-native-worklets/src/runLoop/uiRuntime/mockedRequestAnimationFrame.ts:10:27)

    console.error
      An update to Animated(View) inside a test was not wrapped in act(...).

      When testing, code that causes React state updates should be wrapped into act(...):

      act(() => {
        /* fire events that update state */
      });
      /* assert on the output */

      This ensures that you're testing the behavior the user would see in the browser. Learn more at https://react.dev/link/wrap-tests-with-act

      at node_modules/react-test-renderer/cjs/react-test-renderer.development.js:14402:19
      at runWithFiberInDEV (node_modules/react-test-renderer/cjs/react-test-renderer.development.js:2315:13)
      at warnIfUpdatesNotWrappedWithActDEV (node_modules/react-test-renderer/cjs/react-test-renderer.development.js:14401:9)
      at scheduleUpdateOnFiber (node_modules/react-test-renderer/cjs/react-test-renderer.development.js:12086:9)
      at dispatchReducerAction (node_modules/react-test-renderer/cjs/react-test-renderer.development.js:6155:13)
      at Object.scheduleUpdate [as current] (node_modules/react-native/src/private/animated/createAnimatedPropsHook.js:121:20)
      at AnimatedProps.current [as _callback] (node_modules/react-native/src/private/animated/createAnimatedPropsHook.js:64:56)
      at AnimatedProps._callback [as update] (node_modules/react-native/Libraries/Animated/nodes/AnimatedProps.js:231:10)
      at update (node_modules/react-native/Libraries/Animated/nodes/AnimatedValue.js:64:31)
          at Set.forEach (<anonymous>)
      at forEach (node_modules/react-native/Libraries/Animated/nodes/AnimatedValue.js:64:10)
      at AnimatedValue.flushValue [as _updateValue] (node_modules/react-native/Libraries/Animated/nodes/AnimatedValue.js:358:7)
      at TimingAnimation._updateValue [as _onUpdate] (node_modules/react-native/Libraries/Animated/nodes/AnimatedValue.js:322:14)
      at TimingAnimation._onUpdate [as onUpdate] (node_modules/react-native/Libraries/Animated/animations/TimingAnimation.js:157:10)
      at Timeout.callback [as _onTimeout] (node_modules/react-native-worklets/src/runLoop/uiRuntime/mockedRequestAnimationFrame.ts:10:27)

    console.error
      An update to Animated(View) inside a test was not wrapped in act(...).

      When testing, code that causes React state updates should be wrapped into act(...):

      act(() => {
        /* fire events that update state */
      });
      /* assert on the output */

      This ensures that you're testing the behavior the user would see in the browser. Learn more at https://react.dev/link/wrap-tests-with-act

      at node_modules/react-test-renderer/cjs/react-test-renderer.development.js:14402:19
      at runWithFiberInDEV (node_modules/react-test-renderer/cjs/react-test-renderer.development.js:2315:13)
      at warnIfUpdatesNotWrappedWithActDEV (node_modules/react-test-renderer/cjs/react-test-renderer.development.js:14401:9)
      at scheduleUpdateOnFiber (node_modules/react-test-renderer/cjs/react-test-renderer.development.js:12086:9)
      at dispatchReducerAction (node_modules/react-test-renderer/cjs/react-test-renderer.development.js:6155:13)
      at Object.scheduleUpdate [as current] (node_modules/react-native/src/private/animated/createAnimatedPropsHook.js:121:20)
      at AnimatedProps.current [as _callback] (node_modules/react-native/src/private/animated/createAnimatedPropsHook.js:64:56)
      at AnimatedProps._callback [as update] (node_modules/react-native/Libraries/Animated/nodes/AnimatedProps.js:231:10)
      at update (node_modules/react-native/Libraries/Animated/nodes/AnimatedValue.js:64:31)
          at Set.forEach (<anonymous>)
      at forEach (node_modules/react-native/Libraries/Animated/nodes/AnimatedValue.js:64:10)
      at AnimatedValue.flushValue [as _updateValue] (node_modules/react-native/Libraries/Animated/nodes/AnimatedValue.js:358:7)
      at TimingAnimation._updateValue [as _onUpdate] (node_modules/react-native/Libraries/Animated/nodes/AnimatedValue.js:322:14)
      at TimingAnimation._onUpdate [as onUpdate] (node_modules/react-native/Libraries/Animated/animations/TimingAnimation.js:157:10)
      at Timeout.callback [as _onTimeout] (node_modules/react-native-worklets/src/runLoop/uiRuntime/mockedRequestAnimationFrame.ts:10:27)

    console.error
      An update to Animated(View) inside a test was not wrapped in act(...).

      When testing, code that causes React state updates should be wrapped into act(...):

      act(() => {
        /* fire events that update state */
      });
      /* assert on the output */

      This ensures that you're testing the behavior the user would see in the browser. Learn more at https://react.dev/link/wrap-tests-with-act

      at node_modules/react-test-renderer/cjs/react-test-renderer.development.js:14402:19
      at runWithFiberInDEV (node_modules/react-test-renderer/cjs/react-test-renderer.development.js:2315:13)
      at warnIfUpdatesNotWrappedWithActDEV (node_modules/react-test-renderer/cjs/react-test-renderer.development.js:14401:9)
      at scheduleUpdateOnFiber (node_modules/react-test-renderer/cjs/react-test-renderer.development.js:12086:9)
      at dispatchReducerAction (node_modules/react-test-renderer/cjs/react-test-renderer.development.js:6155:13)
      at Object.scheduleUpdate [as current] (node_modules/react-native/src/private/animated/createAnimatedPropsHook.js:121:20)
      at AnimatedProps.current [as _callback] (node_modules/react-native/src/private/animated/createAnimatedPropsHook.js:64:56)
      at AnimatedProps._callback [as update] (node_modules/react-native/Libraries/Animated/nodes/AnimatedProps.js:231:10)
      at update (node_modules/react-native/Libraries/Animated/nodes/AnimatedValue.js:64:31)
          at Set.forEach (<anonymous>)
      at forEach (node_modules/react-native/Libraries/Animated/nodes/AnimatedValue.js:64:10)
      at AnimatedValue.flushValue [as _updateValue] (node_modules/react-native/Libraries/Animated/nodes/AnimatedValue.js:358:7)
      at TimingAnimation._updateValue [as _onUpdate] (node_modules/react-native/Libraries/Animated/nodes/AnimatedValue.js:322:14)
      at TimingAnimation._onUpdate [as onUpdate] (node_modules/react-native/Libraries/Animated/animations/TimingAnimation.js:157:10)
      at Timeout.callback [as _onTimeout] (node_modules/react-native-worklets/src/runLoop/uiRuntime/mockedRequestAnimationFrame.ts:10:27)

    console.error
      An update to Animated(View) inside a test was not wrapped in act(...).

      When testing, code that causes React state updates should be wrapped into act(...):

      act(() => {
        /* fire events that update state */
      });
      /* assert on the output */

      This ensures that you're testing the behavior the user would see in the browser. Learn more at https://react.dev/link/wrap-tests-with-act

      at node_modules/react-test-renderer/cjs/react-test-renderer.development.js:14402:19
      at runWithFiberInDEV (node_modules/react-test-renderer/cjs/react-test-renderer.development.js:2315:13)
      at warnIfUpdatesNotWrappedWithActDEV (node_modules/react-test-renderer/cjs/react-test-renderer.development.js:14401:9)
      at scheduleUpdateOnFiber (node_modules/react-test-renderer/cjs/react-test-renderer.development.js:12086:9)
      at dispatchReducerAction (node_modules/react-test-renderer/cjs/react-test-renderer.development.js:6155:13)
      at Object.scheduleUpdate [as current] (node_modules/react-native/src/private/animated/createAnimatedPropsHook.js:121:20)
      at AnimatedProps.current [as _callback] (node_modules/react-native/src/private/animated/createAnimatedPropsHook.js:64:56)
      at AnimatedProps._callback [as update] (node_modules/react-native/Libraries/Animated/nodes/AnimatedProps.js:231:10)
      at update (node_modules/react-native/Libraries/Animated/nodes/AnimatedValue.js:64:31)
          at Set.forEach (<anonymous>)
      at forEach (node_modules/react-native/Libraries/Animated/nodes/AnimatedValue.js:64:10)
      at AnimatedValue.flushValue [as _updateValue] (node_modules/react-native/Libraries/Animated/nodes/AnimatedValue.js:358:7)
      at TimingAnimation._updateValue [as _onUpdate] (node_modules/react-native/Libraries/Animated/nodes/AnimatedValue.js:322:14)
      at TimingAnimation._onUpdate [as onUpdate] (node_modules/react-native/Libraries/Animated/animations/TimingAnimation.js:157:10)
      at Timeout.callback [as _onTimeout] (node_modules/react-native-worklets/src/runLoop/uiRuntime/mockedRequestAnimationFrame.ts:10:27)

    console.error
      An update to Animated(View) inside a test was not wrapped in act(...).

      When testing, code that causes React state updates should be wrapped into act(...):

      act(() => {
        /* fire events that update state */
      });
      /* assert on the output */

      This ensures that you're testing the behavior the user would see in the browser. Learn more at https://react.dev/link/wrap-tests-with-act

      at node_modules/react-test-renderer/cjs/react-test-renderer.development.js:14402:19
      at runWithFiberInDEV (node_modules/react-test-renderer/cjs/react-test-renderer.development.js:2315:13)
      at warnIfUpdatesNotWrappedWithActDEV (node_modules/react-test-renderer/cjs/react-test-renderer.development.js:14401:9)
      at scheduleUpdateOnFiber (node_modules/react-test-renderer/cjs/react-test-renderer.development.js:12086:9)
      at dispatchReducerAction (node_modules/react-test-renderer/cjs/react-test-renderer.development.js:6155:13)
      at Object.scheduleUpdate [as current] (node_modules/react-native/src/private/animated/createAnimatedPropsHook.js:121:20)
      at AnimatedProps.current [as _callback] (node_modules/react-native/src/private/animated/createAnimatedPropsHook.js:64:56)
      at AnimatedProps._callback [as update] (node_modules/react-native/Libraries/Animated/nodes/AnimatedProps.js:231:10)
      at update (node_modules/react-native/Libraries/Animated/nodes/AnimatedValue.js:64:31)
          at Set.forEach (<anonymous>)
      at forEach (node_modules/react-native/Libraries/Animated/nodes/AnimatedValue.js:64:10)
      at AnimatedValue.flushValue [as _updateValue] (node_modules/react-native/Libraries/Animated/nodes/AnimatedValue.js:358:7)
      at TimingAnimation._updateValue [as _onUpdate] (node_modules/react-native/Libraries/Animated/nodes/AnimatedValue.js:322:14)
      at TimingAnimation._onUpdate [as onUpdate] (node_modules/react-native/Libraries/Animated/animations/TimingAnimation.js:157:10)
      at Timeout.callback [as _onTimeout] (node_modules/react-native-worklets/src/runLoop/uiRuntime/mockedRequestAnimationFrame.ts:10:27)

    console.error
      An update to Animated(View) inside a test was not wrapped in act(...).

      When testing, code that causes React state updates should be wrapped into act(...):

      act(() => {
        /* fire events that update state */
      });
      /* assert on the output */

      This ensures that you're testing the behavior the user would see in the browser. Learn more at https://react.dev/link/wrap-tests-with-act

      at node_modules/react-test-renderer/cjs/react-test-renderer.development.js:14402:19
      at runWithFiberInDEV (node_modules/react-test-renderer/cjs/react-test-renderer.development.js:2315:13)
      at warnIfUpdatesNotWrappedWithActDEV (node_modules/react-test-renderer/cjs/react-test-renderer.development.js:14401:9)
      at scheduleUpdateOnFiber (node_modules/react-test-renderer/cjs/react-test-renderer.development.js:12086:9)
      at dispatchReducerAction (node_modules/react-test-renderer/cjs/react-test-renderer.development.js:6155:13)
      at Object.scheduleUpdate [as current] (node_modules/react-native/src/private/animated/createAnimatedPropsHook.js:121:20)
      at AnimatedProps.current [as _callback] (node_modules/react-native/src/private/animated/createAnimatedPropsHook.js:64:56)
      at AnimatedProps._callback [as update] (node_modules/react-native/Libraries/Animated/nodes/AnimatedProps.js:231:10)
      at update (node_modules/react-native/Libraries/Animated/nodes/AnimatedValue.js:64:31)
          at Set.forEach (<anonymous>)
      at forEach (node_modules/react-native/Libraries/Animated/nodes/AnimatedValue.js:64:10)
      at AnimatedValue.flushValue [as _updateValue] (node_modules/react-native/Libraries/Animated/nodes/AnimatedValue.js:358:7)
      at TimingAnimation._updateValue [as _onUpdate] (node_modules/react-native/Libraries/Animated/nodes/AnimatedValue.js:322:14)
      at TimingAnimation._onUpdate [as onUpdate] (node_modules/react-native/Libraries/Animated/animations/TimingAnimation.js:157:10)
      at Timeout.callback [as _onTimeout] (node_modules/react-native-worklets/src/runLoop/uiRuntime/mockedRequestAnimationFrame.ts:10:27)

    console.error
      An update to Animated(View) inside a test was not wrapped in act(...).

      When testing, code that causes React state updates should be wrapped into act(...):

      act(() => {
        /* fire events that update state */
      });
      /* assert on the output */

      This ensures that you're testing the behavior the user would see in the browser. Learn more at https://react.dev/link/wrap-tests-with-act

      at node_modules/react-test-renderer/cjs/react-test-renderer.development.js:14402:19
      at runWithFiberInDEV (node_modules/react-test-renderer/cjs/react-test-renderer.development.js:2315:13)
      at warnIfUpdatesNotWrappedWithActDEV (node_modules/react-test-renderer/cjs/react-test-renderer.development.js:14401:9)
      at scheduleUpdateOnFiber (node_modules/react-test-renderer/cjs/react-test-renderer.development.js:12086:9)
      at dispatchReducerAction (node_modules/react-test-renderer/cjs/react-test-renderer.development.js:6155:13)
      at Object.scheduleUpdate [as current] (node_modules/react-native/src/private/animated/createAnimatedPropsHook.js:121:20)
      at AnimatedProps.current [as _callback] (node_modules/react-native/src/private/animated/createAnimatedPropsHook.js:64:56)
      at AnimatedProps._callback [as update] (node_modules/react-native/Libraries/Animated/nodes/AnimatedProps.js:231:10)
      at update (node_modules/react-native/Libraries/Animated/nodes/AnimatedValue.js:64:31)
          at Set.forEach (<anonymous>)
      at forEach (node_modules/react-native/Libraries/Animated/nodes/AnimatedValue.js:64:10)
      at AnimatedValue.flushValue [as _updateValue] (node_modules/react-native/Libraries/Animated/nodes/AnimatedValue.js:358:7)
      at TimingAnimation._updateValue [as _onUpdate] (node_modules/react-native/Libraries/Animated/nodes/AnimatedValue.js:322:14)
      at TimingAnimation._onUpdate [as onUpdate] (node_modules/react-native/Libraries/Animated/animations/TimingAnimation.js:157:10)
      at Timeout.callback [as _onTimeout] (node_modules/react-native-worklets/src/runLoop/uiRuntime/mockedRequestAnimationFrame.ts:10:27)

    console.error
      An update to Animated(View) inside a test was not wrapped in act(...).

      When testing, code that causes React state updates should be wrapped into act(...):

      act(() => {
        /* fire events that update state */
      });
      /* assert on the output */

      This ensures that you're testing the behavior the user would see in the browser. Learn more at https://react.dev/link/wrap-tests-with-act

      at node_modules/react-test-renderer/cjs/react-test-renderer.development.js:14402:19
      at runWithFiberInDEV (node_modules/react-test-renderer/cjs/react-test-renderer.development.js:2315:13)
      at warnIfUpdatesNotWrappedWithActDEV (node_modules/react-test-renderer/cjs/react-test-renderer.development.js:14401:9)
      at scheduleUpdateOnFiber (node_modules/react-test-renderer/cjs/react-test-renderer.development.js:12086:9)
      at dispatchReducerAction (node_modules/react-test-renderer/cjs/react-test-renderer.development.js:6155:13)
      at Object.scheduleUpdate [as current] (node_modules/react-native/src/private/animated/createAnimatedPropsHook.js:121:20)
      at AnimatedProps.current [as _callback] (node_modules/react-native/src/private/animated/createAnimatedPropsHook.js:64:56)
      at AnimatedProps._callback [as update] (node_modules/react-native/Libraries/Animated/nodes/AnimatedProps.js:231:10)
      at update (node_modules/react-native/Libraries/Animated/nodes/AnimatedValue.js:64:31)
          at Set.forEach (<anonymous>)
      at forEach (node_modules/react-native/Libraries/Animated/nodes/AnimatedValue.js:64:10)
      at AnimatedValue.flushValue [as _updateValue] (node_modules/react-native/Libraries/Animated/nodes/AnimatedValue.js:358:7)
      at TimingAnimation._updateValue [as _onUpdate] (node_modules/react-native/Libraries/Animated/nodes/AnimatedValue.js:322:14)
      at TimingAnimation._onUpdate [as onUpdate] (node_modules/react-native/Libraries/Animated/animations/TimingAnimation.js:157:10)
      at Timeout.callback [as _onTimeout] (node_modules/react-native-worklets/src/runLoop/uiRuntime/mockedRequestAnimationFrame.ts:10:27)

    console.error
      An update to Animated(View) inside a test was not wrapped in act(...).

      When testing, code that causes React state updates should be wrapped into act(...):

      act(() => {
        /* fire events that update state */
      });
      /* assert on the output */

      This ensures that you're testing the behavior the user would see in the browser. Learn more at https://react.dev/link/wrap-tests-with-act

      at node_modules/react-test-renderer/cjs/react-test-renderer.development.js:14402:19
      at runWithFiberInDEV (node_modules/react-test-renderer/cjs/react-test-renderer.development.js:2315:13)
      at warnIfUpdatesNotWrappedWithActDEV (node_modules/react-test-renderer/cjs/react-test-renderer.development.js:14401:9)
      at scheduleUpdateOnFiber (node_modules/react-test-renderer/cjs/react-test-renderer.development.js:12086:9)
      at dispatchReducerAction (node_modules/react-test-renderer/cjs/react-test-renderer.development.js:6155:13)
      at Object.scheduleUpdate [as current] (node_modules/react-native/src/private/animated/createAnimatedPropsHook.js:121:20)
      at AnimatedProps.current [as _callback] (node_modules/react-native/src/private/animated/createAnimatedPropsHook.js:64:56)
      at AnimatedProps._callback [as update] (node_modules/react-native/Libraries/Animated/nodes/AnimatedProps.js:231:10)
      at update (node_modules/react-native/Libraries/Animated/nodes/AnimatedValue.js:64:31)
          at Set.forEach (<anonymous>)
      at forEach (node_modules/react-native/Libraries/Animated/nodes/AnimatedValue.js:64:10)
      at AnimatedValue.flushValue [as _updateValue] (node_modules/react-native/Libraries/Animated/nodes/AnimatedValue.js:358:7)
      at TimingAnimation._updateValue [as _onUpdate] (node_modules/react-native/Libraries/Animated/nodes/AnimatedValue.js:322:14)
      at TimingAnimation._onUpdate [as onUpdate] (node_modules/react-native/Libraries/Animated/animations/TimingAnimation.js:157:10)
      at Timeout.callback [as _onTimeout] (node_modules/react-native-worklets/src/runLoop/uiRuntime/mockedRequestAnimationFrame.ts:10:27)

    console.error
      An update to Animated(View) inside a test was not wrapped in act(...).

      When testing, code that causes React state updates should be wrapped into act(...):

      act(() => {
        /* fire events that update state */
      });
      /* assert on the output */

      This ensures that you're testing the behavior the user would see in the browser. Learn more at https://react.dev/link/wrap-tests-with-act

      at node_modules/react-test-renderer/cjs/react-test-renderer.development.js:14402:19
      at runWithFiberInDEV (node_modules/react-test-renderer/cjs/react-test-renderer.development.js:2315:13)
      at warnIfUpdatesNotWrappedWithActDEV (node_modules/react-test-renderer/cjs/react-test-renderer.development.js:14401:9)
      at scheduleUpdateOnFiber (node_modules/react-test-renderer/cjs/react-test-renderer.development.js:12086:9)
      at dispatchReducerAction (node_modules/react-test-renderer/cjs/react-test-renderer.development.js:6155:13)
      at Object.scheduleUpdate [as current] (node_modules/react-native/src/private/animated/createAnimatedPropsHook.js:121:20)
      at AnimatedProps.current [as _callback] (node_modules/react-native/src/private/animated/createAnimatedPropsHook.js:64:56)
      at AnimatedProps._callback [as update] (node_modules/react-native/Libraries/Animated/nodes/AnimatedProps.js:231:10)
      at update (node_modules/react-native/Libraries/Animated/nodes/AnimatedValue.js:64:31)
          at Set.forEach (<anonymous>)
      at forEach (node_modules/react-native/Libraries/Animated/nodes/AnimatedValue.js:64:10)
      at AnimatedValue.flushValue [as _updateValue] (node_modules/react-native/Libraries/Animated/nodes/AnimatedValue.js:358:7)
      at TimingAnimation._updateValue [as _onUpdate] (node_modules/react-native/Libraries/Animated/nodes/AnimatedValue.js:322:14)
      at TimingAnimation._onUpdate [as onUpdate] (node_modules/react-native/Libraries/Animated/animations/TimingAnimation.js:157:10)
      at Timeout.callback [as _onTimeout] (node_modules/react-native-worklets/src/runLoop/uiRuntime/mockedRequestAnimationFrame.ts:10:27)

    console.error
      An update to Animated(View) inside a test was not wrapped in act(...).

      When testing, code that causes React state updates should be wrapped into act(...):

      act(() => {
        /* fire events that update state */
      });
      /* assert on the output */

      This ensures that you're testing the behavior the user would see in the browser. Learn more at https://react.dev/link/wrap-tests-with-act

      at node_modules/react-test-renderer/cjs/react-test-renderer.development.js:14402:19
      at runWithFiberInDEV (node_modules/react-test-renderer/cjs/react-test-renderer.development.js:2315:13)
      at warnIfUpdatesNotWrappedWithActDEV (node_modules/react-test-renderer/cjs/react-test-renderer.development.js:14401:9)
      at scheduleUpdateOnFiber (node_modules/react-test-renderer/cjs/react-test-renderer.development.js:12086:9)
      at dispatchReducerAction (node_modules/react-test-renderer/cjs/react-test-renderer.development.js:6155:13)
      at Object.scheduleUpdate [as current] (node_modules/react-native/src/private/animated/createAnimatedPropsHook.js:121:20)
      at AnimatedProps.current [as _callback] (node_modules/react-native/src/private/animated/createAnimatedPropsHook.js:64:56)
      at AnimatedProps._callback [as update] (node_modules/react-native/Libraries/Animated/nodes/AnimatedProps.js:231:10)
      at update (node_modules/react-native/Libraries/Animated/nodes/AnimatedValue.js:64:31)
          at Set.forEach (<anonymous>)
      at forEach (node_modules/react-native/Libraries/Animated/nodes/AnimatedValue.js:64:10)
      at AnimatedValue.flushValue [as _updateValue] (node_modules/react-native/Libraries/Animated/nodes/AnimatedValue.js:358:7)
      at TimingAnimation._updateValue [as _onUpdate] (node_modules/react-native/Libraries/Animated/nodes/AnimatedValue.js:322:14)
      at TimingAnimation._onUpdate [as onUpdate] (node_modules/react-native/Libraries/Animated/animations/TimingAnimation.js:157:10)
      at Timeout.callback [as _onTimeout] (node_modules/react-native-worklets/src/runLoop/uiRuntime/mockedRequestAnimationFrame.ts:10:27)

    console.error
      An update to Animated(View) inside a test was not wrapped in act(...).

      When testing, code that causes React state updates should be wrapped into act(...):

      act(() => {
        /* fire events that update state */
      });
      /* assert on the output */

      This ensures that you're testing the behavior the user would see in the browser. Learn more at https://react.dev/link/wrap-tests-with-act

      at node_modules/react-test-renderer/cjs/react-test-renderer.development.js:14402:19
      at runWithFiberInDEV (node_modules/react-test-renderer/cjs/react-test-renderer.development.js:2315:13)
      at warnIfUpdatesNotWrappedWithActDEV (node_modules/react-test-renderer/cjs/react-test-renderer.development.js:14401:9)
      at scheduleUpdateOnFiber (node_modules/react-test-renderer/cjs/react-test-renderer.development.js:12086:9)
      at dispatchReducerAction (node_modules/react-test-renderer/cjs/react-test-renderer.development.js:6155:13)
      at Object.scheduleUpdate [as current] (node_modules/react-native/src/private/animated/createAnimatedPropsHook.js:121:20)
      at AnimatedProps.current [as _callback] (node_modules/react-native/src/private/animated/createAnimatedPropsHook.js:64:56)
      at AnimatedProps._callback [as update] (node_modules/react-native/Libraries/Animated/nodes/AnimatedProps.js:231:10)
      at update (node_modules/react-native/Libraries/Animated/nodes/AnimatedValue.js:64:31)
          at Set.forEach (<anonymous>)
      at forEach (node_modules/react-native/Libraries/Animated/nodes/AnimatedValue.js:64:10)
      at AnimatedValue.flushValue [as _updateValue] (node_modules/react-native/Libraries/Animated/nodes/AnimatedValue.js:358:7)
      at TimingAnimation._updateValue [as _onUpdate] (node_modules/react-native/Libraries/Animated/nodes/AnimatedValue.js:322:14)
      at TimingAnimation._onUpdate [as onUpdate] (node_modules/react-native/Libraries/Animated/animations/TimingAnimation.js:157:10)
      at Timeout.callback [as _onTimeout] (node_modules/react-native-worklets/src/runLoop/uiRuntime/mockedRequestAnimationFrame.ts:10:27)

    console.error
      An update to Animated(View) inside a test was not wrapped in act(...).

      When testing, code that causes React state updates should be wrapped into act(...):

      act(() => {
        /* fire events that update state */
      });
      /* assert on the output */

      This ensures that you're testing the behavior the user would see in the browser. Learn more at https://react.dev/link/wrap-tests-with-act

      at node_modules/react-test-renderer/cjs/react-test-renderer.development.js:14402:19
      at runWithFiberInDEV (node_modules/react-test-renderer/cjs/react-test-renderer.development.js:2315:13)
      at warnIfUpdatesNotWrappedWithActDEV (node_modules/react-test-renderer/cjs/react-test-renderer.development.js:14401:9)
      at scheduleUpdateOnFiber (node_modules/react-test-renderer/cjs/react-test-renderer.development.js:12086:9)
      at dispatchReducerAction (node_modules/react-test-renderer/cjs/react-test-renderer.development.js:6155:13)
      at Object.scheduleUpdate [as current] (node_modules/react-native/src/private/animated/createAnimatedPropsHook.js:121:20)
      at AnimatedProps.current [as _callback] (node_modules/react-native/src/private/animated/createAnimatedPropsHook.js:64:56)
      at AnimatedProps._callback [as update] (node_modules/react-native/Libraries/Animated/nodes/AnimatedProps.js:231:10)
      at update (node_modules/react-native/Libraries/Animated/nodes/AnimatedValue.js:64:31)
          at Set.forEach (<anonymous>)
      at forEach (node_modules/react-native/Libraries/Animated/nodes/AnimatedValue.js:64:10)
      at AnimatedValue.flushValue [as _updateValue] (node_modules/react-native/Libraries/Animated/nodes/AnimatedValue.js:358:7)
      at TimingAnimation._updateValue [as _onUpdate] (node_modules/react-native/Libraries/Animated/nodes/AnimatedValue.js:322:14)
      at TimingAnimation._onUpdate [as onUpdate] (node_modules/react-native/Libraries/Animated/animations/TimingAnimation.js:157:10)
      at Timeout.callback [as _onTimeout] (node_modules/react-native-worklets/src/runLoop/uiRuntime/mockedRequestAnimationFrame.ts:10:27)

    console.error
      An update to Animated(View) inside a test was not wrapped in act(...).

      When testing, code that causes React state updates should be wrapped into act(...):

      act(() => {
        /* fire events that update state */
      });
      /* assert on the output */

      This ensures that you're testing the behavior the user would see in the browser. Learn more at https://react.dev/link/wrap-tests-with-act

      at node_modules/react-test-renderer/cjs/react-test-renderer.development.js:14402:19
      at runWithFiberInDEV (node_modules/react-test-renderer/cjs/react-test-renderer.development.js:2315:13)
      at warnIfUpdatesNotWrappedWithActDEV (node_modules/react-test-renderer/cjs/react-test-renderer.development.js:14401:9)
      at scheduleUpdateOnFiber (node_modules/react-test-renderer/cjs/react-test-renderer.development.js:12086:9)
      at dispatchReducerAction (node_modules/react-test-renderer/cjs/react-test-renderer.development.js:6155:13)
      at Object.scheduleUpdate [as current] (node_modules/react-native/src/private/animated/createAnimatedPropsHook.js:121:20)
      at AnimatedProps.current [as _callback] (node_modules/react-native/src/private/animated/createAnimatedPropsHook.js:64:56)
      at AnimatedProps._callback [as update] (node_modules/react-native/Libraries/Animated/nodes/AnimatedProps.js:231:10)
      at update (node_modules/react-native/Libraries/Animated/nodes/AnimatedValue.js:64:31)
          at Set.forEach (<anonymous>)
      at forEach (node_modules/react-native/Libraries/Animated/nodes/AnimatedValue.js:64:10)
      at AnimatedValue.flushValue [as _updateValue] (node_modules/react-native/Libraries/Animated/nodes/AnimatedValue.js:358:7)
      at TimingAnimation._updateValue [as _onUpdate] (node_modules/react-native/Libraries/Animated/nodes/AnimatedValue.js:322:14)
      at TimingAnimation._onUpdate [as onUpdate] (node_modules/react-native/Libraries/Animated/animations/TimingAnimation.js:157:10)
      at Timeout.callback [as _onTimeout] (node_modules/react-native-worklets/src/runLoop/uiRuntime/mockedRequestAnimationFrame.ts:10:27)

    console.error
      An update to Animated(View) inside a test was not wrapped in act(...).

      When testing, code that causes React state updates should be wrapped into act(...):

      act(() => {
        /* fire events that update state */
      });
      /* assert on the output */

      This ensures that you're testing the behavior the user would see in the browser. Learn more at https://react.dev/link/wrap-tests-with-act

      at node_modules/react-test-renderer/cjs/react-test-renderer.development.js:14402:19
      at runWithFiberInDEV (node_modules/react-test-renderer/cjs/react-test-renderer.development.js:2315:13)
      at warnIfUpdatesNotWrappedWithActDEV (node_modules/react-test-renderer/cjs/react-test-renderer.development.js:14401:9)
      at scheduleUpdateOnFiber (node_modules/react-test-renderer/cjs/react-test-renderer.development.js:12086:9)
      at dispatchReducerAction (node_modules/react-test-renderer/cjs/react-test-renderer.development.js:6155:13)
      at Object.scheduleUpdate [as current] (node_modules/react-native/src/private/animated/createAnimatedPropsHook.js:121:20)
      at AnimatedProps.current [as _callback] (node_modules/react-native/src/private/animated/createAnimatedPropsHook.js:64:56)
      at AnimatedProps._callback [as update] (node_modules/react-native/Libraries/Animated/nodes/AnimatedProps.js:231:10)
      at update (node_modules/react-native/Libraries/Animated/nodes/AnimatedValue.js:64:31)
          at Set.forEach (<anonymous>)
      at forEach (node_modules/react-native/Libraries/Animated/nodes/AnimatedValue.js:64:10)
      at AnimatedValue.flushValue [as _updateValue] (node_modules/react-native/Libraries/Animated/nodes/AnimatedValue.js:358:7)
      at TimingAnimation._updateValue [as _onUpdate] (node_modules/react-native/Libraries/Animated/nodes/AnimatedValue.js:322:14)
      at TimingAnimation._onUpdate [as onUpdate] (node_modules/react-native/Libraries/Animated/animations/TimingAnimation.js:157:10)
      at Timeout.callback [as _onTimeout] (node_modules/react-native-worklets/src/runLoop/uiRuntime/mockedRequestAnimationFrame.ts:10:27)

    console.error
      An update to Animated(View) inside a test was not wrapped in act(...).

      When testing, code that causes React state updates should be wrapped into act(...):

      act(() => {
        /* fire events that update state */
      });
      /* assert on the output */

      This ensures that you're testing the behavior the user would see in the browser. Learn more at https://react.dev/link/wrap-tests-with-act

      at node_modules/react-test-renderer/cjs/react-test-renderer.development.js:14402:19
      at runWithFiberInDEV (node_modules/react-test-renderer/cjs/react-test-renderer.development.js:2315:13)
      at warnIfUpdatesNotWrappedWithActDEV (node_modules/react-test-renderer/cjs/react-test-renderer.development.js:14401:9)
      at scheduleUpdateOnFiber (node_modules/react-test-renderer/cjs/react-test-renderer.development.js:12086:9)
      at dispatchReducerAction (node_modules/react-test-renderer/cjs/react-test-renderer.development.js:6155:13)
      at Object.scheduleUpdate [as current] (node_modules/react-native/src/private/animated/createAnimatedPropsHook.js:121:20)
      at AnimatedProps.current [as _callback] (node_modules/react-native/src/private/animated/createAnimatedPropsHook.js:64:56)
      at AnimatedProps._callback [as update] (node_modules/react-native/Libraries/Animated/nodes/AnimatedProps.js:231:10)
      at update (node_modules/react-native/Libraries/Animated/nodes/AnimatedValue.js:64:31)
          at Set.forEach (<anonymous>)
      at forEach (node_modules/react-native/Libraries/Animated/nodes/AnimatedValue.js:64:10)
      at AnimatedValue.flushValue [as _updateValue] (node_modules/react-native/Libraries/Animated/nodes/AnimatedValue.js:358:7)
      at TimingAnimation._updateValue [as _onUpdate] (node_modules/react-native/Libraries/Animated/nodes/AnimatedValue.js:322:14)
      at TimingAnimation._onUpdate [as onUpdate] (node_modules/react-native/Libraries/Animated/animations/TimingAnimation.js:157:10)
      at Timeout.callback [as _onTimeout] (node_modules/react-native-worklets/src/runLoop/uiRuntime/mockedRequestAnimationFrame.ts:10:27)

    console.error
      An update to Animated(View) inside a test was not wrapped in act(...).

      When testing, code that causes React state updates should be wrapped into act(...):

      act(() => {
        /* fire events that update state */
      });
      /* assert on the output */

      This ensures that you're testing the behavior the user would see in the browser. Learn more at https://react.dev/link/wrap-tests-with-act

      at node_modules/react-test-renderer/cjs/react-test-renderer.development.js:14402:19
      at runWithFiberInDEV (node_modules/react-test-renderer/cjs/react-test-renderer.development.js:2315:13)
      at warnIfUpdatesNotWrappedWithActDEV (node_modules/react-test-renderer/cjs/react-test-renderer.development.js:14401:9)
      at scheduleUpdateOnFiber (node_modules/react-test-renderer/cjs/react-test-renderer.development.js:12086:9)
      at dispatchReducerAction (node_modules/react-test-renderer/cjs/react-test-renderer.development.js:6155:13)
      at Object.scheduleUpdate [as current] (node_modules/react-native/src/private/animated/createAnimatedPropsHook.js:121:20)
      at AnimatedProps.current [as _callback] (node_modules/react-native/src/private/animated/createAnimatedPropsHook.js:64:56)
      at AnimatedProps._callback [as update] (node_modules/react-native/Libraries/Animated/nodes/AnimatedProps.js:231:10)
      at update (node_modules/react-native/Libraries/Animated/nodes/AnimatedValue.js:64:31)
          at Set.forEach (<anonymous>)
      at forEach (node_modules/react-native/Libraries/Animated/nodes/AnimatedValue.js:64:10)
      at AnimatedValue.flushValue [as _updateValue] (node_modules/react-native/Libraries/Animated/nodes/AnimatedValue.js:358:7)
      at TimingAnimation._updateValue [as _onUpdate] (node_modules/react-native/Libraries/Animated/nodes/AnimatedValue.js:322:14)
      at TimingAnimation._onUpdate [as onUpdate] (node_modules/react-native/Libraries/Animated/animations/TimingAnimation.js:157:10)
      at Timeout.callback [as _onTimeout] (node_modules/react-native-worklets/src/runLoop/uiRuntime/mockedRequestAnimationFrame.ts:10:27)

    console.error
      An update to Animated(View) inside a test was not wrapped in act(...).

      When testing, code that causes React state updates should be wrapped into act(...):

      act(() => {
        /* fire events that update state */
      });
      /* assert on the output */

      This ensures that you're testing the behavior the user would see in the browser. Learn more at https://react.dev/link/wrap-tests-with-act

      at node_modules/react-test-renderer/cjs/react-test-renderer.development.js:14402:19
      at runWithFiberInDEV (node_modules/react-test-renderer/cjs/react-test-renderer.development.js:2315:13)
      at warnIfUpdatesNotWrappedWithActDEV (node_modules/react-test-renderer/cjs/react-test-renderer.development.js:14401:9)
      at scheduleUpdateOnFiber (node_modules/react-test-renderer/cjs/react-test-renderer.development.js:12086:9)
      at dispatchReducerAction (node_modules/react-test-renderer/cjs/react-test-renderer.development.js:6155:13)
      at Object.scheduleUpdate [as current] (node_modules/react-native/src/private/animated/createAnimatedPropsHook.js:121:20)
      at AnimatedProps.current [as _callback] (node_modules/react-native/src/private/animated/createAnimatedPropsHook.js:64:56)
      at AnimatedProps._callback [as update] (node_modules/react-native/Libraries/Animated/nodes/AnimatedProps.js:231:10)
      at update (node_modules/react-native/Libraries/Animated/nodes/AnimatedValue.js:64:31)
          at Set.forEach (<anonymous>)
      at forEach (node_modules/react-native/Libraries/Animated/nodes/AnimatedValue.js:64:10)
      at AnimatedValue.flushValue [as _updateValue] (node_modules/react-native/Libraries/Animated/nodes/AnimatedValue.js:358:7)
      at TimingAnimation._updateValue [as _onUpdate] (node_modules/react-native/Libraries/Animated/nodes/AnimatedValue.js:322:14)
      at TimingAnimation._onUpdate [as onUpdate] (node_modules/react-native/Libraries/Animated/animations/TimingAnimation.js:157:10)
      at Timeout.callback [as _onTimeout] (node_modules/react-native-worklets/src/runLoop/uiRuntime/mockedRequestAnimationFrame.ts:10:27)

    console.error
      An update to Animated(View) inside a test was not wrapped in act(...).

      When testing, code that causes React state updates should be wrapped into act(...):

      act(() => {
        /* fire events that update state */
      });
      /* assert on the output */

      This ensures that you're testing the behavior the user would see in the browser. Learn more at https://react.dev/link/wrap-tests-with-act

      at node_modules/react-test-renderer/cjs/react-test-renderer.development.js:14402:19
      at runWithFiberInDEV (node_modules/react-test-renderer/cjs/react-test-renderer.development.js:2315:13)
      at warnIfUpdatesNotWrappedWithActDEV (node_modules/react-test-renderer/cjs/react-test-renderer.development.js:14401:9)
      at scheduleUpdateOnFiber (node_modules/react-test-renderer/cjs/react-test-renderer.development.js:12086:9)
      at dispatchReducerAction (node_modules/react-test-renderer/cjs/react-test-renderer.development.js:6155:13)
      at Object.scheduleUpdate [as current] (node_modules/react-native/src/private/animated/createAnimatedPropsHook.js:121:20)
      at AnimatedProps.current [as _callback] (node_modules/react-native/src/private/animated/createAnimatedPropsHook.js:64:56)
      at AnimatedProps._callback [as update] (node_modules/react-native/Libraries/Animated/nodes/AnimatedProps.js:231:10)
      at update (node_modules/react-native/Libraries/Animated/nodes/AnimatedValue.js:64:31)
          at Set.forEach (<anonymous>)
      at forEach (node_modules/react-native/Libraries/Animated/nodes/AnimatedValue.js:64:10)
      at AnimatedValue.flushValue [as _updateValue] (node_modules/react-native/Libraries/Animated/nodes/AnimatedValue.js:358:7)
      at TimingAnimation._updateValue [as _onUpdate] (node_modules/react-native/Libraries/Animated/nodes/AnimatedValue.js:322:14)
      at TimingAnimation._onUpdate [as onUpdate] (node_modules/react-native/Libraries/Animated/animations/TimingAnimation.js:157:10)
      at Timeout.callback [as _onTimeout] (node_modules/react-native-worklets/src/runLoop/uiRuntime/mockedRequestAnimationFrame.ts:10:27)

    console.error
      An update to Animated(View) inside a test was not wrapped in act(...).

      When testing, code that causes React state updates should be wrapped into act(...):

      act(() => {
        /* fire events that update state */
      });
      /* assert on the output */

      This ensures that you're testing the behavior the user would see in the browser. Learn more at https://react.dev/link/wrap-tests-with-act

      at node_modules/react-test-renderer/cjs/react-test-renderer.development.js:14402:19
      at runWithFiberInDEV (node_modules/react-test-renderer/cjs/react-test-renderer.development.js:2315:13)
      at warnIfUpdatesNotWrappedWithActDEV (node_modules/react-test-renderer/cjs/react-test-renderer.development.js:14401:9)
      at scheduleUpdateOnFiber (node_modules/react-test-renderer/cjs/react-test-renderer.development.js:12086:9)
      at dispatchReducerAction (node_modules/react-test-renderer/cjs/react-test-renderer.development.js:6155:13)
      at Object.scheduleUpdate [as current] (node_modules/react-native/src/private/animated/createAnimatedPropsHook.js:121:20)
      at AnimatedProps.current [as _callback] (node_modules/react-native/src/private/animated/createAnimatedPropsHook.js:64:56)
      at AnimatedProps._callback [as update] (node_modules/react-native/Libraries/Animated/nodes/AnimatedProps.js:231:10)
      at update (node_modules/react-native/Libraries/Animated/nodes/AnimatedValue.js:64:31)
          at Set.forEach (<anonymous>)
      at forEach (node_modules/react-native/Libraries/Animated/nodes/AnimatedValue.js:64:10)
      at AnimatedValue.flushValue [as _updateValue] (node_modules/react-native/Libraries/Animated/nodes/AnimatedValue.js:358:7)
      at TimingAnimation._updateValue [as _onUpdate] (node_modules/react-native/Libraries/Animated/nodes/AnimatedValue.js:322:14)
      at TimingAnimation._onUpdate [as onUpdate] (node_modules/react-native/Libraries/Animated/animations/TimingAnimation.js:157:10)
      at Timeout.callback [as _onTimeout] (node_modules/react-native-worklets/src/runLoop/uiRuntime/mockedRequestAnimationFrame.ts:10:27)

    console.error
      An update to Animated(View) inside a test was not wrapped in act(...).

      When testing, code that causes React state updates should be wrapped into act(...):

      act(() => {
        /* fire events that update state */
      });
      /* assert on the output */

      This ensures that you're testing the behavior the user would see in the browser. Learn more at https://react.dev/link/wrap-tests-with-act

      at node_modules/react-test-renderer/cjs/react-test-renderer.development.js:14402:19
      at runWithFiberInDEV (node_modules/react-test-renderer/cjs/react-test-renderer.development.js:2315:13)
      at warnIfUpdatesNotWrappedWithActDEV (node_modules/react-test-renderer/cjs/react-test-renderer.development.js:14401:9)
      at scheduleUpdateOnFiber (node_modules/react-test-renderer/cjs/react-test-renderer.development.js:12086:9)
      at dispatchReducerAction (node_modules/react-test-renderer/cjs/react-test-renderer.development.js:6155:13)
      at Object.scheduleUpdate [as current] (node_modules/react-native/src/private/animated/createAnimatedPropsHook.js:121:20)
      at AnimatedProps.current [as _callback] (node_modules/react-native/src/private/animated/createAnimatedPropsHook.js:64:56)
      at AnimatedProps._callback [as update] (node_modules/react-native/Libraries/Animated/nodes/AnimatedProps.js:231:10)
      at update (node_modules/react-native/Libraries/Animated/nodes/AnimatedValue.js:64:31)
          at Set.forEach (<anonymous>)
      at forEach (node_modules/react-native/Libraries/Animated/nodes/AnimatedValue.js:64:10)
      at AnimatedValue.flushValue [as _updateValue] (node_modules/react-native/Libraries/Animated/nodes/AnimatedValue.js:358:7)
      at TimingAnimation._updateValue [as _onUpdate] (node_modules/react-native/Libraries/Animated/nodes/AnimatedValue.js:322:14)
      at TimingAnimation._onUpdate [as onUpdate] (node_modules/react-native/Libraries/Animated/animations/TimingAnimation.js:157:10)
      at Timeout.callback [as _onTimeout] (node_modules/react-native-worklets/src/runLoop/uiRuntime/mockedRequestAnimationFrame.ts:10:27)

    console.error
      An update to Animated(View) inside a test was not wrapped in act(...).

      When testing, code that causes React state updates should be wrapped into act(...):

      act(() => {
        /* fire events that update state */
      });
      /* assert on the output */

      This ensures that you're testing the behavior the user would see in the browser. Learn more at https://react.dev/link/wrap-tests-with-act

      at node_modules/react-test-renderer/cjs/react-test-renderer.development.js:14402:19
      at runWithFiberInDEV (node_modules/react-test-renderer/cjs/react-test-renderer.development.js:2315:13)
      at warnIfUpdatesNotWrappedWithActDEV (node_modules/react-test-renderer/cjs/react-test-renderer.development.js:14401:9)
      at scheduleUpdateOnFiber (node_modules/react-test-renderer/cjs/react-test-renderer.development.js:12086:9)
      at dispatchReducerAction (node_modules/react-test-renderer/cjs/react-test-renderer.development.js:6155:13)
      at Object.scheduleUpdate [as current] (node_modules/react-native/src/private/animated/createAnimatedPropsHook.js:121:20)
      at AnimatedProps.current [as _callback] (node_modules/react-native/src/private/animated/createAnimatedPropsHook.js:64:56)
      at AnimatedProps._callback [as update] (node_modules/react-native/Libraries/Animated/nodes/AnimatedProps.js:231:10)
      at update (node_modules/react-native/Libraries/Animated/nodes/AnimatedValue.js:64:31)
          at Set.forEach (<anonymous>)
      at forEach (node_modules/react-native/Libraries/Animated/nodes/AnimatedValue.js:64:10)
      at AnimatedValue.flushValue [as _updateValue] (node_modules/react-native/Libraries/Animated/nodes/AnimatedValue.js:358:7)
      at TimingAnimation._updateValue [as _onUpdate] (node_modules/react-native/Libraries/Animated/nodes/AnimatedValue.js:322:14)
      at TimingAnimation._onUpdate [as onUpdate] (node_modules/react-native/Libraries/Animated/animations/TimingAnimation.js:157:10)
      at Timeout.callback [as _onTimeout] (node_modules/react-native-worklets/src/runLoop/uiRuntime/mockedRequestAnimationFrame.ts:10:27)

    console.error
      An update to Animated(View) inside a test was not wrapped in act(...).

      When testing, code that causes React state updates should be wrapped into act(...):

      act(() => {
        /* fire events that update state */
      });
      /* assert on the output */

      This ensures that you're testing the behavior the user would see in the browser. Learn more at https://react.dev/link/wrap-tests-with-act

      at node_modules/react-test-renderer/cjs/react-test-renderer.development.js:14402:19
      at runWithFiberInDEV (node_modules/react-test-renderer/cjs/react-test-renderer.development.js:2315:13)
      at warnIfUpdatesNotWrappedWithActDEV (node_modules/react-test-renderer/cjs/react-test-renderer.development.js:14401:9)
      at scheduleUpdateOnFiber (node_modules/react-test-renderer/cjs/react-test-renderer.development.js:12086:9)
      at dispatchReducerAction (node_modules/react-test-renderer/cjs/react-test-renderer.development.js:6155:13)
      at Object.scheduleUpdate [as current] (node_modules/react-native/src/private/animated/createAnimatedPropsHook.js:121:20)
      at AnimatedProps.current [as _callback] (node_modules/react-native/src/private/animated/createAnimatedPropsHook.js:64:56)
      at AnimatedProps._callback [as update] (node_modules/react-native/Libraries/Animated/nodes/AnimatedProps.js:231:10)
      at update (node_modules/react-native/Libraries/Animated/nodes/AnimatedValue.js:64:31)
          at Set.forEach (<anonymous>)
      at forEach (node_modules/react-native/Libraries/Animated/nodes/AnimatedValue.js:64:10)
      at AnimatedValue.flushValue [as _updateValue] (node_modules/react-native/Libraries/Animated/nodes/AnimatedValue.js:358:7)
      at TimingAnimation._updateValue [as _onUpdate] (node_modules/react-native/Libraries/Animated/nodes/AnimatedValue.js:322:14)
      at TimingAnimation._onUpdate [as onUpdate] (node_modules/react-native/Libraries/Animated/animations/TimingAnimation.js:157:10)
      at Timeout.callback [as _onTimeout] (node_modules/react-native-worklets/src/runLoop/uiRuntime/mockedRequestAnimationFrame.ts:10:27)

    console.error
      An update to Animated(View) inside a test was not wrapped in act(...).

      When testing, code that causes React state updates should be wrapped into act(...):

      act(() => {
        /* fire events that update state */
      });
      /* assert on the output */

      This ensures that you're testing the behavior the user would see in the browser. Learn more at https://react.dev/link/wrap-tests-with-act

      at node_modules/react-test-renderer/cjs/react-test-renderer.development.js:14402:19
      at runWithFiberInDEV (node_modules/react-test-renderer/cjs/react-test-renderer.development.js:2315:13)
      at warnIfUpdatesNotWrappedWithActDEV (node_modules/react-test-renderer/cjs/react-test-renderer.development.js:14401:9)
      at scheduleUpdateOnFiber (node_modules/react-test-renderer/cjs/react-test-renderer.development.js:12086:9)
      at dispatchReducerAction (node_modules/react-test-renderer/cjs/react-test-renderer.development.js:6155:13)
      at Object.scheduleUpdate [as current] (node_modules/react-native/src/private/animated/createAnimatedPropsHook.js:121:20)
      at AnimatedProps.current [as _callback] (node_modules/react-native/src/private/animated/createAnimatedPropsHook.js:64:56)
      at AnimatedProps._callback [as update] (node_modules/react-native/Libraries/Animated/nodes/AnimatedProps.js:231:10)
      at update (node_modules/react-native/Libraries/Animated/nodes/AnimatedValue.js:64:31)
          at Set.forEach (<anonymous>)
      at forEach (node_modules/react-native/Libraries/Animated/nodes/AnimatedValue.js:64:10)
      at AnimatedValue.flushValue [as _updateValue] (node_modules/react-native/Libraries/Animated/nodes/AnimatedValue.js:358:7)
      at TimingAnimation._updateValue [as _onUpdate] (node_modules/react-native/Libraries/Animated/nodes/AnimatedValue.js:322:14)
      at TimingAnimation._onUpdate [as onUpdate] (node_modules/react-native/Libraries/Animated/animations/TimingAnimation.js:157:10)
      at Timeout.callback [as _onTimeout] (node_modules/react-native-worklets/src/runLoop/uiRuntime/mockedRequestAnimationFrame.ts:10:27)

    console.error
      An update to Animated(View) inside a test was not wrapped in act(...).

      When testing, code that causes React state updates should be wrapped into act(...):

      act(() => {
        /* fire events that update state */
      });
      /* assert on the output */

      This ensures that you're testing the behavior the user would see in the browser. Learn more at https://react.dev/link/wrap-tests-with-act

      at node_modules/react-test-renderer/cjs/react-test-renderer.development.js:14402:19
      at runWithFiberInDEV (node_modules/react-test-renderer/cjs/react-test-renderer.development.js:2315:13)
      at warnIfUpdatesNotWrappedWithActDEV (node_modules/react-test-renderer/cjs/react-test-renderer.development.js:14401:9)
      at scheduleUpdateOnFiber (node_modules/react-test-renderer/cjs/react-test-renderer.development.js:12086:9)
      at dispatchReducerAction (node_modules/react-test-renderer/cjs/react-test-renderer.development.js:6155:13)
      at Object.scheduleUpdate [as current] (node_modules/react-native/src/private/animated/createAnimatedPropsHook.js:121:20)
      at AnimatedProps.current [as _callback] (node_modules/react-native/src/private/animated/createAnimatedPropsHook.js:64:56)
      at AnimatedProps._callback [as update] (node_modules/react-native/Libraries/Animated/nodes/AnimatedProps.js:231:10)
      at update (node_modules/react-native/Libraries/Animated/nodes/AnimatedValue.js:64:31)
          at Set.forEach (<anonymous>)
      at forEach (node_modules/react-native/Libraries/Animated/nodes/AnimatedValue.js:64:10)
      at AnimatedValue.flushValue [as _updateValue] (node_modules/react-native/Libraries/Animated/nodes/AnimatedValue.js:358:7)
      at TimingAnimation._updateValue [as _onUpdate] (node_modules/react-native/Libraries/Animated/nodes/AnimatedValue.js:322:14)
      at TimingAnimation._onUpdate [as onUpdate] (node_modules/react-native/Libraries/Animated/animations/TimingAnimation.js:157:10)
      at Timeout.callback [as _onTimeout] (node_modules/react-native-worklets/src/runLoop/uiRuntime/mockedRequestAnimationFrame.ts:10:27)

    console.error
      An update to Animated(View) inside a test was not wrapped in act(...).

      When testing, code that causes React state updates should be wrapped into act(...):

      act(() => {
        /* fire events that update state */
      });
      /* assert on the output */

      This ensures that you're testing the behavior the user would see in the browser. Learn more at https://react.dev/link/wrap-tests-with-act

      at node_modules/react-test-renderer/cjs/react-test-renderer.development.js:14402:19
      at runWithFiberInDEV (node_modules/react-test-renderer/cjs/react-test-renderer.development.js:2315:13)
      at warnIfUpdatesNotWrappedWithActDEV (node_modules/react-test-renderer/cjs/react-test-renderer.development.js:14401:9)
      at scheduleUpdateOnFiber (node_modules/react-test-renderer/cjs/react-test-renderer.development.js:12086:9)
      at dispatchReducerAction (node_modules/react-test-renderer/cjs/react-test-renderer.development.js:6155:13)
      at Object.scheduleUpdate [as current] (node_modules/react-native/src/private/animated/createAnimatedPropsHook.js:121:20)
      at AnimatedProps.current [as _callback] (node_modules/react-native/src/private/animated/createAnimatedPropsHook.js:64:56)
      at AnimatedProps._callback [as update] (node_modules/react-native/Libraries/Animated/nodes/AnimatedProps.js:231:10)
      at update (node_modules/react-native/Libraries/Animated/nodes/AnimatedValue.js:64:31)
          at Set.forEach (<anonymous>)
      at forEach (node_modules/react-native/Libraries/Animated/nodes/AnimatedValue.js:64:10)
      at AnimatedValue.flushValue [as _updateValue] (node_modules/react-native/Libraries/Animated/nodes/AnimatedValue.js:358:7)
      at TimingAnimation._updateValue [as _onUpdate] (node_modules/react-native/Libraries/Animated/nodes/AnimatedValue.js:322:14)
      at TimingAnimation._onUpdate [as onUpdate] (node_modules/react-native/Libraries/Animated/animations/TimingAnimation.js:157:10)
      at Timeout.callback [as _onTimeout] (node_modules/react-native-worklets/src/runLoop/uiRuntime/mockedRequestAnimationFrame.ts:10:27)

    console.error
      An update to Animated(View) inside a test was not wrapped in act(...).

      When testing, code that causes React state updates should be wrapped into act(...):

      act(() => {
        /* fire events that update state */
      });
      /* assert on the output */

      This ensures that you're testing the behavior the user would see in the browser. Learn more at https://react.dev/link/wrap-tests-with-act

      at node_modules/react-test-renderer/cjs/react-test-renderer.development.js:14402:19
      at runWithFiberInDEV (node_modules/react-test-renderer/cjs/react-test-renderer.development.js:2315:13)
      at warnIfUpdatesNotWrappedWithActDEV (node_modules/react-test-renderer/cjs/react-test-renderer.development.js:14401:9)
      at scheduleUpdateOnFiber (node_modules/react-test-renderer/cjs/react-test-renderer.development.js:12086:9)
      at dispatchReducerAction (node_modules/react-test-renderer/cjs/react-test-renderer.development.js:6155:13)
      at Object.scheduleUpdate [as current] (node_modules/react-native/src/private/animated/createAnimatedPropsHook.js:121:20)
      at AnimatedProps.current [as _callback] (node_modules/react-native/src/private/animated/createAnimatedPropsHook.js:64:56)
      at AnimatedProps._callback [as update] (node_modules/react-native/Libraries/Animated/nodes/AnimatedProps.js:231:10)
      at update (node_modules/react-native/Libraries/Animated/nodes/AnimatedValue.js:64:31)
          at Set.forEach (<anonymous>)
      at forEach (node_modules/react-native/Libraries/Animated/nodes/AnimatedValue.js:64:10)
      at AnimatedValue.flushValue [as _updateValue] (node_modules/react-native/Libraries/Animated/nodes/AnimatedValue.js:358:7)
      at TimingAnimation._updateValue [as _onUpdate] (node_modules/react-native/Libraries/Animated/nodes/AnimatedValue.js:322:14)
      at TimingAnimation._onUpdate [as onUpdate] (node_modules/react-native/Libraries/Animated/animations/TimingAnimation.js:157:10)
      at Timeout.callback [as _onTimeout] (node_modules/react-native-worklets/src/runLoop/uiRuntime/mockedRequestAnimationFrame.ts:10:27)

    console.error
      An update to Animated(View) inside a test was not wrapped in act(...).

      When testing, code that causes React state updates should be wrapped into act(...):

      act(() => {
        /* fire events that update state */
      });
      /* assert on the output */

      This ensures that you're testing the behavior the user would see in the browser. Learn more at https://react.dev/link/wrap-tests-with-act

      at node_modules/react-test-renderer/cjs/react-test-renderer.development.js:14402:19
      at runWithFiberInDEV (node_modules/react-test-renderer/cjs/react-test-renderer.development.js:2315:13)
      at warnIfUpdatesNotWrappedWithActDEV (node_modules/react-test-renderer/cjs/react-test-renderer.development.js:14401:9)
      at scheduleUpdateOnFiber (node_modules/react-test-renderer/cjs/react-test-renderer.development.js:12086:9)
      at dispatchReducerAction (node_modules/react-test-renderer/cjs/react-test-renderer.development.js:6155:13)
      at Object.scheduleUpdate [as current] (node_modules/react-native/src/private/animated/createAnimatedPropsHook.js:121:20)
      at AnimatedProps.current [as _callback] (node_modules/react-native/src/private/animated/createAnimatedPropsHook.js:64:56)
      at AnimatedProps._callback [as update] (node_modules/react-native/Libraries/Animated/nodes/AnimatedProps.js:231:10)
      at update (node_modules/react-native/Libraries/Animated/nodes/AnimatedValue.js:64:31)
          at Set.forEach (<anonymous>)
      at forEach (node_modules/react-native/Libraries/Animated/nodes/AnimatedValue.js:64:10)
      at AnimatedValue.flushValue [as _updateValue] (node_modules/react-native/Libraries/Animated/nodes/AnimatedValue.js:358:7)
      at TimingAnimation._updateValue [as _onUpdate] (node_modules/react-native/Libraries/Animated/nodes/AnimatedValue.js:322:14)
      at TimingAnimation._onUpdate [as onUpdate] (node_modules/react-native/Libraries/Animated/animations/TimingAnimation.js:157:10)
      at Timeout.callback [as _onTimeout] (node_modules/react-native-worklets/src/runLoop/uiRuntime/mockedRequestAnimationFrame.ts:10:27)

    console.error
      An update to Animated(View) inside a test was not wrapped in act(...).

      When testing, code that causes React state updates should be wrapped into act(...):

      act(() => {
        /* fire events that update state */
      });
      /* assert on the output */

      This ensures that you're testing the behavior the user would see in the browser. Learn more at https://react.dev/link/wrap-tests-with-act

      at node_modules/react-test-renderer/cjs/react-test-renderer.development.js:14402:19
      at runWithFiberInDEV (node_modules/react-test-renderer/cjs/react-test-renderer.development.js:2315:13)
      at warnIfUpdatesNotWrappedWithActDEV (node_modules/react-test-renderer/cjs/react-test-renderer.development.js:14401:9)
      at scheduleUpdateOnFiber (node_modules/react-test-renderer/cjs/react-test-renderer.development.js:12086:9)
      at dispatchReducerAction (node_modules/react-test-renderer/cjs/react-test-renderer.development.js:6155:13)
      at Object.scheduleUpdate [as current] (node_modules/react-native/src/private/animated/createAnimatedPropsHook.js:121:20)
      at AnimatedProps.current [as _callback] (node_modules/react-native/src/private/animated/createAnimatedPropsHook.js:64:56)
      at AnimatedProps._callback [as update] (node_modules/react-native/Libraries/Animated/nodes/AnimatedProps.js:231:10)
      at update (node_modules/react-native/Libraries/Animated/nodes/AnimatedValue.js:64:31)
          at Set.forEach (<anonymous>)
      at forEach (node_modules/react-native/Libraries/Animated/nodes/AnimatedValue.js:64:10)
      at AnimatedValue.flushValue [as _updateValue] (node_modules/react-native/Libraries/Animated/nodes/AnimatedValue.js:358:7)
      at TimingAnimation._updateValue [as _onUpdate] (node_modules/react-native/Libraries/Animated/nodes/AnimatedValue.js:322:14)
      at TimingAnimation._onUpdate [as onUpdate] (node_modules/react-native/Libraries/Animated/animations/TimingAnimation.js:157:10)
      at Timeout.callback [as _onTimeout] (node_modules/react-native-worklets/src/runLoop/uiRuntime/mockedRequestAnimationFrame.ts:10:27)

    console.error
      An update to Animated(View) inside a test was not wrapped in act(...).

      When testing, code that causes React state updates should be wrapped into act(...):

      act(() => {
        /* fire events that update state */
      });
      /* assert on the output */

      This ensures that you're testing the behavior the user would see in the browser. Learn more at https://react.dev/link/wrap-tests-with-act

      at node_modules/react-test-renderer/cjs/react-test-renderer.development.js:14402:19
      at runWithFiberInDEV (node_modules/react-test-renderer/cjs/react-test-renderer.development.js:2315:13)
      at warnIfUpdatesNotWrappedWithActDEV (node_modules/react-test-renderer/cjs/react-test-renderer.development.js:14401:9)
      at scheduleUpdateOnFiber (node_modules/react-test-renderer/cjs/react-test-renderer.development.js:12086:9)
      at dispatchReducerAction (node_modules/react-test-renderer/cjs/react-test-renderer.development.js:6155:13)
      at Object.scheduleUpdate [as current] (node_modules/react-native/src/private/animated/createAnimatedPropsHook.js:121:20)
      at AnimatedProps.current [as _callback] (node_modules/react-native/src/private/animated/createAnimatedPropsHook.js:64:56)
      at AnimatedProps._callback [as update] (node_modules/react-native/Libraries/Animated/nodes/AnimatedProps.js:231:10)
      at update (node_modules/react-native/Libraries/Animated/nodes/AnimatedValue.js:64:31)
          at Set.forEach (<anonymous>)
      at forEach (node_modules/react-native/Libraries/Animated/nodes/AnimatedValue.js:64:10)
      at AnimatedValue.flushValue [as _updateValue] (node_modules/react-native/Libraries/Animated/nodes/AnimatedValue.js:358:7)
      at TimingAnimation._updateValue [as _onUpdate] (node_modules/react-native/Libraries/Animated/nodes/AnimatedValue.js:322:14)
      at TimingAnimation._onUpdate [as onUpdate] (node_modules/react-native/Libraries/Animated/animations/TimingAnimation.js:157:10)
      at Timeout.callback [as _onTimeout] (node_modules/react-native-worklets/src/runLoop/uiRuntime/mockedRequestAnimationFrame.ts:10:27)

    console.error
      An update to Animated(View) inside a test was not wrapped in act(...).

      When testing, code that causes React state updates should be wrapped into act(...):

      act(() => {
        /* fire events that update state */
      });
      /* assert on the output */

      This ensures that you're testing the behavior the user would see in the browser. Learn more at https://react.dev/link/wrap-tests-with-act

      at node_modules/react-test-renderer/cjs/react-test-renderer.development.js:14402:19
      at runWithFiberInDEV (node_modules/react-test-renderer/cjs/react-test-renderer.development.js:2315:13)
      at warnIfUpdatesNotWrappedWithActDEV (node_modules/react-test-renderer/cjs/react-test-renderer.development.js:14401:9)
      at scheduleUpdateOnFiber (node_modules/react-test-renderer/cjs/react-test-renderer.development.js:12086:9)
      at dispatchReducerAction (node_modules/react-test-renderer/cjs/react-test-renderer.development.js:6155:13)
      at Object.scheduleUpdate [as current] (node_modules/react-native/src/private/animated/createAnimatedPropsHook.js:121:20)
      at AnimatedProps.current [as _callback] (node_modules/react-native/src/private/animated/createAnimatedPropsHook.js:64:56)
      at AnimatedProps._callback [as update] (node_modules/react-native/Libraries/Animated/nodes/AnimatedProps.js:231:10)
      at update (node_modules/react-native/Libraries/Animated/nodes/AnimatedValue.js:64:31)
          at Set.forEach (<anonymous>)
      at forEach (node_modules/react-native/Libraries/Animated/nodes/AnimatedValue.js:64:10)
      at AnimatedValue.flushValue [as _updateValue] (node_modules/react-native/Libraries/Animated/nodes/AnimatedValue.js:358:7)
      at TimingAnimation._updateValue [as _onUpdate] (node_modules/react-native/Libraries/Animated/nodes/AnimatedValue.js:322:14)
      at TimingAnimation._onUpdate [as onUpdate] (node_modules/react-native/Libraries/Animated/animations/TimingAnimation.js:157:10)
      at Timeout.callback [as _onTimeout] (node_modules/react-native-worklets/src/runLoop/uiRuntime/mockedRequestAnimationFrame.ts:10:27)

    console.error
      An update to Animated(View) inside a test was not wrapped in act(...).

      When testing, code that causes React state updates should be wrapped into act(...):

      act(() => {
        /* fire events that update state */
      });
      /* assert on the output */

      This ensures that you're testing the behavior the user would see in the browser. Learn more at https://react.dev/link/wrap-tests-with-act

      at node_modules/react-test-renderer/cjs/react-test-renderer.development.js:14402:19
      at runWithFiberInDEV (node_modules/react-test-renderer/cjs/react-test-renderer.development.js:2315:13)
      at warnIfUpdatesNotWrappedWithActDEV (node_modules/react-test-renderer/cjs/react-test-renderer.development.js:14401:9)
      at scheduleUpdateOnFiber (node_modules/react-test-renderer/cjs/react-test-renderer.development.js:12086:9)
      at dispatchReducerAction (node_modules/react-test-renderer/cjs/react-test-renderer.development.js:6155:13)
      at Object.scheduleUpdate [as current] (node_modules/react-native/src/private/animated/createAnimatedPropsHook.js:121:20)
      at AnimatedProps.current [as _callback] (node_modules/react-native/src/private/animated/createAnimatedPropsHook.js:64:56)
      at AnimatedProps._callback [as update] (node_modules/react-native/Libraries/Animated/nodes/AnimatedProps.js:231:10)
      at update (node_modules/react-native/Libraries/Animated/nodes/AnimatedValue.js:64:31)
          at Set.forEach (<anonymous>)
      at forEach (node_modules/react-native/Libraries/Animated/nodes/AnimatedValue.js:64:10)
      at AnimatedValue.flushValue [as _updateValue] (node_modules/react-native/Libraries/Animated/nodes/AnimatedValue.js:358:7)
      at TimingAnimation._updateValue [as _onUpdate] (node_modules/react-native/Libraries/Animated/nodes/AnimatedValue.js:322:14)
      at TimingAnimation._onUpdate [as onUpdate] (node_modules/react-native/Libraries/Animated/animations/TimingAnimation.js:157:10)
      at Timeout.callback [as _onTimeout] (node_modules/react-native-worklets/src/runLoop/uiRuntime/mockedRequestAnimationFrame.ts:10:27)

    console.error
      An update to Animated(View) inside a test was not wrapped in act(...).

      When testing, code that causes React state updates should be wrapped into act(...):

      act(() => {
        /* fire events that update state */
      });
      /* assert on the output */

      This ensures that you're testing the behavior the user would see in the browser. Learn more at https://react.dev/link/wrap-tests-with-act

      at node_modules/react-test-renderer/cjs/react-test-renderer.development.js:14402:19
      at runWithFiberInDEV (node_modules/react-test-renderer/cjs/react-test-renderer.development.js:2315:13)
      at warnIfUpdatesNotWrappedWithActDEV (node_modules/react-test-renderer/cjs/react-test-renderer.development.js:14401:9)
      at scheduleUpdateOnFiber (node_modules/react-test-renderer/cjs/react-test-renderer.development.js:12086:9)
      at dispatchReducerAction (node_modules/react-test-renderer/cjs/react-test-renderer.development.js:6155:13)
      at Object.scheduleUpdate [as current] (node_modules/react-native/src/private/animated/createAnimatedPropsHook.js:121:20)
      at AnimatedProps.current [as _callback] (node_modules/react-native/src/private/animated/createAnimatedPropsHook.js:64:56)
      at AnimatedProps._callback [as update] (node_modules/react-native/Libraries/Animated/nodes/AnimatedProps.js:231:10)
      at update (node_modules/react-native/Libraries/Animated/nodes/AnimatedValue.js:64:31)
          at Set.forEach (<anonymous>)
      at forEach (node_modules/react-native/Libraries/Animated/nodes/AnimatedValue.js:64:10)
      at AnimatedValue.flushValue [as _updateValue] (node_modules/react-native/Libraries/Animated/nodes/AnimatedValue.js:358:7)
      at TimingAnimation._updateValue [as _onUpdate] (node_modules/react-native/Libraries/Animated/nodes/AnimatedValue.js:322:14)
      at TimingAnimation._onUpdate [as onUpdate] (node_modules/react-native/Libraries/Animated/animations/TimingAnimation.js:157:10)
      at Timeout.callback [as _onTimeout] (node_modules/react-native-worklets/src/runLoop/uiRuntime/mockedRequestAnimationFrame.ts:10:27)

    console.error
      An update to Animated(View) inside a test was not wrapped in act(...).

      When testing, code that causes React state updates should be wrapped into act(...):

      act(() => {
        /* fire events that update state */
      });
      /* assert on the output */

      This ensures that you're testing the behavior the user would see in the browser. Learn more at https://react.dev/link/wrap-tests-with-act

      at node_modules/react-test-renderer/cjs/react-test-renderer.development.js:14402:19
      at runWithFiberInDEV (node_modules/react-test-renderer/cjs/react-test-renderer.development.js:2315:13)
      at warnIfUpdatesNotWrappedWithActDEV (node_modules/react-test-renderer/cjs/react-test-renderer.development.js:14401:9)
      at scheduleUpdateOnFiber (node_modules/react-test-renderer/cjs/react-test-renderer.development.js:12086:9)
      at dispatchReducerAction (node_modules/react-test-renderer/cjs/react-test-renderer.development.js:6155:13)
      at Object.scheduleUpdate [as current] (node_modules/react-native/src/private/animated/createAnimatedPropsHook.js:121:20)
      at AnimatedProps.current [as _callback] (node_modules/react-native/src/private/animated/createAnimatedPropsHook.js:64:56)
      at AnimatedProps._callback [as update] (node_modules/react-native/Libraries/Animated/nodes/AnimatedProps.js:231:10)
      at update (node_modules/react-native/Libraries/Animated/nodes/AnimatedValue.js:64:31)
          at Set.forEach (<anonymous>)
      at forEach (node_modules/react-native/Libraries/Animated/nodes/AnimatedValue.js:64:10)
      at AnimatedValue.flushValue [as _updateValue] (node_modules/react-native/Libraries/Animated/nodes/AnimatedValue.js:358:7)
      at TimingAnimation._updateValue [as _onUpdate] (node_modules/react-native/Libraries/Animated/nodes/AnimatedValue.js:322:14)
      at TimingAnimation._onUpdate [as onUpdate] (node_modules/react-native/Libraries/Animated/animations/TimingAnimation.js:157:10)
      at Timeout.callback [as _onTimeout] (node_modules/react-native-worklets/src/runLoop/uiRuntime/mockedRequestAnimationFrame.ts:10:27)

    console.error
      An update to Animated(View) inside a test was not wrapped in act(...).

      When testing, code that causes React state updates should be wrapped into act(...):

      act(() => {
        /* fire events that update state */
      });
      /* assert on the output */

      This ensures that you're testing the behavior the user would see in the browser. Learn more at https://react.dev/link/wrap-tests-with-act

      at node_modules/react-test-renderer/cjs/react-test-renderer.development.js:14402:19
      at runWithFiberInDEV (node_modules/react-test-renderer/cjs/react-test-renderer.development.js:2315:13)
      at warnIfUpdatesNotWrappedWithActDEV (node_modules/react-test-renderer/cjs/react-test-renderer.development.js:14401:9)
      at scheduleUpdateOnFiber (node_modules/react-test-renderer/cjs/react-test-renderer.development.js:12086:9)
      at dispatchReducerAction (node_modules/react-test-renderer/cjs/react-test-renderer.development.js:6155:13)
      at Object.scheduleUpdate [as current] (node_modules/react-native/src/private/animated/createAnimatedPropsHook.js:121:20)
      at AnimatedProps.current [as _callback] (node_modules/react-native/src/private/animated/createAnimatedPropsHook.js:64:56)
      at AnimatedProps._callback [as update] (node_modules/react-native/Libraries/Animated/nodes/AnimatedProps.js:231:10)
      at update (node_modules/react-native/Libraries/Animated/nodes/AnimatedValue.js:64:31)
          at Set.forEach (<anonymous>)
      at forEach (node_modules/react-native/Libraries/Animated/nodes/AnimatedValue.js:64:10)
      at AnimatedValue.flushValue [as _updateValue] (node_modules/react-native/Libraries/Animated/nodes/AnimatedValue.js:358:7)
      at TimingAnimation._updateValue [as _onUpdate] (node_modules/react-native/Libraries/Animated/nodes/AnimatedValue.js:322:14)
      at TimingAnimation._onUpdate [as onUpdate] (node_modules/react-native/Libraries/Animated/animations/TimingAnimation.js:157:10)
      at Timeout.callback [as _onTimeout] (node_modules/react-native-worklets/src/runLoop/uiRuntime/mockedRequestAnimationFrame.ts:10:27)

    console.error
      An update to Animated(View) inside a test was not wrapped in act(...).

      When testing, code that causes React state updates should be wrapped into act(...):

      act(() => {
        /* fire events that update state */
      });
      /* assert on the output */

      This ensures that you're testing the behavior the user would see in the browser. Learn more at https://react.dev/link/wrap-tests-with-act

      at node_modules/react-test-renderer/cjs/react-test-renderer.development.js:14402:19
      at runWithFiberInDEV (node_modules/react-test-renderer/cjs/react-test-renderer.development.js:2315:13)
      at warnIfUpdatesNotWrappedWithActDEV (node_modules/react-test-renderer/cjs/react-test-renderer.development.js:14401:9)
      at scheduleUpdateOnFiber (node_modules/react-test-renderer/cjs/react-test-renderer.development.js:12086:9)
      at dispatchReducerAction (node_modules/react-test-renderer/cjs/react-test-renderer.development.js:6155:13)
      at Object.scheduleUpdate [as current] (node_modules/react-native/src/private/animated/createAnimatedPropsHook.js:121:20)
      at AnimatedProps.current [as _callback] (node_modules/react-native/src/private/animated/createAnimatedPropsHook.js:64:56)
      at AnimatedProps._callback [as update] (node_modules/react-native/Libraries/Animated/nodes/AnimatedProps.js:231:10)
      at update (node_modules/react-native/Libraries/Animated/nodes/AnimatedValue.js:64:31)
          at Set.forEach (<anonymous>)
      at forEach (node_modules/react-native/Libraries/Animated/nodes/AnimatedValue.js:64:10)
      at AnimatedValue.flushValue [as _updateValue] (node_modules/react-native/Libraries/Animated/nodes/AnimatedValue.js:358:7)
      at TimingAnimation._updateValue [as _onUpdate] (node_modules/react-native/Libraries/Animated/nodes/AnimatedValue.js:322:14)
      at TimingAnimation._onUpdate [as onUpdate] (node_modules/react-native/Libraries/Animated/animations/TimingAnimation.js:157:10)
      at Timeout.callback [as _onTimeout] (node_modules/react-native-worklets/src/runLoop/uiRuntime/mockedRequestAnimationFrame.ts:10:27)

    console.error
      An update to Animated(View) inside a test was not wrapped in act(...).

      When testing, code that causes React state updates should be wrapped into act(...):

      act(() => {
        /* fire events that update state */
      });
      /* assert on the output */

      This ensures that you're testing the behavior the user would see in the browser. Learn more at https://react.dev/link/wrap-tests-with-act

      at node_modules/react-test-renderer/cjs/react-test-renderer.development.js:14402:19
      at runWithFiberInDEV (node_modules/react-test-renderer/cjs/react-test-renderer.development.js:2315:13)
      at warnIfUpdatesNotWrappedWithActDEV (node_modules/react-test-renderer/cjs/react-test-renderer.development.js:14401:9)
      at scheduleUpdateOnFiber (node_modules/react-test-renderer/cjs/react-test-renderer.development.js:12086:9)
      at dispatchReducerAction (node_modules/react-test-renderer/cjs/react-test-renderer.development.js:6155:13)
      at Object.scheduleUpdate [as current] (node_modules/react-native/src/private/animated/createAnimatedPropsHook.js:121:20)
      at AnimatedProps.current [as _callback] (node_modules/react-native/src/private/animated/createAnimatedPropsHook.js:64:56)
      at AnimatedProps._callback [as update] (node_modules/react-native/Libraries/Animated/nodes/AnimatedProps.js:231:10)
      at update (node_modules/react-native/Libraries/Animated/nodes/AnimatedValue.js:64:31)
          at Set.forEach (<anonymous>)
      at forEach (node_modules/react-native/Libraries/Animated/nodes/AnimatedValue.js:64:10)
      at AnimatedValue.flushValue [as _updateValue] (node_modules/react-native/Libraries/Animated/nodes/AnimatedValue.js:358:7)
      at TimingAnimation._updateValue [as _onUpdate] (node_modules/react-native/Libraries/Animated/nodes/AnimatedValue.js:322:14)
      at TimingAnimation._onUpdate [as onUpdate] (node_modules/react-native/Libraries/Animated/animations/TimingAnimation.js:157:10)
      at Timeout.callback [as _onTimeout] (node_modules/react-native-worklets/src/runLoop/uiRuntime/mockedRequestAnimationFrame.ts:10:27)

    console.error
      An update to Animated(View) inside a test was not wrapped in act(...).

      When testing, code that causes React state updates should be wrapped into act(...):

      act(() => {
        /* fire events that update state */
      });
      /* assert on the output */

      This ensures that you're testing the behavior the user would see in the browser. Learn more at https://react.dev/link/wrap-tests-with-act

      at node_modules/react-test-renderer/cjs/react-test-renderer.development.js:14402:19
      at runWithFiberInDEV (node_modules/react-test-renderer/cjs/react-test-renderer.development.js:2315:13)
      at warnIfUpdatesNotWrappedWithActDEV (node_modules/react-test-renderer/cjs/react-test-renderer.development.js:14401:9)
      at scheduleUpdateOnFiber (node_modules/react-test-renderer/cjs/react-test-renderer.development.js:12086:9)
      at dispatchReducerAction (node_modules/react-test-renderer/cjs/react-test-renderer.development.js:6155:13)
      at Object.scheduleUpdate [as current] (node_modules/react-native/src/private/animated/createAnimatedPropsHook.js:121:20)
      at AnimatedProps.current [as _callback] (node_modules/react-native/src/private/animated/createAnimatedPropsHook.js:64:56)
      at AnimatedProps._callback [as update] (node_modules/react-native/Libraries/Animated/nodes/AnimatedProps.js:231:10)
      at update (node_modules/react-native/Libraries/Animated/nodes/AnimatedValue.js:64:31)
          at Set.forEach (<anonymous>)
      at forEach (node_modules/react-native/Libraries/Animated/nodes/AnimatedValue.js:64:10)
      at AnimatedValue.flushValue [as _updateValue] (node_modules/react-native/Libraries/Animated/nodes/AnimatedValue.js:358:7)
      at TimingAnimation._updateValue [as _onUpdate] (node_modules/react-native/Libraries/Animated/nodes/AnimatedValue.js:322:14)
      at TimingAnimation._onUpdate [as onUpdate] (node_modules/react-native/Libraries/Animated/animations/TimingAnimation.js:157:10)
      at Timeout.callback [as _onTimeout] (node_modules/react-native-worklets/src/runLoop/uiRuntime/mockedRequestAnimationFrame.ts:10:27)

    console.error
      An update to Animated(View) inside a test was not wrapped in act(...).

      When testing, code that causes React state updates should be wrapped into act(...):

      act(() => {
        /* fire events that update state */
      });
      /* assert on the output */

      This ensures that you're testing the behavior the user would see in the browser. Learn more at https://react.dev/link/wrap-tests-with-act

      at node_modules/react-test-renderer/cjs/react-test-renderer.development.js:14402:19
      at runWithFiberInDEV (node_modules/react-test-renderer/cjs/react-test-renderer.development.js:2315:13)
      at warnIfUpdatesNotWrappedWithActDEV (node_modules/react-test-renderer/cjs/react-test-renderer.development.js:14401:9)
      at scheduleUpdateOnFiber (node_modules/react-test-renderer/cjs/react-test-renderer.development.js:12086:9)
      at dispatchReducerAction (node_modules/react-test-renderer/cjs/react-test-renderer.development.js:6155:13)
      at Object.scheduleUpdate [as current] (node_modules/react-native/src/private/animated/createAnimatedPropsHook.js:121:20)
      at AnimatedProps.current [as _callback] (node_modules/react-native/src/private/animated/createAnimatedPropsHook.js:64:56)
      at AnimatedProps._callback [as update] (node_modules/react-native/Libraries/Animated/nodes/AnimatedProps.js:231:10)
      at update (node_modules/react-native/Libraries/Animated/nodes/AnimatedValue.js:64:31)
          at Set.forEach (<anonymous>)
      at forEach (node_modules/react-native/Libraries/Animated/nodes/AnimatedValue.js:64:10)
      at AnimatedValue.flushValue [as _updateValue] (node_modules/react-native/Libraries/Animated/nodes/AnimatedValue.js:358:7)
      at TimingAnimation._updateValue [as _onUpdate] (node_modules/react-native/Libraries/Animated/nodes/AnimatedValue.js:322:14)
      at TimingAnimation._onUpdate [as onUpdate] (node_modules/react-native/Libraries/Animated/animations/TimingAnimation.js:157:10)
      at Timeout.callback [as _onTimeout] (node_modules/react-native-worklets/src/runLoop/uiRuntime/mockedRequestAnimationFrame.ts:10:27)

    console.error
      An update to Animated(View) inside a test was not wrapped in act(...).

      When testing, code that causes React state updates should be wrapped into act(...):

      act(() => {
        /* fire events that update state */
      });
      /* assert on the output */

      This ensures that you're testing the behavior the user would see in the browser. Learn more at https://react.dev/link/wrap-tests-with-act

      at node_modules/react-test-renderer/cjs/react-test-renderer.development.js:14402:19
      at runWithFiberInDEV (node_modules/react-test-renderer/cjs/react-test-renderer.development.js:2315:13)
      at warnIfUpdatesNotWrappedWithActDEV (node_modules/react-test-renderer/cjs/react-test-renderer.development.js:14401:9)
      at scheduleUpdateOnFiber (node_modules/react-test-renderer/cjs/react-test-renderer.development.js:12086:9)
      at dispatchReducerAction (node_modules/react-test-renderer/cjs/react-test-renderer.development.js:6155:13)
      at Object.scheduleUpdate [as current] (node_modules/react-native/src/private/animated/createAnimatedPropsHook.js:121:20)
      at AnimatedProps.current [as _callback] (node_modules/react-native/src/private/animated/createAnimatedPropsHook.js:64:56)
      at AnimatedProps._callback [as update] (node_modules/react-native/Libraries/Animated/nodes/AnimatedProps.js:231:10)
      at update (node_modules/react-native/Libraries/Animated/nodes/AnimatedValue.js:64:31)
          at Set.forEach (<anonymous>)
      at forEach (node_modules/react-native/Libraries/Animated/nodes/AnimatedValue.js:64:10)
      at AnimatedValue.flushValue [as _updateValue] (node_modules/react-native/Libraries/Animated/nodes/AnimatedValue.js:358:7)
      at TimingAnimation._updateValue [as _onUpdate] (node_modules/react-native/Libraries/Animated/nodes/AnimatedValue.js:322:14)
      at TimingAnimation._onUpdate [as onUpdate] (node_modules/react-native/Libraries/Animated/animations/TimingAnimation.js:157:10)
      at Timeout.callback [as _onTimeout] (node_modules/react-native-worklets/src/runLoop/uiRuntime/mockedRequestAnimationFrame.ts:10:27)

    console.error
      An update to Animated(View) inside a test was not wrapped in act(...).

      When testing, code that causes React state updates should be wrapped into act(...):

      act(() => {
        /* fire events that update state */
      });
      /* assert on the output */

      This ensures that you're testing the behavior the user would see in the browser. Learn more at https://react.dev/link/wrap-tests-with-act

      at node_modules/react-test-renderer/cjs/react-test-renderer.development.js:14402:19
      at runWithFiberInDEV (node_modules/react-test-renderer/cjs/react-test-renderer.development.js:2315:13)
      at warnIfUpdatesNotWrappedWithActDEV (node_modules/react-test-renderer/cjs/react-test-renderer.development.js:14401:9)
      at scheduleUpdateOnFiber (node_modules/react-test-renderer/cjs/react-test-renderer.development.js:12086:9)
      at dispatchReducerAction (node_modules/react-test-renderer/cjs/react-test-renderer.development.js:6155:13)
      at Object.scheduleUpdate [as current] (node_modules/react-native/src/private/animated/createAnimatedPropsHook.js:121:20)
      at AnimatedProps.current [as _callback] (node_modules/react-native/src/private/animated/createAnimatedPropsHook.js:64:56)
      at AnimatedProps._callback [as update] (node_modules/react-native/Libraries/Animated/nodes/AnimatedProps.js:231:10)
      at update (node_modules/react-native/Libraries/Animated/nodes/AnimatedValue.js:64:31)
          at Set.forEach (<anonymous>)
      at forEach (node_modules/react-native/Libraries/Animated/nodes/AnimatedValue.js:64:10)
      at AnimatedValue.flushValue [as _updateValue] (node_modules/react-native/Libraries/Animated/nodes/AnimatedValue.js:358:7)
      at TimingAnimation._updateValue [as _onUpdate] (node_modules/react-native/Libraries/Animated/nodes/AnimatedValue.js:322:14)
      at TimingAnimation._onUpdate [as onUpdate] (node_modules/react-native/Libraries/Animated/animations/TimingAnimation.js:157:10)
      at Timeout.callback [as _onTimeout] (node_modules/react-native-worklets/src/runLoop/uiRuntime/mockedRequestAnimationFrame.ts:10:27)

    console.error
      An update to Animated(View) inside a test was not wrapped in act(...).

      When testing, code that causes React state updates should be wrapped into act(...):

      act(() => {
        /* fire events that update state */
      });
      /* assert on the output */

      This ensures that you're testing the behavior the user would see in the browser. Learn more at https://react.dev/link/wrap-tests-with-act

      at node_modules/react-test-renderer/cjs/react-test-renderer.development.js:14402:19
      at runWithFiberInDEV (node_modules/react-test-renderer/cjs/react-test-renderer.development.js:2315:13)
      at warnIfUpdatesNotWrappedWithActDEV (node_modules/react-test-renderer/cjs/react-test-renderer.development.js:14401:9)
      at scheduleUpdateOnFiber (node_modules/react-test-renderer/cjs/react-test-renderer.development.js:12086:9)
      at dispatchReducerAction (node_modules/react-test-renderer/cjs/react-test-renderer.development.js:6155:13)
      at Object.scheduleUpdate [as current] (node_modules/react-native/src/private/animated/createAnimatedPropsHook.js:121:20)
      at AnimatedProps.current [as _callback] (node_modules/react-native/src/private/animated/createAnimatedPropsHook.js:64:56)
      at AnimatedProps._callback [as update] (node_modules/react-native/Libraries/Animated/nodes/AnimatedProps.js:231:10)
      at update (node_modules/react-native/Libraries/Animated/nodes/AnimatedValue.js:64:31)
          at Set.forEach (<anonymous>)
      at forEach (node_modules/react-native/Libraries/Animated/nodes/AnimatedValue.js:64:10)
      at AnimatedValue.flushValue [as _updateValue] (node_modules/react-native/Libraries/Animated/nodes/AnimatedValue.js:358:7)
      at TimingAnimation._updateValue [as _onUpdate] (node_modules/react-native/Libraries/Animated/nodes/AnimatedValue.js:322:14)
      at TimingAnimation._onUpdate [as onUpdate] (node_modules/react-native/Libraries/Animated/animations/TimingAnimation.js:157:10)
      at Timeout.callback [as _onTimeout] (node_modules/react-native-worklets/src/runLoop/uiRuntime/mockedRequestAnimationFrame.ts:10:27)

    console.error
      An update to Animated(View) inside a test was not wrapped in act(...).

      When testing, code that causes React state updates should be wrapped into act(...):

      act(() => {
        /* fire events that update state */
      });
      /* assert on the output */

      This ensures that you're testing the behavior the user would see in the browser. Learn more at https://react.dev/link/wrap-tests-with-act

      at node_modules/react-test-renderer/cjs/react-test-renderer.development.js:14402:19
      at runWithFiberInDEV (node_modules/react-test-renderer/cjs/react-test-renderer.development.js:2315:13)
      at warnIfUpdatesNotWrappedWithActDEV (node_modules/react-test-renderer/cjs/react-test-renderer.development.js:14401:9)
      at scheduleUpdateOnFiber (node_modules/react-test-renderer/cjs/react-test-renderer.development.js:12086:9)
      at dispatchReducerAction (node_modules/react-test-renderer/cjs/react-test-renderer.development.js:6155:13)
      at Object.scheduleUpdate [as current] (node_modules/react-native/src/private/animated/createAnimatedPropsHook.js:121:20)
      at AnimatedProps.current [as _callback] (node_modules/react-native/src/private/animated/createAnimatedPropsHook.js:64:56)
      at AnimatedProps._callback [as update] (node_modules/react-native/Libraries/Animated/nodes/AnimatedProps.js:231:10)
      at update (node_modules/react-native/Libraries/Animated/nodes/AnimatedValue.js:64:31)
          at Set.forEach (<anonymous>)
      at forEach (node_modules/react-native/Libraries/Animated/nodes/AnimatedValue.js:64:10)
      at AnimatedValue.flushValue [as _updateValue] (node_modules/react-native/Libraries/Animated/nodes/AnimatedValue.js:358:7)
      at TimingAnimation._updateValue [as _onUpdate] (node_modules/react-native/Libraries/Animated/nodes/AnimatedValue.js:322:14)
      at TimingAnimation._onUpdate [as onUpdate] (node_modules/react-native/Libraries/Animated/animations/TimingAnimation.js:157:10)
      at Timeout.callback [as _onTimeout] (node_modules/react-native-worklets/src/runLoop/uiRuntime/mockedRequestAnimationFrame.ts:10:27)

    console.error
      An update to Animated(View) inside a test was not wrapped in act(...).

      When testing, code that causes React state updates should be wrapped into act(...):

      act(() => {
        /* fire events that update state */
      });
      /* assert on the output */

      This ensures that you're testing the behavior the user would see in the browser. Learn more at https://react.dev/link/wrap-tests-with-act

      at node_modules/react-test-renderer/cjs/react-test-renderer.development.js:14402:19
      at runWithFiberInDEV (node_modules/react-test-renderer/cjs/react-test-renderer.development.js:2315:13)
      at warnIfUpdatesNotWrappedWithActDEV (node_modules/react-test-renderer/cjs/react-test-renderer.development.js:14401:9)
      at scheduleUpdateOnFiber (node_modules/react-test-renderer/cjs/react-test-renderer.development.js:12086:9)
      at dispatchReducerAction (node_modules/react-test-renderer/cjs/react-test-renderer.development.js:6155:13)
      at Object.scheduleUpdate [as current] (node_modules/react-native/src/private/animated/createAnimatedPropsHook.js:121:20)
      at AnimatedProps.current [as _callback] (node_modules/react-native/src/private/animated/createAnimatedPropsHook.js:64:56)
      at AnimatedProps._callback [as update] (node_modules/react-native/Libraries/Animated/nodes/AnimatedProps.js:231:10)
      at update (node_modules/react-native/Libraries/Animated/nodes/AnimatedValue.js:64:31)
          at Set.forEach (<anonymous>)
      at forEach (node_modules/react-native/Libraries/Animated/nodes/AnimatedValue.js:64:10)
      at AnimatedValue.flushValue [as _updateValue] (node_modules/react-native/Libraries/Animated/nodes/AnimatedValue.js:358:7)
      at TimingAnimation._updateValue [as _onUpdate] (node_modules/react-native/Libraries/Animated/nodes/AnimatedValue.js:322:14)
      at TimingAnimation._onUpdate [as onUpdate] (node_modules/react-native/Libraries/Animated/animations/TimingAnimation.js:157:10)
      at Timeout.callback [as _onTimeout] (node_modules/react-native-worklets/src/runLoop/uiRuntime/mockedRequestAnimationFrame.ts:10:27)

    console.error
      An update to Animated(View) inside a test was not wrapped in act(...).

      When testing, code that causes React state updates should be wrapped into act(...):

      act(() => {
        /* fire events that update state */
      });
      /* assert on the output */

      This ensures that you're testing the behavior the user would see in the browser. Learn more at https://react.dev/link/wrap-tests-with-act

      at node_modules/react-test-renderer/cjs/react-test-renderer.development.js:14402:19
      at runWithFiberInDEV (node_modules/react-test-renderer/cjs/react-test-renderer.development.js:2315:13)
      at warnIfUpdatesNotWrappedWithActDEV (node_modules/react-test-renderer/cjs/react-test-renderer.development.js:14401:9)
      at scheduleUpdateOnFiber (node_modules/react-test-renderer/cjs/react-test-renderer.development.js:12086:9)
      at dispatchReducerAction (node_modules/react-test-renderer/cjs/react-test-renderer.development.js:6155:13)
      at Object.scheduleUpdate [as current] (node_modules/react-native/src/private/animated/createAnimatedPropsHook.js:121:20)
      at AnimatedProps.current [as _callback] (node_modules/react-native/src/private/animated/createAnimatedPropsHook.js:64:56)
      at AnimatedProps._callback [as update] (node_modules/react-native/Libraries/Animated/nodes/AnimatedProps.js:231:10)
      at update (node_modules/react-native/Libraries/Animated/nodes/AnimatedValue.js:64:31)
          at Set.forEach (<anonymous>)
      at forEach (node_modules/react-native/Libraries/Animated/nodes/AnimatedValue.js:64:10)
      at AnimatedValue.flushValue [as _updateValue] (node_modules/react-native/Libraries/Animated/nodes/AnimatedValue.js:358:7)
      at TimingAnimation._updateValue [as _onUpdate] (node_modules/react-native/Libraries/Animated/nodes/AnimatedValue.js:322:14)
      at TimingAnimation._onUpdate [as onUpdate] (node_modules/react-native/Libraries/Animated/animations/TimingAnimation.js:157:10)
      at Timeout.callback [as _onTimeout] (node_modules/react-native-worklets/src/runLoop/uiRuntime/mockedRequestAnimationFrame.ts:10:27)

    console.error
      An update to Animated(View) inside a test was not wrapped in act(...).

      When testing, code that causes React state updates should be wrapped into act(...):

      act(() => {
        /* fire events that update state */
      });
      /* assert on the output */

      This ensures that you're testing the behavior the user would see in the browser. Learn more at https://react.dev/link/wrap-tests-with-act

      at node_modules/react-test-renderer/cjs/react-test-renderer.development.js:14402:19
      at runWithFiberInDEV (node_modules/react-test-renderer/cjs/react-test-renderer.development.js:2315:13)
      at warnIfUpdatesNotWrappedWithActDEV (node_modules/react-test-renderer/cjs/react-test-renderer.development.js:14401:9)
      at scheduleUpdateOnFiber (node_modules/react-test-renderer/cjs/react-test-renderer.development.js:12086:9)
      at dispatchReducerAction (node_modules/react-test-renderer/cjs/react-test-renderer.development.js:6155:13)
      at Object.scheduleUpdate [as current] (node_modules/react-native/src/private/animated/createAnimatedPropsHook.js:121:20)
      at AnimatedProps.current [as _callback] (node_modules/react-native/src/private/animated/createAnimatedPropsHook.js:64:56)
      at AnimatedProps._callback [as update] (node_modules/react-native/Libraries/Animated/nodes/AnimatedProps.js:231:10)
      at update (node_modules/react-native/Libraries/Animated/nodes/AnimatedValue.js:64:31)
          at Set.forEach (<anonymous>)
      at forEach (node_modules/react-native/Libraries/Animated/nodes/AnimatedValue.js:64:10)
      at AnimatedValue.flushValue [as _updateValue] (node_modules/react-native/Libraries/Animated/nodes/AnimatedValue.js:358:7)
      at TimingAnimation._updateValue [as _onUpdate] (node_modules/react-native/Libraries/Animated/nodes/AnimatedValue.js:322:14)
      at TimingAnimation._onUpdate [as onUpdate] (node_modules/react-native/Libraries/Animated/animations/TimingAnimation.js:157:10)
      at Timeout.callback [as _onTimeout] (node_modules/react-native-worklets/src/runLoop/uiRuntime/mockedRequestAnimationFrame.ts:10:27)

PASS src/capabilities/money/screens/MoneySetupScreen.test.tsx
PASS src/capabilities/chores/components/ChoreEditorDrawer.test.tsx
  ● Console

    console.error
      An update to BottomDrawer inside a test was not wrapped in act(...).

      When testing, code that causes React state updates should be wrapped into act(...):

      act(() => {
        /* fire events that update state */
      });
      /* assert on the output */

      This ensures that you're testing the behavior the user would see in the browser. Learn more at https://react.dev/link/wrap-tests-with-act

      27 |
      28 |     void AccessibilityInfo.isReduceMotionEnabled().then((enabled) => {
    > 29 |       if (mounted) setReduceMotionEnabled(enabled);
         |                    ^
      30 |     });
      31 |     void AccessibilityInfo.isScreenReaderEnabled().then((enabled) => {
      32 |       if (mounted) setScreenReaderEnabled(enabled);

      at node_modules/react-test-renderer/cjs/react-test-renderer.development.js:14402:19
      at runWithFiberInDEV (node_modules/react-test-renderer/cjs/react-test-renderer.development.js:2315:13)
      at warnIfUpdatesNotWrappedWithActDEV (node_modules/react-test-renderer/cjs/react-test-renderer.development.js:14401:9)
      at scheduleUpdateOnFiber (node_modules/react-test-renderer/cjs/react-test-renderer.development.js:12086:9)
      at dispatchSetStateInternal (node_modules/react-test-renderer/cjs/react-test-renderer.development.js:6208:13)
      at dispatchSetState (node_modules/react-test-renderer/cjs/react-test-renderer.development.js:6165:7)
      at setReduceMotionEnabled (src/ui/hooks/useAccessibilityPreferences.ts:29:20)

    console.error
      An update to BottomDrawer inside a test was not wrapped in act(...).

      When testing, code that causes React state updates should be wrapped into act(...):

      act(() => {
        /* fire events that update state */
      });
      /* assert on the output */

      This ensures that you're testing the behavior the user would see in the browser. Learn more at https://react.dev/link/wrap-tests-with-act

      30 |     });
      31 |     void AccessibilityInfo.isScreenReaderEnabled().then((enabled) => {
    > 32 |       if (mounted) setScreenReaderEnabled(enabled);
         |                    ^
      33 |     });
      34 |
      35 |     const reduceMotionSubscription = AccessibilityInfo.addEventListener(

      at node_modules/react-test-renderer/cjs/react-test-renderer.development.js:14402:19
      at runWithFiberInDEV (node_modules/react-test-renderer/cjs/react-test-renderer.development.js:2315:13)
      at warnIfUpdatesNotWrappedWithActDEV (node_modules/react-test-renderer/cjs/react-test-renderer.development.js:14401:9)
      at scheduleUpdateOnFiber (node_modules/react-test-renderer/cjs/react-test-renderer.development.js:12086:9)
      at dispatchSetStateInternal (node_modules/react-test-renderer/cjs/react-test-renderer.development.js:6208:13)
      at dispatchSetState (node_modules/react-test-renderer/cjs/react-test-renderer.development.js:6165:7)
      at setScreenReaderEnabled (src/ui/hooks/useAccessibilityPreferences.ts:32:20)

    console.error
      An update to Animated(View) inside a test was not wrapped in act(...).

      When testing, code that causes React state updates should be wrapped into act(...):

      act(() => {
        /* fire events that update state */
      });
      /* assert on the output */

      This ensures that you're testing the behavior the user would see in the browser. Learn more at https://react.dev/link/wrap-tests-with-act

      at node_modules/react-test-renderer/cjs/react-test-renderer.development.js:14402:19
      at runWithFiberInDEV (node_modules/react-test-renderer/cjs/react-test-renderer.development.js:2315:13)
      at warnIfUpdatesNotWrappedWithActDEV (node_modules/react-test-renderer/cjs/react-test-renderer.development.js:14401:9)
      at scheduleUpdateOnFiber (node_modules/react-test-renderer/cjs/react-test-renderer.development.js:12086:9)
      at dispatchReducerAction (node_modules/react-test-renderer/cjs/react-test-renderer.development.js:6155:13)
      at Object.scheduleUpdate [as current] (node_modules/react-native/src/private/animated/createAnimatedPropsHook.js:121:20)
      at AnimatedProps.current [as _callback] (node_modules/react-native/src/private/animated/createAnimatedPropsHook.js:64:56)
      at AnimatedProps._callback [as update] (node_modules/react-native/Libraries/Animated/nodes/AnimatedProps.js:231:10)
      at update (node_modules/react-native/Libraries/Animated/nodes/AnimatedValue.js:64:31)
          at Set.forEach (<anonymous>)
      at forEach (node_modules/react-native/Libraries/Animated/nodes/AnimatedValue.js:64:10)
      at AnimatedValue.flushValue [as _updateValue] (node_modules/react-native/Libraries/Animated/nodes/AnimatedValue.js:358:7)
      at TimingAnimation._updateValue [as _onUpdate] (node_modules/react-native/Libraries/Animated/nodes/AnimatedValue.js:322:14)
      at TimingAnimation._onUpdate [as onUpdate] (node_modules/react-native/Libraries/Animated/animations/TimingAnimation.js:157:10)
      at onUpdate (node_modules/react-native/Libraries/Animated/animations/TimingAnimation.js:132:67)
      at Timeout.callback [as _onTimeout] (node_modules/react-native-worklets/src/runLoop/uiRuntime/mockedRequestAnimationFrame.ts:10:27)

    console.error
      An update to Animated(View) inside a test was not wrapped in act(...).

      When testing, code that causes React state updates should be wrapped into act(...):

      act(() => {
        /* fire events that update state */
      });
      /* assert on the output */

      This ensures that you're testing the behavior the user would see in the browser. Learn more at https://react.dev/link/wrap-tests-with-act

      at node_modules/react-test-renderer/cjs/react-test-renderer.development.js:14402:19
      at runWithFiberInDEV (node_modules/react-test-renderer/cjs/react-test-renderer.development.js:2315:13)
      at warnIfUpdatesNotWrappedWithActDEV (node_modules/react-test-renderer/cjs/react-test-renderer.development.js:14401:9)
      at scheduleUpdateOnFiber (node_modules/react-test-renderer/cjs/react-test-renderer.development.js:12086:9)
      at dispatchReducerAction (node_modules/react-test-renderer/cjs/react-test-renderer.development.js:6155:13)
      at Object.scheduleUpdate [as current] (node_modules/react-native/src/private/animated/createAnimatedPropsHook.js:121:20)
      at AnimatedProps.current [as _callback] (node_modules/react-native/src/private/animated/createAnimatedPropsHook.js:64:56)
      at AnimatedProps._callback [as update] (node_modules/react-native/Libraries/Animated/nodes/AnimatedProps.js:231:10)
      at update (node_modules/react-native/Libraries/Animated/nodes/AnimatedValue.js:64:31)
          at Set.forEach (<anonymous>)
      at forEach (node_modules/react-native/Libraries/Animated/nodes/AnimatedValue.js:64:10)
      at AnimatedValue.flushValue [as _updateValue] (node_modules/react-native/Libraries/Animated/nodes/AnimatedValue.js:358:7)
      at TimingAnimation._updateValue [as _onUpdate] (node_modules/react-native/Libraries/Animated/nodes/AnimatedValue.js:322:14)
      at TimingAnimation._onUpdate [as onUpdate] (node_modules/react-native/Libraries/Animated/animations/TimingAnimation.js:157:10)
      at onUpdate (node_modules/react-native/Libraries/Animated/animations/TimingAnimation.js:132:67)
      at Timeout.callback [as _onTimeout] (node_modules/react-native-worklets/src/runLoop/uiRuntime/mockedRequestAnimationFrame.ts:10:27)

    console.error
      An update to Animated(View) inside a test was not wrapped in act(...).

      When testing, code that causes React state updates should be wrapped into act(...):

      act(() => {
        /* fire events that update state */
      });
      /* assert on the output */

      This ensures that you're testing the behavior the user would see in the browser. Learn more at https://react.dev/link/wrap-tests-with-act

      at node_modules/react-test-renderer/cjs/react-test-renderer.development.js:14402:19
      at runWithFiberInDEV (node_modules/react-test-renderer/cjs/react-test-renderer.development.js:2315:13)
      at warnIfUpdatesNotWrappedWithActDEV (node_modules/react-test-renderer/cjs/react-test-renderer.development.js:14401:9)
      at scheduleUpdateOnFiber (node_modules/react-test-renderer/cjs/react-test-renderer.development.js:12086:9)
      at dispatchReducerAction (node_modules/react-test-renderer/cjs/react-test-renderer.development.js:6155:13)
      at Object.scheduleUpdate [as current] (node_modules/react-native/src/private/animated/createAnimatedPropsHook.js:121:20)
      at AnimatedProps.current [as _callback] (node_modules/react-native/src/private/animated/createAnimatedPropsHook.js:64:56)
      at AnimatedProps._callback [as update] (node_modules/react-native/Libraries/Animated/nodes/AnimatedProps.js:231:10)
      at update (node_modules/react-native/Libraries/Animated/nodes/AnimatedValue.js:64:31)
          at Set.forEach (<anonymous>)
      at forEach (node_modules/react-native/Libraries/Animated/nodes/AnimatedValue.js:64:10)
      at AnimatedValue.flushValue [as _updateValue] (node_modules/react-native/Libraries/Animated/nodes/AnimatedValue.js:358:7)
      at TimingAnimation._updateValue [as _onUpdate] (node_modules/react-native/Libraries/Animated/nodes/AnimatedValue.js:322:14)
      at TimingAnimation._onUpdate [as onUpdate] (node_modules/react-native/Libraries/Animated/animations/TimingAnimation.js:157:10)
      at onUpdate (node_modules/react-native/Libraries/Animated/animations/TimingAnimation.js:132:67)
      at Timeout.callback [as _onTimeout] (node_modules/react-native-worklets/src/runLoop/uiRuntime/mockedRequestAnimationFrame.ts:10:27)

    console.error
      An update to Animated(View) inside a test was not wrapped in act(...).

      When testing, code that causes React state updates should be wrapped into act(...):

      act(() => {
        /* fire events that update state */
      });
      /* assert on the output */

      This ensures that you're testing the behavior the user would see in the browser. Learn more at https://react.dev/link/wrap-tests-with-act

      at node_modules/react-test-renderer/cjs/react-test-renderer.development.js:14402:19
      at runWithFiberInDEV (node_modules/react-test-renderer/cjs/react-test-renderer.development.js:2315:13)
      at warnIfUpdatesNotWrappedWithActDEV (node_modules/react-test-renderer/cjs/react-test-renderer.development.js:14401:9)
      at scheduleUpdateOnFiber (node_modules/react-test-renderer/cjs/react-test-renderer.development.js:12086:9)
      at dispatchReducerAction (node_modules/react-test-renderer/cjs/react-test-renderer.development.js:6155:13)
      at Object.scheduleUpdate [as current] (node_modules/react-native/src/private/animated/createAnimatedPropsHook.js:121:20)
      at AnimatedProps.current [as _callback] (node_modules/react-native/src/private/animated/createAnimatedPropsHook.js:64:56)
      at AnimatedProps._callback [as update] (node_modules/react-native/Libraries/Animated/nodes/AnimatedProps.js:231:10)
      at update (node_modules/react-native/Libraries/Animated/nodes/AnimatedValue.js:64:31)
          at Set.forEach (<anonymous>)
      at forEach (node_modules/react-native/Libraries/Animated/nodes/AnimatedValue.js:64:10)
      at AnimatedValue.flushValue [as _updateValue] (node_modules/react-native/Libraries/Animated/nodes/AnimatedValue.js:358:7)
      at TimingAnimation._updateValue [as _onUpdate] (node_modules/react-native/Libraries/Animated/nodes/AnimatedValue.js:322:14)
      at TimingAnimation._onUpdate [as onUpdate] (node_modules/react-native/Libraries/Animated/animations/TimingAnimation.js:157:10)
      at onUpdate (node_modules/react-native/Libraries/Animated/animations/TimingAnimation.js:132:67)
      at Timeout.callback [as _onTimeout] (node_modules/react-native-worklets/src/runLoop/uiRuntime/mockedRequestAnimationFrame.ts:10:27)

    console.error
      An update to BottomDrawer inside a test was not wrapped in act(...).

      When testing, code that causes React state updates should be wrapped into act(...):

      act(() => {
        /* fire events that update state */
      });
      /* assert on the output */

      This ensures that you're testing the behavior the user would see in the browser. Learn more at https://react.dev/link/wrap-tests-with-act

      27 |
      28 |     void AccessibilityInfo.isReduceMotionEnabled().then((enabled) => {
    > 29 |       if (mounted) setReduceMotionEnabled(enabled);
         |                    ^
      30 |     });
      31 |     void AccessibilityInfo.isScreenReaderEnabled().then((enabled) => {
      32 |       if (mounted) setScreenReaderEnabled(enabled);

      at node_modules/react-test-renderer/cjs/react-test-renderer.development.js:14402:19
      at runWithFiberInDEV (node_modules/react-test-renderer/cjs/react-test-renderer.development.js:2315:13)
      at warnIfUpdatesNotWrappedWithActDEV (node_modules/react-test-renderer/cjs/react-test-renderer.development.js:14401:9)
      at scheduleUpdateOnFiber (node_modules/react-test-renderer/cjs/react-test-renderer.development.js:12086:9)
      at dispatchSetStateInternal (node_modules/react-test-renderer/cjs/react-test-renderer.development.js:6208:13)
      at dispatchSetState (node_modules/react-test-renderer/cjs/react-test-renderer.development.js:6165:7)
      at setReduceMotionEnabled (src/ui/hooks/useAccessibilityPreferences.ts:29:20)

    console.error
      An update to BottomDrawer inside a test was not wrapped in act(...).

      When testing, code that causes React state updates should be wrapped into act(...):

      act(() => {
        /* fire events that update state */
      });
      /* assert on the output */

      This ensures that you're testing the behavior the user would see in the browser. Learn more at https://react.dev/link/wrap-tests-with-act

      30 |     });
      31 |     void AccessibilityInfo.isScreenReaderEnabled().then((enabled) => {
    > 32 |       if (mounted) setScreenReaderEnabled(enabled);
         |                    ^
      33 |     });
      34 |
      35 |     const reduceMotionSubscription = AccessibilityInfo.addEventListener(

      at node_modules/react-test-renderer/cjs/react-test-renderer.development.js:14402:19
      at runWithFiberInDEV (node_modules/react-test-renderer/cjs/react-test-renderer.development.js:2315:13)
      at warnIfUpdatesNotWrappedWithActDEV (node_modules/react-test-renderer/cjs/react-test-renderer.development.js:14401:9)
      at scheduleUpdateOnFiber (node_modules/react-test-renderer/cjs/react-test-renderer.development.js:12086:9)
      at dispatchSetStateInternal (node_modules/react-test-renderer/cjs/react-test-renderer.development.js:6208:13)
      at dispatchSetState (node_modules/react-test-renderer/cjs/react-test-renderer.development.js:6165:7)
      at setScreenReaderEnabled (src/ui/hooks/useAccessibilityPreferences.ts:32:20)

    console.error
      An update to Animated(View) inside a test was not wrapped in act(...).

      When testing, code that causes React state updates should be wrapped into act(...):

      act(() => {
        /* fire events that update state */
      });
      /* assert on the output */

      This ensures that you're testing the behavior the user would see in the browser. Learn more at https://react.dev/link/wrap-tests-with-act

      at node_modules/react-test-renderer/cjs/react-test-renderer.development.js:14402:19
      at runWithFiberInDEV (node_modules/react-test-renderer/cjs/react-test-renderer.development.js:2315:13)
      at warnIfUpdatesNotWrappedWithActDEV (node_modules/react-test-renderer/cjs/react-test-renderer.development.js:14401:9)
      at scheduleUpdateOnFiber (node_modules/react-test-renderer/cjs/react-test-renderer.development.js:12086:9)
      at dispatchReducerAction (node_modules/react-test-renderer/cjs/react-test-renderer.development.js:6155:13)
      at Object.scheduleUpdate [as current] (node_modules/react-native/src/private/animated/createAnimatedPropsHook.js:121:20)
      at AnimatedProps.current [as _callback] (node_modules/react-native/src/private/animated/createAnimatedPropsHook.js:64:56)
      at AnimatedProps._callback [as update] (node_modules/react-native/Libraries/Animated/nodes/AnimatedProps.js:231:10)
      at update (node_modules/react-native/Libraries/Animated/nodes/AnimatedValue.js:64:31)
          at Set.forEach (<anonymous>)
      at forEach (node_modules/react-native/Libraries/Animated/nodes/AnimatedValue.js:64:10)
      at AnimatedValue.flushValue [as _updateValue] (node_modules/react-native/Libraries/Animated/nodes/AnimatedValue.js:358:7)
      at TimingAnimation._updateValue [as _onUpdate] (node_modules/react-native/Libraries/Animated/nodes/AnimatedValue.js:322:14)
      at TimingAnimation._onUpdate [as onUpdate] (node_modules/react-native/Libraries/Animated/animations/TimingAnimation.js:157:10)
      at onUpdate (node_modules/react-native/Libraries/Animated/animations/TimingAnimation.js:132:67)
      at Timeout.callback [as _onTimeout] (node_modules/react-native-worklets/src/runLoop/uiRuntime/mockedRequestAnimationFrame.ts:10:27)

    console.error
      An update to Animated(View) inside a test was not wrapped in act(...).

      When testing, code that causes React state updates should be wrapped into act(...):

      act(() => {
        /* fire events that update state */
      });
      /* assert on the output */

      This ensures that you're testing the behavior the user would see in the browser. Learn more at https://react.dev/link/wrap-tests-with-act

      at node_modules/react-test-renderer/cjs/react-test-renderer.development.js:14402:19
      at runWithFiberInDEV (node_modules/react-test-renderer/cjs/react-test-renderer.development.js:2315:13)
      at warnIfUpdatesNotWrappedWithActDEV (node_modules/react-test-renderer/cjs/react-test-renderer.development.js:14401:9)
      at scheduleUpdateOnFiber (node_modules/react-test-renderer/cjs/react-test-renderer.development.js:12086:9)
      at dispatchReducerAction (node_modules/react-test-renderer/cjs/react-test-renderer.development.js:6155:13)
      at Object.scheduleUpdate [as current] (node_modules/react-native/src/private/animated/createAnimatedPropsHook.js:121:20)
      at AnimatedProps.current [as _callback] (node_modules/react-native/src/private/animated/createAnimatedPropsHook.js:64:56)
      at AnimatedProps._callback [as update] (node_modules/react-native/Libraries/Animated/nodes/AnimatedProps.js:231:10)
      at update (node_modules/react-native/Libraries/Animated/nodes/AnimatedValue.js:64:31)
          at Set.forEach (<anonymous>)
      at forEach (node_modules/react-native/Libraries/Animated/nodes/AnimatedValue.js:64:10)
      at AnimatedValue.flushValue [as _updateValue] (node_modules/react-native/Libraries/Animated/nodes/AnimatedValue.js:358:7)
      at TimingAnimation._updateValue [as _onUpdate] (node_modules/react-native/Libraries/Animated/nodes/AnimatedValue.js:322:14)
      at TimingAnimation._onUpdate [as onUpdate] (node_modules/react-native/Libraries/Animated/animations/TimingAnimation.js:157:10)
      at onUpdate (node_modules/react-native/Libraries/Animated/animations/TimingAnimation.js:132:67)
      at Timeout.callback [as _onTimeout] (node_modules/react-native-worklets/src/runLoop/uiRuntime/mockedRequestAnimationFrame.ts:10:27)

    console.error
      An update to Animated(View) inside a test was not wrapped in act(...).

      When testing, code that causes React state updates should be wrapped into act(...):

      act(() => {
        /* fire events that update state */
      });
      /* assert on the output */

      This ensures that you're testing the behavior the user would see in the browser. Learn more at https://react.dev/link/wrap-tests-with-act

      at node_modules/react-test-renderer/cjs/react-test-renderer.development.js:14402:19
      at runWithFiberInDEV (node_modules/react-test-renderer/cjs/react-test-renderer.development.js:2315:13)
      at warnIfUpdatesNotWrappedWithActDEV (node_modules/react-test-renderer/cjs/react-test-renderer.development.js:14401:9)
      at scheduleUpdateOnFiber (node_modules/react-test-renderer/cjs/react-test-renderer.development.js:12086:9)
      at dispatchReducerAction (node_modules/react-test-renderer/cjs/react-test-renderer.development.js:6155:13)
      at Object.scheduleUpdate [as current] (node_modules/react-native/src/private/animated/createAnimatedPropsHook.js:121:20)
      at AnimatedProps.current [as _callback] (node_modules/react-native/src/private/animated/createAnimatedPropsHook.js:64:56)
      at AnimatedProps._callback [as update] (node_modules/react-native/Libraries/Animated/nodes/AnimatedProps.js:231:10)
      at update (node_modules/react-native/Libraries/Animated/nodes/AnimatedValue.js:64:31)
          at Set.forEach (<anonymous>)
      at forEach (node_modules/react-native/Libraries/Animated/nodes/AnimatedValue.js:64:10)
      at AnimatedValue.flushValue [as _updateValue] (node_modules/react-native/Libraries/Animated/nodes/AnimatedValue.js:358:7)
      at TimingAnimation._updateValue [as _onUpdate] (node_modules/react-native/Libraries/Animated/nodes/AnimatedValue.js:322:14)
      at TimingAnimation._onUpdate [as onUpdate] (node_modules/react-native/Libraries/Animated/animations/TimingAnimation.js:157:10)
      at onUpdate (node_modules/react-native/Libraries/Animated/animations/TimingAnimation.js:132:67)
      at Timeout.callback [as _onTimeout] (node_modules/react-native-worklets/src/runLoop/uiRuntime/mockedRequestAnimationFrame.ts:10:27)

    console.error
      An update to Animated(View) inside a test was not wrapped in act(...).

      When testing, code that causes React state updates should be wrapped into act(...):

      act(() => {
        /* fire events that update state */
      });
      /* assert on the output */

      This ensures that you're testing the behavior the user would see in the browser. Learn more at https://react.dev/link/wrap-tests-with-act

      at node_modules/react-test-renderer/cjs/react-test-renderer.development.js:14402:19
      at runWithFiberInDEV (node_modules/react-test-renderer/cjs/react-test-renderer.development.js:2315:13)
      at warnIfUpdatesNotWrappedWithActDEV (node_modules/react-test-renderer/cjs/react-test-renderer.development.js:14401:9)
      at scheduleUpdateOnFiber (node_modules/react-test-renderer/cjs/react-test-renderer.development.js:12086:9)
      at dispatchReducerAction (node_modules/react-test-renderer/cjs/react-test-renderer.development.js:6155:13)
      at Object.scheduleUpdate [as current] (node_modules/react-native/src/private/animated/createAnimatedPropsHook.js:121:20)
      at AnimatedProps.current [as _callback] (node_modules/react-native/src/private/animated/createAnimatedPropsHook.js:64:56)
      at AnimatedProps._callback [as update] (node_modules/react-native/Libraries/Animated/nodes/AnimatedProps.js:231:10)
      at update (node_modules/react-native/Libraries/Animated/nodes/AnimatedValue.js:64:31)
          at Set.forEach (<anonymous>)
      at forEach (node_modules/react-native/Libraries/Animated/nodes/AnimatedValue.js:64:10)
      at AnimatedValue.flushValue [as _updateValue] (node_modules/react-native/Libraries/Animated/nodes/AnimatedValue.js:358:7)
      at TimingAnimation._updateValue [as _onUpdate] (node_modules/react-native/Libraries/Animated/nodes/AnimatedValue.js:322:14)
      at TimingAnimation._onUpdate [as onUpdate] (node_modules/react-native/Libraries/Animated/animations/TimingAnimation.js:157:10)
      at onUpdate (node_modules/react-native/Libraries/Animated/animations/TimingAnimation.js:132:67)
      at Timeout.callback [as _onTimeout] (node_modules/react-native-worklets/src/runLoop/uiRuntime/mockedRequestAnimationFrame.ts:10:27)

    console.error
      An update to BottomDrawer inside a test was not wrapped in act(...).

      When testing, code that causes React state updates should be wrapped into act(...):

      act(() => {
        /* fire events that update state */
      });
      /* assert on the output */

      This ensures that you're testing the behavior the user would see in the browser. Learn more at https://react.dev/link/wrap-tests-with-act

      27 |
      28 |     void AccessibilityInfo.isReduceMotionEnabled().then((enabled) => {
    > 29 |       if (mounted) setReduceMotionEnabled(enabled);
         |                    ^
      30 |     });
      31 |     void AccessibilityInfo.isScreenReaderEnabled().then((enabled) => {
      32 |       if (mounted) setScreenReaderEnabled(enabled);

      at node_modules/react-test-renderer/cjs/react-test-renderer.development.js:14402:19
      at runWithFiberInDEV (node_modules/react-test-renderer/cjs/react-test-renderer.development.js:2315:13)
      at warnIfUpdatesNotWrappedWithActDEV (node_modules/react-test-renderer/cjs/react-test-renderer.development.js:14401:9)
      at scheduleUpdateOnFiber (node_modules/react-test-renderer/cjs/react-test-renderer.development.js:12086:9)
      at dispatchSetStateInternal (node_modules/react-test-renderer/cjs/react-test-renderer.development.js:6208:13)
      at dispatchSetState (node_modules/react-test-renderer/cjs/react-test-renderer.development.js:6165:7)
      at setReduceMotionEnabled (src/ui/hooks/useAccessibilityPreferences.ts:29:20)

    console.error
      An update to BottomDrawer inside a test was not wrapped in act(...).

      When testing, code that causes React state updates should be wrapped into act(...):

      act(() => {
        /* fire events that update state */
      });
      /* assert on the output */

      This ensures that you're testing the behavior the user would see in the browser. Learn more at https://react.dev/link/wrap-tests-with-act

      30 |     });
      31 |     void AccessibilityInfo.isScreenReaderEnabled().then((enabled) => {
    > 32 |       if (mounted) setScreenReaderEnabled(enabled);
         |                    ^
      33 |     });
      34 |
      35 |     const reduceMotionSubscription = AccessibilityInfo.addEventListener(

      at node_modules/react-test-renderer/cjs/react-test-renderer.development.js:14402:19
      at runWithFiberInDEV (node_modules/react-test-renderer/cjs/react-test-renderer.development.js:2315:13)
      at warnIfUpdatesNotWrappedWithActDEV (node_modules/react-test-renderer/cjs/react-test-renderer.development.js:14401:9)
      at scheduleUpdateOnFiber (node_modules/react-test-renderer/cjs/react-test-renderer.development.js:12086:9)
      at dispatchSetStateInternal (node_modules/react-test-renderer/cjs/react-test-renderer.development.js:6208:13)
      at dispatchSetState (node_modules/react-test-renderer/cjs/react-test-renderer.development.js:6165:7)
      at setScreenReaderEnabled (src/ui/hooks/useAccessibilityPreferences.ts:32:20)

    console.error
      An update to Animated(View) inside a test was not wrapped in act(...).

      When testing, code that causes React state updates should be wrapped into act(...):

      act(() => {
        /* fire events that update state */
      });
      /* assert on the output */

      This ensures that you're testing the behavior the user would see in the browser. Learn more at https://react.dev/link/wrap-tests-with-act

      at node_modules/react-test-renderer/cjs/react-test-renderer.development.js:14402:19
      at runWithFiberInDEV (node_modules/react-test-renderer/cjs/react-test-renderer.development.js:2315:13)
      at warnIfUpdatesNotWrappedWithActDEV (node_modules/react-test-renderer/cjs/react-test-renderer.development.js:14401:9)
      at scheduleUpdateOnFiber (node_modules/react-test-renderer/cjs/react-test-renderer.development.js:12086:9)
      at dispatchReducerAction (node_modules/react-test-renderer/cjs/react-test-renderer.development.js:6155:13)
      at Object.scheduleUpdate [as current] (node_modules/react-native/src/private/animated/createAnimatedPropsHook.js:121:20)
      at AnimatedProps.current [as _callback] (node_modules/react-native/src/private/animated/createAnimatedPropsHook.js:64:56)
      at AnimatedProps._callback [as update] (node_modules/react-native/Libraries/Animated/nodes/AnimatedProps.js:231:10)
      at update (node_modules/react-native/Libraries/Animated/nodes/AnimatedValue.js:64:31)
          at Set.forEach (<anonymous>)
      at forEach (node_modules/react-native/Libraries/Animated/nodes/AnimatedValue.js:64:10)
      at AnimatedValue.flushValue [as _updateValue] (node_modules/react-native/Libraries/Animated/nodes/AnimatedValue.js:358:7)
      at TimingAnimation._updateValue [as _onUpdate] (node_modules/react-native/Libraries/Animated/nodes/AnimatedValue.js:322:14)
      at TimingAnimation._onUpdate [as onUpdate] (node_modules/react-native/Libraries/Animated/animations/TimingAnimation.js:157:10)
      at onUpdate (node_modules/react-native/Libraries/Animated/animations/TimingAnimation.js:132:67)
      at Timeout.callback [as _onTimeout] (node_modules/react-native-worklets/src/runLoop/uiRuntime/mockedRequestAnimationFrame.ts:10:27)

    console.error
      An update to Animated(View) inside a test was not wrapped in act(...).

      When testing, code that causes React state updates should be wrapped into act(...):

      act(() => {
        /* fire events that update state */
      });
      /* assert on the output */

      This ensures that you're testing the behavior the user would see in the browser. Learn more at https://react.dev/link/wrap-tests-with-act

      at node_modules/react-test-renderer/cjs/react-test-renderer.development.js:14402:19
      at runWithFiberInDEV (node_modules/react-test-renderer/cjs/react-test-renderer.development.js:2315:13)
      at warnIfUpdatesNotWrappedWithActDEV (node_modules/react-test-renderer/cjs/react-test-renderer.development.js:14401:9)
      at scheduleUpdateOnFiber (node_modules/react-test-renderer/cjs/react-test-renderer.development.js:12086:9)
      at dispatchReducerAction (node_modules/react-test-renderer/cjs/react-test-renderer.development.js:6155:13)
      at Object.scheduleUpdate [as current] (node_modules/react-native/src/private/animated/createAnimatedPropsHook.js:121:20)
      at AnimatedProps.current [as _callback] (node_modules/react-native/src/private/animated/createAnimatedPropsHook.js:64:56)
      at AnimatedProps._callback [as update] (node_modules/react-native/Libraries/Animated/nodes/AnimatedProps.js:231:10)
      at update (node_modules/react-native/Libraries/Animated/nodes/AnimatedValue.js:64:31)
          at Set.forEach (<anonymous>)
      at forEach (node_modules/react-native/Libraries/Animated/nodes/AnimatedValue.js:64:10)
      at AnimatedValue.flushValue [as _updateValue] (node_modules/react-native/Libraries/Animated/nodes/AnimatedValue.js:358:7)
      at TimingAnimation._updateValue [as _onUpdate] (node_modules/react-native/Libraries/Animated/nodes/AnimatedValue.js:322:14)
      at TimingAnimation._onUpdate [as onUpdate] (node_modules/react-native/Libraries/Animated/animations/TimingAnimation.js:157:10)
      at onUpdate (node_modules/react-native/Libraries/Animated/animations/TimingAnimation.js:132:67)
      at Timeout.callback [as _onTimeout] (node_modules/react-native-worklets/src/runLoop/uiRuntime/mockedRequestAnimationFrame.ts:10:27)

    console.error
      An update to Animated(View) inside a test was not wrapped in act(...).

      When testing, code that causes React state updates should be wrapped into act(...):

      act(() => {
        /* fire events that update state */
      });
      /* assert on the output */

      This ensures that you're testing the behavior the user would see in the browser. Learn more at https://react.dev/link/wrap-tests-with-act

      at node_modules/react-test-renderer/cjs/react-test-renderer.development.js:14402:19
      at runWithFiberInDEV (node_modules/react-test-renderer/cjs/react-test-renderer.development.js:2315:13)
      at warnIfUpdatesNotWrappedWithActDEV (node_modules/react-test-renderer/cjs/react-test-renderer.development.js:14401:9)
      at scheduleUpdateOnFiber (node_modules/react-test-renderer/cjs/react-test-renderer.development.js:12086:9)
      at dispatchReducerAction (node_modules/react-test-renderer/cjs/react-test-renderer.development.js:6155:13)
      at Object.scheduleUpdate [as current] (node_modules/react-native/src/private/animated/createAnimatedPropsHook.js:121:20)
      at AnimatedProps.current [as _callback] (node_modules/react-native/src/private/animated/createAnimatedPropsHook.js:64:56)
      at AnimatedProps._callback [as update] (node_modules/react-native/Libraries/Animated/nodes/AnimatedProps.js:231:10)
      at update (node_modules/react-native/Libraries/Animated/nodes/AnimatedValue.js:64:31)
          at Set.forEach (<anonymous>)
      at forEach (node_modules/react-native/Libraries/Animated/nodes/AnimatedValue.js:64:10)
      at AnimatedValue.flushValue [as _updateValue] (node_modules/react-native/Libraries/Animated/nodes/AnimatedValue.js:358:7)
      at TimingAnimation._updateValue [as _onUpdate] (node_modules/react-native/Libraries/Animated/nodes/AnimatedValue.js:322:14)
      at TimingAnimation._onUpdate [as onUpdate] (node_modules/react-native/Libraries/Animated/animations/TimingAnimation.js:157:10)
      at onUpdate (node_modules/react-native/Libraries/Animated/animations/TimingAnimation.js:132:67)
      at Timeout.callback [as _onTimeout] (node_modules/react-native-worklets/src/runLoop/uiRuntime/mockedRequestAnimationFrame.ts:10:27)

    console.error
      An update to Animated(View) inside a test was not wrapped in act(...).

      When testing, code that causes React state updates should be wrapped into act(...):

      act(() => {
        /* fire events that update state */
      });
      /* assert on the output */

      This ensures that you're testing the behavior the user would see in the browser. Learn more at https://react.dev/link/wrap-tests-with-act

      at node_modules/react-test-renderer/cjs/react-test-renderer.development.js:14402:19
      at runWithFiberInDEV (node_modules/react-test-renderer/cjs/react-test-renderer.development.js:2315:13)
      at warnIfUpdatesNotWrappedWithActDEV (node_modules/react-test-renderer/cjs/react-test-renderer.development.js:14401:9)
      at scheduleUpdateOnFiber (node_modules/react-test-renderer/cjs/react-test-renderer.development.js:12086:9)
      at dispatchReducerAction (node_modules/react-test-renderer/cjs/react-test-renderer.development.js:6155:13)
      at Object.scheduleUpdate [as current] (node_modules/react-native/src/private/animated/createAnimatedPropsHook.js:121:20)
      at AnimatedProps.current [as _callback] (node_modules/react-native/src/private/animated/createAnimatedPropsHook.js:64:56)
      at AnimatedProps._callback [as update] (node_modules/react-native/Libraries/Animated/nodes/AnimatedProps.js:231:10)
      at update (node_modules/react-native/Libraries/Animated/nodes/AnimatedValue.js:64:31)
          at Set.forEach (<anonymous>)
      at forEach (node_modules/react-native/Libraries/Animated/nodes/AnimatedValue.js:64:10)
      at AnimatedValue.flushValue [as _updateValue] (node_modules/react-native/Libraries/Animated/nodes/AnimatedValue.js:358:7)
      at TimingAnimation._updateValue [as _onUpdate] (node_modules/react-native/Libraries/Animated/nodes/AnimatedValue.js:322:14)
      at TimingAnimation._onUpdate [as onUpdate] (node_modules/react-native/Libraries/Animated/animations/TimingAnimation.js:157:10)
      at onUpdate (node_modules/react-native/Libraries/Animated/animations/TimingAnimation.js:132:67)
      at Timeout.callback [as _onTimeout] (node_modules/react-native-worklets/src/runLoop/uiRuntime/mockedRequestAnimationFrame.ts:10:27)

    console.error
      An update to BottomDrawer inside a test was not wrapped in act(...).

      When testing, code that causes React state updates should be wrapped into act(...):

      act(() => {
        /* fire events that update state */
      });
      /* assert on the output */

      This ensures that you're testing the behavior the user would see in the browser. Learn more at https://react.dev/link/wrap-tests-with-act

      27 |
      28 |     void AccessibilityInfo.isReduceMotionEnabled().then((enabled) => {
    > 29 |       if (mounted) setReduceMotionEnabled(enabled);
         |                    ^
      30 |     });
      31 |     void AccessibilityInfo.isScreenReaderEnabled().then((enabled) => {
      32 |       if (mounted) setScreenReaderEnabled(enabled);

      at node_modules/react-test-renderer/cjs/react-test-renderer.development.js:14402:19
      at runWithFiberInDEV (node_modules/react-test-renderer/cjs/react-test-renderer.development.js:2315:13)
      at warnIfUpdatesNotWrappedWithActDEV (node_modules/react-test-renderer/cjs/react-test-renderer.development.js:14401:9)
      at scheduleUpdateOnFiber (node_modules/react-test-renderer/cjs/react-test-renderer.development.js:12086:9)
      at dispatchSetStateInternal (node_modules/react-test-renderer/cjs/react-test-renderer.development.js:6208:13)
      at dispatchSetState (node_modules/react-test-renderer/cjs/react-test-renderer.development.js:6165:7)
      at setReduceMotionEnabled (src/ui/hooks/useAccessibilityPreferences.ts:29:20)

    console.error
      An update to BottomDrawer inside a test was not wrapped in act(...).

      When testing, code that causes React state updates should be wrapped into act(...):

      act(() => {
        /* fire events that update state */
      });
      /* assert on the output */

      This ensures that you're testing the behavior the user would see in the browser. Learn more at https://react.dev/link/wrap-tests-with-act

      30 |     });
      31 |     void AccessibilityInfo.isScreenReaderEnabled().then((enabled) => {
    > 32 |       if (mounted) setScreenReaderEnabled(enabled);
         |                    ^
      33 |     });
      34 |
      35 |     const reduceMotionSubscription = AccessibilityInfo.addEventListener(

      at node_modules/react-test-renderer/cjs/react-test-renderer.development.js:14402:19
      at runWithFiberInDEV (node_modules/react-test-renderer/cjs/react-test-renderer.development.js:2315:13)
      at warnIfUpdatesNotWrappedWithActDEV (node_modules/react-test-renderer/cjs/react-test-renderer.development.js:14401:9)
      at scheduleUpdateOnFiber (node_modules/react-test-renderer/cjs/react-test-renderer.development.js:12086:9)
      at dispatchSetStateInternal (node_modules/react-test-renderer/cjs/react-test-renderer.development.js:6208:13)
      at dispatchSetState (node_modules/react-test-renderer/cjs/react-test-renderer.development.js:6165:7)
      at setScreenReaderEnabled (src/ui/hooks/useAccessibilityPreferences.ts:32:20)

    console.error
      An update to Animated(View) inside a test was not wrapped in act(...).

      When testing, code that causes React state updates should be wrapped into act(...):

      act(() => {
        /* fire events that update state */
      });
      /* assert on the output */

      This ensures that you're testing the behavior the user would see in the browser. Learn more at https://react.dev/link/wrap-tests-with-act

      at node_modules/react-test-renderer/cjs/react-test-renderer.development.js:14402:19
      at runWithFiberInDEV (node_modules/react-test-renderer/cjs/react-test-renderer.development.js:2315:13)
      at warnIfUpdatesNotWrappedWithActDEV (node_modules/react-test-renderer/cjs/react-test-renderer.development.js:14401:9)
      at scheduleUpdateOnFiber (node_modules/react-test-renderer/cjs/react-test-renderer.development.js:12086:9)
      at dispatchReducerAction (node_modules/react-test-renderer/cjs/react-test-renderer.development.js:6155:13)
      at Object.scheduleUpdate [as current] (node_modules/react-native/src/private/animated/createAnimatedPropsHook.js:121:20)
      at AnimatedProps.current [as _callback] (node_modules/react-native/src/private/animated/createAnimatedPropsHook.js:64:56)
      at AnimatedProps._callback [as update] (node_modules/react-native/Libraries/Animated/nodes/AnimatedProps.js:231:10)
      at update (node_modules/react-native/Libraries/Animated/nodes/AnimatedValue.js:64:31)
          at Set.forEach (<anonymous>)
      at forEach (node_modules/react-native/Libraries/Animated/nodes/AnimatedValue.js:64:10)
      at AnimatedValue.flushValue [as _updateValue] (node_modules/react-native/Libraries/Animated/nodes/AnimatedValue.js:358:7)
      at TimingAnimation._updateValue [as _onUpdate] (node_modules/react-native/Libraries/Animated/nodes/AnimatedValue.js:322:14)
      at TimingAnimation._onUpdate [as onUpdate] (node_modules/react-native/Libraries/Animated/animations/TimingAnimation.js:157:10)
      at onUpdate (node_modules/react-native/Libraries/Animated/animations/TimingAnimation.js:132:67)
      at Timeout.callback [as _onTimeout] (node_modules/react-native-worklets/src/runLoop/uiRuntime/mockedRequestAnimationFrame.ts:10:27)

    console.error
      An update to Animated(View) inside a test was not wrapped in act(...).

      When testing, code that causes React state updates should be wrapped into act(...):

      act(() => {
        /* fire events that update state */
      });
      /* assert on the output */

      This ensures that you're testing the behavior the user would see in the browser. Learn more at https://react.dev/link/wrap-tests-with-act

      at node_modules/react-test-renderer/cjs/react-test-renderer.development.js:14402:19
      at runWithFiberInDEV (node_modules/react-test-renderer/cjs/react-test-renderer.development.js:2315:13)
      at warnIfUpdatesNotWrappedWithActDEV (node_modules/react-test-renderer/cjs/react-test-renderer.development.js:14401:9)
      at scheduleUpdateOnFiber (node_modules/react-test-renderer/cjs/react-test-renderer.development.js:12086:9)
      at dispatchReducerAction (node_modules/react-test-renderer/cjs/react-test-renderer.development.js:6155:13)
      at Object.scheduleUpdate [as current] (node_modules/react-native/src/private/animated/createAnimatedPropsHook.js:121:20)
      at AnimatedProps.current [as _callback] (node_modules/react-native/src/private/animated/createAnimatedPropsHook.js:64:56)
      at AnimatedProps._callback [as update] (node_modules/react-native/Libraries/Animated/nodes/AnimatedProps.js:231:10)
      at update (node_modules/react-native/Libraries/Animated/nodes/AnimatedValue.js:64:31)
          at Set.forEach (<anonymous>)
      at forEach (node_modules/react-native/Libraries/Animated/nodes/AnimatedValue.js:64:10)
      at AnimatedValue.flushValue [as _updateValue] (node_modules/react-native/Libraries/Animated/nodes/AnimatedValue.js:358:7)
      at TimingAnimation._updateValue [as _onUpdate] (node_modules/react-native/Libraries/Animated/nodes/AnimatedValue.js:322:14)
      at TimingAnimation._onUpdate [as onUpdate] (node_modules/react-native/Libraries/Animated/animations/TimingAnimation.js:157:10)
      at onUpdate (node_modules/react-native/Libraries/Animated/animations/TimingAnimation.js:132:67)
      at Timeout.callback [as _onTimeout] (node_modules/react-native-worklets/src/runLoop/uiRuntime/mockedRequestAnimationFrame.ts:10:27)

    console.error
      An update to Animated(View) inside a test was not wrapped in act(...).

      When testing, code that causes React state updates should be wrapped into act(...):

      act(() => {
        /* fire events that update state */
      });
      /* assert on the output */

      This ensures that you're testing the behavior the user would see in the browser. Learn more at https://react.dev/link/wrap-tests-with-act

      at node_modules/react-test-renderer/cjs/react-test-renderer.development.js:14402:19
      at runWithFiberInDEV (node_modules/react-test-renderer/cjs/react-test-renderer.development.js:2315:13)
      at warnIfUpdatesNotWrappedWithActDEV (node_modules/react-test-renderer/cjs/react-test-renderer.development.js:14401:9)
      at scheduleUpdateOnFiber (node_modules/react-test-renderer/cjs/react-test-renderer.development.js:12086:9)
      at dispatchReducerAction (node_modules/react-test-renderer/cjs/react-test-renderer.development.js:6155:13)
      at Object.scheduleUpdate [as current] (node_modules/react-native/src/private/animated/createAnimatedPropsHook.js:121:20)
      at AnimatedProps.current [as _callback] (node_modules/react-native/src/private/animated/createAnimatedPropsHook.js:64:56)
      at AnimatedProps._callback [as update] (node_modules/react-native/Libraries/Animated/nodes/AnimatedProps.js:231:10)
      at update (node_modules/react-native/Libraries/Animated/nodes/AnimatedValue.js:64:31)
          at Set.forEach (<anonymous>)
      at forEach (node_modules/react-native/Libraries/Animated/nodes/AnimatedValue.js:64:10)
      at AnimatedValue.flushValue [as _updateValue] (node_modules/react-native/Libraries/Animated/nodes/AnimatedValue.js:358:7)
      at TimingAnimation._updateValue [as _onUpdate] (node_modules/react-native/Libraries/Animated/nodes/AnimatedValue.js:322:14)
      at TimingAnimation._onUpdate [as onUpdate] (node_modules/react-native/Libraries/Animated/animations/TimingAnimation.js:157:10)
      at onUpdate (node_modules/react-native/Libraries/Animated/animations/TimingAnimation.js:132:67)
      at Timeout.callback [as _onTimeout] (node_modules/react-native-worklets/src/runLoop/uiRuntime/mockedRequestAnimationFrame.ts:10:27)

    console.error
      An update to Animated(View) inside a test was not wrapped in act(...).

      When testing, code that causes React state updates should be wrapped into act(...):

      act(() => {
        /* fire events that update state */
      });
      /* assert on the output */

      This ensures that you're testing the behavior the user would see in the browser. Learn more at https://react.dev/link/wrap-tests-with-act

      at node_modules/react-test-renderer/cjs/react-test-renderer.development.js:14402:19
      at runWithFiberInDEV (node_modules/react-test-renderer/cjs/react-test-renderer.development.js:2315:13)
      at warnIfUpdatesNotWrappedWithActDEV (node_modules/react-test-renderer/cjs/react-test-renderer.development.js:14401:9)
      at scheduleUpdateOnFiber (node_modules/react-test-renderer/cjs/react-test-renderer.development.js:12086:9)
      at dispatchReducerAction (node_modules/react-test-renderer/cjs/react-test-renderer.development.js:6155:13)
      at Object.scheduleUpdate [as current] (node_modules/react-native/src/private/animated/createAnimatedPropsHook.js:121:20)
      at AnimatedProps.current [as _callback] (node_modules/react-native/src/private/animated/createAnimatedPropsHook.js:64:56)
      at AnimatedProps._callback [as update] (node_modules/react-native/Libraries/Animated/nodes/AnimatedProps.js:231:10)
      at update (node_modules/react-native/Libraries/Animated/nodes/AnimatedValue.js:64:31)
          at Set.forEach (<anonymous>)
      at forEach (node_modules/react-native/Libraries/Animated/nodes/AnimatedValue.js:64:10)
      at AnimatedValue.flushValue [as _updateValue] (node_modules/react-native/Libraries/Animated/nodes/AnimatedValue.js:358:7)
      at TimingAnimation._updateValue [as _onUpdate] (node_modules/react-native/Libraries/Animated/nodes/AnimatedValue.js:322:14)
      at TimingAnimation._onUpdate [as onUpdate] (node_modules/react-native/Libraries/Animated/animations/TimingAnimation.js:157:10)
      at onUpdate (node_modules/react-native/Libraries/Animated/animations/TimingAnimation.js:132:67)
      at Timeout.callback [as _onTimeout] (node_modules/react-native-worklets/src/runLoop/uiRuntime/mockedRequestAnimationFrame.ts:10:27)

    console.error
      An update to Animated(View) inside a test was not wrapped in act(...).

      When testing, code that causes React state updates should be wrapped into act(...):

      act(() => {
        /* fire events that update state */
      });
      /* assert on the output */

      This ensures that you're testing the behavior the user would see in the browser. Learn more at https://react.dev/link/wrap-tests-with-act

      at node_modules/react-test-renderer/cjs/react-test-renderer.development.js:14402:19
      at runWithFiberInDEV (node_modules/react-test-renderer/cjs/react-test-renderer.development.js:2315:13)
      at warnIfUpdatesNotWrappedWithActDEV (node_modules/react-test-renderer/cjs/react-test-renderer.development.js:14401:9)
      at scheduleUpdateOnFiber (node_modules/react-test-renderer/cjs/react-test-renderer.development.js:12086:9)
      at dispatchReducerAction (node_modules/react-test-renderer/cjs/react-test-renderer.development.js:6155:13)
      at Object.scheduleUpdate [as current] (node_modules/react-native/src/private/animated/createAnimatedPropsHook.js:121:20)
      at AnimatedProps.current [as _callback] (node_modules/react-native/src/private/animated/createAnimatedPropsHook.js:64:56)
      at AnimatedProps._callback [as update] (node_modules/react-native/Libraries/Animated/nodes/AnimatedProps.js:231:10)
      at update (node_modules/react-native/Libraries/Animated/nodes/AnimatedValue.js:64:31)
          at Set.forEach (<anonymous>)
      at forEach (node_modules/react-native/Libraries/Animated/nodes/AnimatedValue.js:64:10)
      at AnimatedValue.flushValue [as _updateValue] (node_modules/react-native/Libraries/Animated/nodes/AnimatedValue.js:358:7)
      at TimingAnimation._updateValue [as _onUpdate] (node_modules/react-native/Libraries/Animated/nodes/AnimatedValue.js:322:14)
      at TimingAnimation._onUpdate [as onUpdate] (node_modules/react-native/Libraries/Animated/animations/TimingAnimation.js:157:10)
      at onUpdate (node_modules/react-native/Libraries/Animated/animations/TimingAnimation.js:132:67)
      at Timeout.callback [as _onTimeout] (node_modules/react-native-worklets/src/runLoop/uiRuntime/mockedRequestAnimationFrame.ts:10:27)

    console.error
      An update to Animated(View) inside a test was not wrapped in act(...).

      When testing, code that causes React state updates should be wrapped into act(...):

      act(() => {
        /* fire events that update state */
      });
      /* assert on the output */

      This ensures that you're testing the behavior the user would see in the browser. Learn more at https://react.dev/link/wrap-tests-with-act

      at node_modules/react-test-renderer/cjs/react-test-renderer.development.js:14402:19
      at runWithFiberInDEV (node_modules/react-test-renderer/cjs/react-test-renderer.development.js:2315:13)
      at warnIfUpdatesNotWrappedWithActDEV (node_modules/react-test-renderer/cjs/react-test-renderer.development.js:14401:9)
      at scheduleUpdateOnFiber (node_modules/react-test-renderer/cjs/react-test-renderer.development.js:12086:9)
      at dispatchReducerAction (node_modules/react-test-renderer/cjs/react-test-renderer.development.js:6155:13)
      at Object.scheduleUpdate [as current] (node_modules/react-native/src/private/animated/createAnimatedPropsHook.js:121:20)
      at AnimatedProps.current [as _callback] (node_modules/react-native/src/private/animated/createAnimatedPropsHook.js:64:56)
      at AnimatedProps._callback [as update] (node_modules/react-native/Libraries/Animated/nodes/AnimatedProps.js:231:10)
      at update (node_modules/react-native/Libraries/Animated/nodes/AnimatedValue.js:64:31)
          at Set.forEach (<anonymous>)
      at forEach (node_modules/react-native/Libraries/Animated/nodes/AnimatedValue.js:64:10)
      at AnimatedValue.flushValue [as _updateValue] (node_modules/react-native/Libraries/Animated/nodes/AnimatedValue.js:358:7)
      at TimingAnimation._updateValue [as _onUpdate] (node_modules/react-native/Libraries/Animated/nodes/AnimatedValue.js:322:14)
      at TimingAnimation._onUpdate [as onUpdate] (node_modules/react-native/Libraries/Animated/animations/TimingAnimation.js:157:10)
      at onUpdate (node_modules/react-native/Libraries/Animated/animations/TimingAnimation.js:132:67)
      at Timeout.callback [as _onTimeout] (node_modules/react-native-worklets/src/runLoop/uiRuntime/mockedRequestAnimationFrame.ts:10:27)

    console.error
      An update to Animated(View) inside a test was not wrapped in act(...).

      When testing, code that causes React state updates should be wrapped into act(...):

      act(() => {
        /* fire events that update state */
      });
      /* assert on the output */

      This ensures that you're testing the behavior the user would see in the browser. Learn more at https://react.dev/link/wrap-tests-with-act

      at node_modules/react-test-renderer/cjs/react-test-renderer.development.js:14402:19
      at runWithFiberInDEV (node_modules/react-test-renderer/cjs/react-test-renderer.development.js:2315:13)
      at warnIfUpdatesNotWrappedWithActDEV (node_modules/react-test-renderer/cjs/react-test-renderer.development.js:14401:9)
      at scheduleUpdateOnFiber (node_modules/react-test-renderer/cjs/react-test-renderer.development.js:12086:9)
      at dispatchReducerAction (node_modules/react-test-renderer/cjs/react-test-renderer.development.js:6155:13)
      at Object.scheduleUpdate [as current] (node_modules/react-native/src/private/animated/createAnimatedPropsHook.js:121:20)
      at AnimatedProps.current [as _callback] (node_modules/react-native/src/private/animated/createAnimatedPropsHook.js:64:56)
      at AnimatedProps._callback [as update] (node_modules/react-native/Libraries/Animated/nodes/AnimatedProps.js:231:10)
      at update (node_modules/react-native/Libraries/Animated/nodes/AnimatedValue.js:64:31)
          at Set.forEach (<anonymous>)
      at forEach (node_modules/react-native/Libraries/Animated/nodes/AnimatedValue.js:64:10)
      at AnimatedValue.flushValue [as _updateValue] (node_modules/react-native/Libraries/Animated/nodes/AnimatedValue.js:358:7)
      at TimingAnimation._updateValue [as _onUpdate] (node_modules/react-native/Libraries/Animated/nodes/AnimatedValue.js:322:14)
      at TimingAnimation._onUpdate [as onUpdate] (node_modules/react-native/Libraries/Animated/animations/TimingAnimation.js:157:10)
      at onUpdate (node_modules/react-native/Libraries/Animated/animations/TimingAnimation.js:132:67)
      at Timeout.callback [as _onTimeout] (node_modules/react-native-worklets/src/runLoop/uiRuntime/mockedRequestAnimationFrame.ts:10:27)

    console.error
      An update to Animated(View) inside a test was not wrapped in act(...).

      When testing, code that causes React state updates should be wrapped into act(...):

      act(() => {
        /* fire events that update state */
      });
      /* assert on the output */

      This ensures that you're testing the behavior the user would see in the browser. Learn more at https://react.dev/link/wrap-tests-with-act

      at node_modules/react-test-renderer/cjs/react-test-renderer.development.js:14402:19
      at runWithFiberInDEV (node_modules/react-test-renderer/cjs/react-test-renderer.development.js:2315:13)
      at warnIfUpdatesNotWrappedWithActDEV (node_modules/react-test-renderer/cjs/react-test-renderer.development.js:14401:9)
      at scheduleUpdateOnFiber (node_modules/react-test-renderer/cjs/react-test-renderer.development.js:12086:9)
      at dispatchReducerAction (node_modules/react-test-renderer/cjs/react-test-renderer.development.js:6155:13)
      at Object.scheduleUpdate [as current] (node_modules/react-native/src/private/animated/createAnimatedPropsHook.js:121:20)
      at AnimatedProps.current [as _callback] (node_modules/react-native/src/private/animated/createAnimatedPropsHook.js:64:56)
      at AnimatedProps._callback [as update] (node_modules/react-native/Libraries/Animated/nodes/AnimatedProps.js:231:10)
      at update (node_modules/react-native/Libraries/Animated/nodes/AnimatedValue.js:64:31)
          at Set.forEach (<anonymous>)
      at forEach (node_modules/react-native/Libraries/Animated/nodes/AnimatedValue.js:64:10)
      at AnimatedValue.flushValue [as _updateValue] (node_modules/react-native/Libraries/Animated/nodes/AnimatedValue.js:358:7)
      at TimingAnimation._updateValue [as _onUpdate] (node_modules/react-native/Libraries/Animated/nodes/AnimatedValue.js:322:14)
      at TimingAnimation._onUpdate [as onUpdate] (node_modules/react-native/Libraries/Animated/animations/TimingAnimation.js:157:10)
      at onUpdate (node_modules/react-native/Libraries/Animated/animations/TimingAnimation.js:132:67)
      at Timeout.callback [as _onTimeout] (node_modules/react-native-worklets/src/runLoop/uiRuntime/mockedRequestAnimationFrame.ts:10:27)

    console.error
      An update to Animated(View) inside a test was not wrapped in act(...).

      When testing, code that causes React state updates should be wrapped into act(...):

      act(() => {
        /* fire events that update state */
      });
      /* assert on the output */

      This ensures that you're testing the behavior the user would see in the browser. Learn more at https://react.dev/link/wrap-tests-with-act

      at node_modules/react-test-renderer/cjs/react-test-renderer.development.js:14402:19
      at runWithFiberInDEV (node_modules/react-test-renderer/cjs/react-test-renderer.development.js:2315:13)
      at warnIfUpdatesNotWrappedWithActDEV (node_modules/react-test-renderer/cjs/react-test-renderer.development.js:14401:9)
      at scheduleUpdateOnFiber (node_modules/react-test-renderer/cjs/react-test-renderer.development.js:12086:9)
      at dispatchReducerAction (node_modules/react-test-renderer/cjs/react-test-renderer.development.js:6155:13)
      at Object.scheduleUpdate [as current] (node_modules/react-native/src/private/animated/createAnimatedPropsHook.js:121:20)
      at AnimatedProps.current [as _callback] (node_modules/react-native/src/private/animated/createAnimatedPropsHook.js:64:56)
      at AnimatedProps._callback [as update] (node_modules/react-native/Libraries/Animated/nodes/AnimatedProps.js:231:10)
      at update (node_modules/react-native/Libraries/Animated/nodes/AnimatedValue.js:64:31)
          at Set.forEach (<anonymous>)
      at forEach (node_modules/react-native/Libraries/Animated/nodes/AnimatedValue.js:64:10)
      at AnimatedValue.flushValue [as _updateValue] (node_modules/react-native/Libraries/Animated/nodes/AnimatedValue.js:358:7)
      at TimingAnimation._updateValue [as _onUpdate] (node_modules/react-native/Libraries/Animated/nodes/AnimatedValue.js:322:14)
      at TimingAnimation._onUpdate [as onUpdate] (node_modules/react-native/Libraries/Animated/animations/TimingAnimation.js:157:10)
      at onUpdate (node_modules/react-native/Libraries/Animated/animations/TimingAnimation.js:132:67)
      at Timeout.callback [as _onTimeout] (node_modules/react-native-worklets/src/runLoop/uiRuntime/mockedRequestAnimationFrame.ts:10:27)

    console.error
      An update to Animated(View) inside a test was not wrapped in act(...).

      When testing, code that causes React state updates should be wrapped into act(...):

      act(() => {
        /* fire events that update state */
      });
      /* assert on the output */

      This ensures that you're testing the behavior the user would see in the browser. Learn more at https://react.dev/link/wrap-tests-with-act

      at node_modules/react-test-renderer/cjs/react-test-renderer.development.js:14402:19
      at runWithFiberInDEV (node_modules/react-test-renderer/cjs/react-test-renderer.development.js:2315:13)
      at warnIfUpdatesNotWrappedWithActDEV (node_modules/react-test-renderer/cjs/react-test-renderer.development.js:14401:9)
      at scheduleUpdateOnFiber (node_modules/react-test-renderer/cjs/react-test-renderer.development.js:12086:9)
      at dispatchReducerAction (node_modules/react-test-renderer/cjs/react-test-renderer.development.js:6155:13)
      at Object.scheduleUpdate [as current] (node_modules/react-native/src/private/animated/createAnimatedPropsHook.js:121:20)
      at AnimatedProps.current [as _callback] (node_modules/react-native/src/private/animated/createAnimatedPropsHook.js:64:56)
      at AnimatedProps._callback [as update] (node_modules/react-native/Libraries/Animated/nodes/AnimatedProps.js:231:10)
      at update (node_modules/react-native/Libraries/Animated/nodes/AnimatedValue.js:64:31)
          at Set.forEach (<anonymous>)
      at forEach (node_modules/react-native/Libraries/Animated/nodes/AnimatedValue.js:64:10)
      at AnimatedValue.flushValue [as _updateValue] (node_modules/react-native/Libraries/Animated/nodes/AnimatedValue.js:358:7)
      at TimingAnimation._updateValue [as _onUpdate] (node_modules/react-native/Libraries/Animated/nodes/AnimatedValue.js:322:14)
      at TimingAnimation._onUpdate [as onUpdate] (node_modules/react-native/Libraries/Animated/animations/TimingAnimation.js:157:10)
      at onUpdate (node_modules/react-native/Libraries/Animated/animations/TimingAnimation.js:132:67)
      at Timeout.callback [as _onTimeout] (node_modules/react-native-worklets/src/runLoop/uiRuntime/mockedRequestAnimationFrame.ts:10:27)

    console.error
      An update to Animated(View) inside a test was not wrapped in act(...).

      When testing, code that causes React state updates should be wrapped into act(...):

      act(() => {
        /* fire events that update state */
      });
      /* assert on the output */

      This ensures that you're testing the behavior the user would see in the browser. Learn more at https://react.dev/link/wrap-tests-with-act

      at node_modules/react-test-renderer/cjs/react-test-renderer.development.js:14402:19
      at runWithFiberInDEV (node_modules/react-test-renderer/cjs/react-test-renderer.development.js:2315:13)
      at warnIfUpdatesNotWrappedWithActDEV (node_modules/react-test-renderer/cjs/react-test-renderer.development.js:14401:9)
      at scheduleUpdateOnFiber (node_modules/react-test-renderer/cjs/react-test-renderer.development.js:12086:9)
      at dispatchReducerAction (node_modules/react-test-renderer/cjs/react-test-renderer.development.js:6155:13)
      at Object.scheduleUpdate [as current] (node_modules/react-native/src/private/animated/createAnimatedPropsHook.js:121:20)
      at AnimatedProps.current [as _callback] (node_modules/react-native/src/private/animated/createAnimatedPropsHook.js:64:56)
      at AnimatedProps._callback [as update] (node_modules/react-native/Libraries/Animated/nodes/AnimatedProps.js:231:10)
      at update (node_modules/react-native/Libraries/Animated/nodes/AnimatedValue.js:64:31)
          at Set.forEach (<anonymous>)
      at forEach (node_modules/react-native/Libraries/Animated/nodes/AnimatedValue.js:64:10)
      at AnimatedValue.flushValue [as _updateValue] (node_modules/react-native/Libraries/Animated/nodes/AnimatedValue.js:358:7)
      at TimingAnimation._updateValue [as _onUpdate] (node_modules/react-native/Libraries/Animated/nodes/AnimatedValue.js:322:14)
      at TimingAnimation._onUpdate [as onUpdate] (node_modules/react-native/Libraries/Animated/animations/TimingAnimation.js:157:10)
      at onUpdate (node_modules/react-native/Libraries/Animated/animations/TimingAnimation.js:132:67)
      at Timeout.callback [as _onTimeout] (node_modules/react-native-worklets/src/runLoop/uiRuntime/mockedRequestAnimationFrame.ts:10:27)

    console.error
      An update to Animated(View) inside a test was not wrapped in act(...).

      When testing, code that causes React state updates should be wrapped into act(...):

      act(() => {
        /* fire events that update state */
      });
      /* assert on the output */

      This ensures that you're testing the behavior the user would see in the browser. Learn more at https://react.dev/link/wrap-tests-with-act

      at node_modules/react-test-renderer/cjs/react-test-renderer.development.js:14402:19
      at runWithFiberInDEV (node_modules/react-test-renderer/cjs/react-test-renderer.development.js:2315:13)
      at warnIfUpdatesNotWrappedWithActDEV (node_modules/react-test-renderer/cjs/react-test-renderer.development.js:14401:9)
      at scheduleUpdateOnFiber (node_modules/react-test-renderer/cjs/react-test-renderer.development.js:12086:9)
      at dispatchReducerAction (node_modules/react-test-renderer/cjs/react-test-renderer.development.js:6155:13)
      at Object.scheduleUpdate [as current] (node_modules/react-native/src/private/animated/createAnimatedPropsHook.js:121:20)
      at AnimatedProps.current [as _callback] (node_modules/react-native/src/private/animated/createAnimatedPropsHook.js:64:56)
      at AnimatedProps._callback [as update] (node_modules/react-native/Libraries/Animated/nodes/AnimatedProps.js:231:10)
      at update (node_modules/react-native/Libraries/Animated/nodes/AnimatedValue.js:64:31)
          at Set.forEach (<anonymous>)
      at forEach (node_modules/react-native/Libraries/Animated/nodes/AnimatedValue.js:64:10)
      at AnimatedValue.flushValue [as _updateValue] (node_modules/react-native/Libraries/Animated/nodes/AnimatedValue.js:358:7)
      at TimingAnimation._updateValue [as _onUpdate] (node_modules/react-native/Libraries/Animated/nodes/AnimatedValue.js:322:14)
      at TimingAnimation._onUpdate [as onUpdate] (node_modules/react-native/Libraries/Animated/animations/TimingAnimation.js:157:10)
      at onUpdate (node_modules/react-native/Libraries/Animated/animations/TimingAnimation.js:132:67)
      at Timeout.callback [as _onTimeout] (node_modules/react-native-worklets/src/runLoop/uiRuntime/mockedRequestAnimationFrame.ts:10:27)

    console.error
      An update to BottomDrawer inside a test was not wrapped in act(...).

      When testing, code that causes React state updates should be wrapped into act(...):

      act(() => {
        /* fire events that update state */
      });
      /* assert on the output */

      This ensures that you're testing the behavior the user would see in the browser. Learn more at https://react.dev/link/wrap-tests-with-act

      27 |
      28 |     void AccessibilityInfo.isReduceMotionEnabled().then((enabled) => {
    > 29 |       if (mounted) setReduceMotionEnabled(enabled);
         |                    ^
      30 |     });
      31 |     void AccessibilityInfo.isScreenReaderEnabled().then((enabled) => {
      32 |       if (mounted) setScreenReaderEnabled(enabled);

      at node_modules/react-test-renderer/cjs/react-test-renderer.development.js:14402:19
      at runWithFiberInDEV (node_modules/react-test-renderer/cjs/react-test-renderer.development.js:2315:13)
      at warnIfUpdatesNotWrappedWithActDEV (node_modules/react-test-renderer/cjs/react-test-renderer.development.js:14401:9)
      at scheduleUpdateOnFiber (node_modules/react-test-renderer/cjs/react-test-renderer.development.js:12086:9)
      at dispatchSetStateInternal (node_modules/react-test-renderer/cjs/react-test-renderer.development.js:6208:13)
      at dispatchSetState (node_modules/react-test-renderer/cjs/react-test-renderer.development.js:6165:7)
      at setReduceMotionEnabled (src/ui/hooks/useAccessibilityPreferences.ts:29:20)

    console.error
      An update to BottomDrawer inside a test was not wrapped in act(...).

      When testing, code that causes React state updates should be wrapped into act(...):

      act(() => {
        /* fire events that update state */
      });
      /* assert on the output */

      This ensures that you're testing the behavior the user would see in the browser. Learn more at https://react.dev/link/wrap-tests-with-act

      30 |     });
      31 |     void AccessibilityInfo.isScreenReaderEnabled().then((enabled) => {
    > 32 |       if (mounted) setScreenReaderEnabled(enabled);
         |                    ^
      33 |     });
      34 |
      35 |     const reduceMotionSubscription = AccessibilityInfo.addEventListener(

      at node_modules/react-test-renderer/cjs/react-test-renderer.development.js:14402:19
      at runWithFiberInDEV (node_modules/react-test-renderer/cjs/react-test-renderer.development.js:2315:13)
      at warnIfUpdatesNotWrappedWithActDEV (node_modules/react-test-renderer/cjs/react-test-renderer.development.js:14401:9)
      at scheduleUpdateOnFiber (node_modules/react-test-renderer/cjs/react-test-renderer.development.js:12086:9)
      at dispatchSetStateInternal (node_modules/react-test-renderer/cjs/react-test-renderer.development.js:6208:13)
      at dispatchSetState (node_modules/react-test-renderer/cjs/react-test-renderer.development.js:6165:7)
      at setScreenReaderEnabled (src/ui/hooks/useAccessibilityPreferences.ts:32:20)

    console.error
      An update to Animated(View) inside a test was not wrapped in act(...).

      When testing, code that causes React state updates should be wrapped into act(...):

      act(() => {
        /* fire events that update state */
      });
      /* assert on the output */

      This ensures that you're testing the behavior the user would see in the browser. Learn more at https://react.dev/link/wrap-tests-with-act

      at node_modules/react-test-renderer/cjs/react-test-renderer.development.js:14402:19
      at runWithFiberInDEV (node_modules/react-test-renderer/cjs/react-test-renderer.development.js:2315:13)
      at warnIfUpdatesNotWrappedWithActDEV (node_modules/react-test-renderer/cjs/react-test-renderer.development.js:14401:9)
      at scheduleUpdateOnFiber (node_modules/react-test-renderer/cjs/react-test-renderer.development.js:12086:9)
      at dispatchReducerAction (node_modules/react-test-renderer/cjs/react-test-renderer.development.js:6155:13)
      at Object.scheduleUpdate [as current] (node_modules/react-native/src/private/animated/createAnimatedPropsHook.js:121:20)
      at AnimatedProps.current [as _callback] (node_modules/react-native/src/private/animated/createAnimatedPropsHook.js:64:56)
      at AnimatedProps._callback [as update] (node_modules/react-native/Libraries/Animated/nodes/AnimatedProps.js:231:10)
      at update (node_modules/react-native/Libraries/Animated/nodes/AnimatedValue.js:64:31)
          at Set.forEach (<anonymous>)
      at forEach (node_modules/react-native/Libraries/Animated/nodes/AnimatedValue.js:64:10)
      at AnimatedValue.flushValue [as _updateValue] (node_modules/react-native/Libraries/Animated/nodes/AnimatedValue.js:358:7)
      at TimingAnimation._updateValue [as _onUpdate] (node_modules/react-native/Libraries/Animated/nodes/AnimatedValue.js:322:14)
      at TimingAnimation._onUpdate [as onUpdate] (node_modules/react-native/Libraries/Animated/animations/TimingAnimation.js:157:10)
      at onUpdate (node_modules/react-native/Libraries/Animated/animations/TimingAnimation.js:132:67)
      at Timeout.callback [as _onTimeout] (node_modules/react-native-worklets/src/runLoop/uiRuntime/mockedRequestAnimationFrame.ts:10:27)

    console.error
      An update to Animated(View) inside a test was not wrapped in act(...).

      When testing, code that causes React state updates should be wrapped into act(...):

      act(() => {
        /* fire events that update state */
      });
      /* assert on the output */

      This ensures that you're testing the behavior the user would see in the browser. Learn more at https://react.dev/link/wrap-tests-with-act

      at node_modules/react-test-renderer/cjs/react-test-renderer.development.js:14402:19
      at runWithFiberInDEV (node_modules/react-test-renderer/cjs/react-test-renderer.development.js:2315:13)
      at warnIfUpdatesNotWrappedWithActDEV (node_modules/react-test-renderer/cjs/react-test-renderer.development.js:14401:9)
      at scheduleUpdateOnFiber (node_modules/react-test-renderer/cjs/react-test-renderer.development.js:12086:9)
      at dispatchReducerAction (node_modules/react-test-renderer/cjs/react-test-renderer.development.js:6155:13)
      at Object.scheduleUpdate [as current] (node_modules/react-native/src/private/animated/createAnimatedPropsHook.js:121:20)
      at AnimatedProps.current [as _callback] (node_modules/react-native/src/private/animated/createAnimatedPropsHook.js:64:56)
      at AnimatedProps._callback [as update] (node_modules/react-native/Libraries/Animated/nodes/AnimatedProps.js:231:10)
      at update (node_modules/react-native/Libraries/Animated/nodes/AnimatedValue.js:64:31)
          at Set.forEach (<anonymous>)
      at forEach (node_modules/react-native/Libraries/Animated/nodes/AnimatedValue.js:64:10)
      at AnimatedValue.flushValue [as _updateValue] (node_modules/react-native/Libraries/Animated/nodes/AnimatedValue.js:358:7)
      at TimingAnimation._updateValue [as _onUpdate] (node_modules/react-native/Libraries/Animated/nodes/AnimatedValue.js:322:14)
      at TimingAnimation._onUpdate [as onUpdate] (node_modules/react-native/Libraries/Animated/animations/TimingAnimation.js:157:10)
      at onUpdate (node_modules/react-native/Libraries/Animated/animations/TimingAnimation.js:132:67)
      at Timeout.callback [as _onTimeout] (node_modules/react-native-worklets/src/runLoop/uiRuntime/mockedRequestAnimationFrame.ts:10:27)

    console.error
      An update to Animated(View) inside a test was not wrapped in act(...).

      When testing, code that causes React state updates should be wrapped into act(...):

      act(() => {
        /* fire events that update state */
      });
      /* assert on the output */

      This ensures that you're testing the behavior the user would see in the browser. Learn more at https://react.dev/link/wrap-tests-with-act

      at node_modules/react-test-renderer/cjs/react-test-renderer.development.js:14402:19
      at runWithFiberInDEV (node_modules/react-test-renderer/cjs/react-test-renderer.development.js:2315:13)
      at warnIfUpdatesNotWrappedWithActDEV (node_modules/react-test-renderer/cjs/react-test-renderer.development.js:14401:9)
      at scheduleUpdateOnFiber (node_modules/react-test-renderer/cjs/react-test-renderer.development.js:12086:9)
      at dispatchReducerAction (node_modules/react-test-renderer/cjs/react-test-renderer.development.js:6155:13)
      at Object.scheduleUpdate [as current] (node_modules/react-native/src/private/animated/createAnimatedPropsHook.js:121:20)
      at AnimatedProps.current [as _callback] (node_modules/react-native/src/private/animated/createAnimatedPropsHook.js:64:56)
      at AnimatedProps._callback [as update] (node_modules/react-native/Libraries/Animated/nodes/AnimatedProps.js:231:10)
      at update (node_modules/react-native/Libraries/Animated/nodes/AnimatedValue.js:64:31)
          at Set.forEach (<anonymous>)
      at forEach (node_modules/react-native/Libraries/Animated/nodes/AnimatedValue.js:64:10)
      at AnimatedValue.flushValue [as _updateValue] (node_modules/react-native/Libraries/Animated/nodes/AnimatedValue.js:358:7)
      at TimingAnimation._updateValue [as _onUpdate] (node_modules/react-native/Libraries/Animated/nodes/AnimatedValue.js:322:14)
      at TimingAnimation._onUpdate [as onUpdate] (node_modules/react-native/Libraries/Animated/animations/TimingAnimation.js:157:10)
      at onUpdate (node_modules/react-native/Libraries/Animated/animations/TimingAnimation.js:132:67)
      at Timeout.callback [as _onTimeout] (node_modules/react-native-worklets/src/runLoop/uiRuntime/mockedRequestAnimationFrame.ts:10:27)

    console.error
      An update to Animated(View) inside a test was not wrapped in act(...).

      When testing, code that causes React state updates should be wrapped into act(...):

      act(() => {
        /* fire events that update state */
      });
      /* assert on the output */

      This ensures that you're testing the behavior the user would see in the browser. Learn more at https://react.dev/link/wrap-tests-with-act

      at node_modules/react-test-renderer/cjs/react-test-renderer.development.js:14402:19
      at runWithFiberInDEV (node_modules/react-test-renderer/cjs/react-test-renderer.development.js:2315:13)
      at warnIfUpdatesNotWrappedWithActDEV (node_modules/react-test-renderer/cjs/react-test-renderer.development.js:14401:9)
      at scheduleUpdateOnFiber (node_modules/react-test-renderer/cjs/react-test-renderer.development.js:12086:9)
      at dispatchReducerAction (node_modules/react-test-renderer/cjs/react-test-renderer.development.js:6155:13)
      at Object.scheduleUpdate [as current] (node_modules/react-native/src/private/animated/createAnimatedPropsHook.js:121:20)
      at AnimatedProps.current [as _callback] (node_modules/react-native/src/private/animated/createAnimatedPropsHook.js:64:56)
      at AnimatedProps._callback [as update] (node_modules/react-native/Libraries/Animated/nodes/AnimatedProps.js:231:10)
      at update (node_modules/react-native/Libraries/Animated/nodes/AnimatedValue.js:64:31)
          at Set.forEach (<anonymous>)
      at forEach (node_modules/react-native/Libraries/Animated/nodes/AnimatedValue.js:64:10)
      at AnimatedValue.flushValue [as _updateValue] (node_modules/react-native/Libraries/Animated/nodes/AnimatedValue.js:358:7)
      at TimingAnimation._updateValue [as _onUpdate] (node_modules/react-native/Libraries/Animated/nodes/AnimatedValue.js:322:14)
      at TimingAnimation._onUpdate [as onUpdate] (node_modules/react-native/Libraries/Animated/animations/TimingAnimation.js:157:10)
      at onUpdate (node_modules/react-native/Libraries/Animated/animations/TimingAnimation.js:132:67)
      at Timeout.callback [as _onTimeout] (node_modules/react-native-worklets/src/runLoop/uiRuntime/mockedRequestAnimationFrame.ts:10:27)

    console.error
      An update to BottomDrawer inside a test was not wrapped in act(...).

      When testing, code that causes React state updates should be wrapped into act(...):

      act(() => {
        /* fire events that update state */
      });
      /* assert on the output */

      This ensures that you're testing the behavior the user would see in the browser. Learn more at https://react.dev/link/wrap-tests-with-act

      27 |
      28 |     void AccessibilityInfo.isReduceMotionEnabled().then((enabled) => {
    > 29 |       if (mounted) setReduceMotionEnabled(enabled);
         |                    ^
      30 |     });
      31 |     void AccessibilityInfo.isScreenReaderEnabled().then((enabled) => {
      32 |       if (mounted) setScreenReaderEnabled(enabled);

      at node_modules/react-test-renderer/cjs/react-test-renderer.development.js:14402:19
      at runWithFiberInDEV (node_modules/react-test-renderer/cjs/react-test-renderer.development.js:2315:13)
      at warnIfUpdatesNotWrappedWithActDEV (node_modules/react-test-renderer/cjs/react-test-renderer.development.js:14401:9)
      at scheduleUpdateOnFiber (node_modules/react-test-renderer/cjs/react-test-renderer.development.js:12086:9)
      at dispatchSetStateInternal (node_modules/react-test-renderer/cjs/react-test-renderer.development.js:6208:13)
      at dispatchSetState (node_modules/react-test-renderer/cjs/react-test-renderer.development.js:6165:7)
      at setReduceMotionEnabled (src/ui/hooks/useAccessibilityPreferences.ts:29:20)

    console.error
      An update to BottomDrawer inside a test was not wrapped in act(...).

      When testing, code that causes React state updates should be wrapped into act(...):

      act(() => {
        /* fire events that update state */
      });
      /* assert on the output */

      This ensures that you're testing the behavior the user would see in the browser. Learn more at https://react.dev/link/wrap-tests-with-act

      30 |     });
      31 |     void AccessibilityInfo.isScreenReaderEnabled().then((enabled) => {
    > 32 |       if (mounted) setScreenReaderEnabled(enabled);
         |                    ^
      33 |     });
      34 |
      35 |     const reduceMotionSubscription = AccessibilityInfo.addEventListener(

      at node_modules/react-test-renderer/cjs/react-test-renderer.development.js:14402:19
      at runWithFiberInDEV (node_modules/react-test-renderer/cjs/react-test-renderer.development.js:2315:13)
      at warnIfUpdatesNotWrappedWithActDEV (node_modules/react-test-renderer/cjs/react-test-renderer.development.js:14401:9)
      at scheduleUpdateOnFiber (node_modules/react-test-renderer/cjs/react-test-renderer.development.js:12086:9)
      at dispatchSetStateInternal (node_modules/react-test-renderer/cjs/react-test-renderer.development.js:6208:13)
      at dispatchSetState (node_modules/react-test-renderer/cjs/react-test-renderer.development.js:6165:7)
      at setScreenReaderEnabled (src/ui/hooks/useAccessibilityPreferences.ts:32:20)

    console.error
      An update to Animated(View) inside a test was not wrapped in act(...).

      When testing, code that causes React state updates should be wrapped into act(...):

      act(() => {
        /* fire events that update state */
      });
      /* assert on the output */

      This ensures that you're testing the behavior the user would see in the browser. Learn more at https://react.dev/link/wrap-tests-with-act

      at node_modules/react-test-renderer/cjs/react-test-renderer.development.js:14402:19
      at runWithFiberInDEV (node_modules/react-test-renderer/cjs/react-test-renderer.development.js:2315:13)
      at warnIfUpdatesNotWrappedWithActDEV (node_modules/react-test-renderer/cjs/react-test-renderer.development.js:14401:9)
      at scheduleUpdateOnFiber (node_modules/react-test-renderer/cjs/react-test-renderer.development.js:12086:9)
      at dispatchReducerAction (node_modules/react-test-renderer/cjs/react-test-renderer.development.js:6155:13)
      at Object.scheduleUpdate [as current] (node_modules/react-native/src/private/animated/createAnimatedPropsHook.js:121:20)
      at AnimatedProps.current [as _callback] (node_modules/react-native/src/private/animated/createAnimatedPropsHook.js:64:56)
      at AnimatedProps._callback [as update] (node_modules/react-native/Libraries/Animated/nodes/AnimatedProps.js:231:10)
      at update (node_modules/react-native/Libraries/Animated/nodes/AnimatedValue.js:64:31)
          at Set.forEach (<anonymous>)
      at forEach (node_modules/react-native/Libraries/Animated/nodes/AnimatedValue.js:64:10)
      at AnimatedValue.flushValue [as _updateValue] (node_modules/react-native/Libraries/Animated/nodes/AnimatedValue.js:358:7)
      at TimingAnimation._updateValue [as _onUpdate] (node_modules/react-native/Libraries/Animated/nodes/AnimatedValue.js:322:14)
      at TimingAnimation._onUpdate [as onUpdate] (node_modules/react-native/Libraries/Animated/animations/TimingAnimation.js:157:10)
      at onUpdate (node_modules/react-native/Libraries/Animated/animations/TimingAnimation.js:132:67)
      at Timeout.callback [as _onTimeout] (node_modules/react-native-worklets/src/runLoop/uiRuntime/mockedRequestAnimationFrame.ts:10:27)

    console.error
      An update to Animated(View) inside a test was not wrapped in act(...).

      When testing, code that causes React state updates should be wrapped into act(...):

      act(() => {
        /* fire events that update state */
      });
      /* assert on the output */

      This ensures that you're testing the behavior the user would see in the browser. Learn more at https://react.dev/link/wrap-tests-with-act

      at node_modules/react-test-renderer/cjs/react-test-renderer.development.js:14402:19
      at runWithFiberInDEV (node_modules/react-test-renderer/cjs/react-test-renderer.development.js:2315:13)
      at warnIfUpdatesNotWrappedWithActDEV (node_modules/react-test-renderer/cjs/react-test-renderer.development.js:14401:9)
      at scheduleUpdateOnFiber (node_modules/react-test-renderer/cjs/react-test-renderer.development.js:12086:9)
      at dispatchReducerAction (node_modules/react-test-renderer/cjs/react-test-renderer.development.js:6155:13)
      at Object.scheduleUpdate [as current] (node_modules/react-native/src/private/animated/createAnimatedPropsHook.js:121:20)
      at AnimatedProps.current [as _callback] (node_modules/react-native/src/private/animated/createAnimatedPropsHook.js:64:56)
      at AnimatedProps._callback [as update] (node_modules/react-native/Libraries/Animated/nodes/AnimatedProps.js:231:10)
      at update (node_modules/react-native/Libraries/Animated/nodes/AnimatedValue.js:64:31)
          at Set.forEach (<anonymous>)
      at forEach (node_modules/react-native/Libraries/Animated/nodes/AnimatedValue.js:64:10)
      at AnimatedValue.flushValue [as _updateValue] (node_modules/react-native/Libraries/Animated/nodes/AnimatedValue.js:358:7)
      at TimingAnimation._updateValue [as _onUpdate] (node_modules/react-native/Libraries/Animated/nodes/AnimatedValue.js:322:14)
      at TimingAnimation._onUpdate [as onUpdate] (node_modules/react-native/Libraries/Animated/animations/TimingAnimation.js:157:10)
      at onUpdate (node_modules/react-native/Libraries/Animated/animations/TimingAnimation.js:132:67)
      at Timeout.callback [as _onTimeout] (node_modules/react-native-worklets/src/runLoop/uiRuntime/mockedRequestAnimationFrame.ts:10:27)

    console.error
      An update to Animated(View) inside a test was not wrapped in act(...).

      When testing, code that causes React state updates should be wrapped into act(...):

      act(() => {
        /* fire events that update state */
      });
      /* assert on the output */

      This ensures that you're testing the behavior the user would see in the browser. Learn more at https://react.dev/link/wrap-tests-with-act

      at node_modules/react-test-renderer/cjs/react-test-renderer.development.js:14402:19
      at runWithFiberInDEV (node_modules/react-test-renderer/cjs/react-test-renderer.development.js:2315:13)
      at warnIfUpdatesNotWrappedWithActDEV (node_modules/react-test-renderer/cjs/react-test-renderer.development.js:14401:9)
      at scheduleUpdateOnFiber (node_modules/react-test-renderer/cjs/react-test-renderer.development.js:12086:9)
      at dispatchReducerAction (node_modules/react-test-renderer/cjs/react-test-renderer.development.js:6155:13)
      at Object.scheduleUpdate [as current] (node_modules/react-native/src/private/animated/createAnimatedPropsHook.js:121:20)
      at AnimatedProps.current [as _callback] (node_modules/react-native/src/private/animated/createAnimatedPropsHook.js:64:56)
      at AnimatedProps._callback [as update] (node_modules/react-native/Libraries/Animated/nodes/AnimatedProps.js:231:10)
      at update (node_modules/react-native/Libraries/Animated/nodes/AnimatedValue.js:64:31)
          at Set.forEach (<anonymous>)
      at forEach (node_modules/react-native/Libraries/Animated/nodes/AnimatedValue.js:64:10)
      at AnimatedValue.flushValue [as _updateValue] (node_modules/react-native/Libraries/Animated/nodes/AnimatedValue.js:358:7)
      at TimingAnimation._updateValue [as _onUpdate] (node_modules/react-native/Libraries/Animated/nodes/AnimatedValue.js:322:14)
      at TimingAnimation._onUpdate [as onUpdate] (node_modules/react-native/Libraries/Animated/animations/TimingAnimation.js:157:10)
      at onUpdate (node_modules/react-native/Libraries/Animated/animations/TimingAnimation.js:132:67)
      at Timeout.callback [as _onTimeout] (node_modules/react-native-worklets/src/runLoop/uiRuntime/mockedRequestAnimationFrame.ts:10:27)

    console.error
      An update to Animated(View) inside a test was not wrapped in act(...).

      When testing, code that causes React state updates should be wrapped into act(...):

      act(() => {
        /* fire events that update state */
      });
      /* assert on the output */

      This ensures that you're testing the behavior the user would see in the browser. Learn more at https://react.dev/link/wrap-tests-with-act

      at node_modules/react-test-renderer/cjs/react-test-renderer.development.js:14402:19
      at runWithFiberInDEV (node_modules/react-test-renderer/cjs/react-test-renderer.development.js:2315:13)
      at warnIfUpdatesNotWrappedWithActDEV (node_modules/react-test-renderer/cjs/react-test-renderer.development.js:14401:9)
      at scheduleUpdateOnFiber (node_modules/react-test-renderer/cjs/react-test-renderer.development.js:12086:9)
      at dispatchReducerAction (node_modules/react-test-renderer/cjs/react-test-renderer.development.js:6155:13)
      at Object.scheduleUpdate [as current] (node_modules/react-native/src/private/animated/createAnimatedPropsHook.js:121:20)
      at AnimatedProps.current [as _callback] (node_modules/react-native/src/private/animated/createAnimatedPropsHook.js:64:56)
      at AnimatedProps._callback [as update] (node_modules/react-native/Libraries/Animated/nodes/AnimatedProps.js:231:10)
      at update (node_modules/react-native/Libraries/Animated/nodes/AnimatedValue.js:64:31)
          at Set.forEach (<anonymous>)
      at forEach (node_modules/react-native/Libraries/Animated/nodes/AnimatedValue.js:64:10)
      at AnimatedValue.flushValue [as _updateValue] (node_modules/react-native/Libraries/Animated/nodes/AnimatedValue.js:358:7)
      at TimingAnimation._updateValue [as _onUpdate] (node_modules/react-native/Libraries/Animated/nodes/AnimatedValue.js:322:14)
      at TimingAnimation._onUpdate [as onUpdate] (node_modules/react-native/Libraries/Animated/animations/TimingAnimation.js:157:10)
      at onUpdate (node_modules/react-native/Libraries/Animated/animations/TimingAnimation.js:132:67)
      at Timeout.callback [as _onTimeout] (node_modules/react-native-worklets/src/runLoop/uiRuntime/mockedRequestAnimationFrame.ts:10:27)

    console.error
      An update to BottomDrawer inside a test was not wrapped in act(...).

      When testing, code that causes React state updates should be wrapped into act(...):

      act(() => {
        /* fire events that update state */
      });
      /* assert on the output */

      This ensures that you're testing the behavior the user would see in the browser. Learn more at https://react.dev/link/wrap-tests-with-act

      27 |
      28 |     void AccessibilityInfo.isReduceMotionEnabled().then((enabled) => {
    > 29 |       if (mounted) setReduceMotionEnabled(enabled);
         |                    ^
      30 |     });
      31 |     void AccessibilityInfo.isScreenReaderEnabled().then((enabled) => {
      32 |       if (mounted) setScreenReaderEnabled(enabled);

      at node_modules/react-test-renderer/cjs/react-test-renderer.development.js:14402:19
      at runWithFiberInDEV (node_modules/react-test-renderer/cjs/react-test-renderer.development.js:2315:13)
      at warnIfUpdatesNotWrappedWithActDEV (node_modules/react-test-renderer/cjs/react-test-renderer.development.js:14401:9)
      at scheduleUpdateOnFiber (node_modules/react-test-renderer/cjs/react-test-renderer.development.js:12086:9)
      at dispatchSetStateInternal (node_modules/react-test-renderer/cjs/react-test-renderer.development.js:6208:13)
      at dispatchSetState (node_modules/react-test-renderer/cjs/react-test-renderer.development.js:6165:7)
      at setReduceMotionEnabled (src/ui/hooks/useAccessibilityPreferences.ts:29:20)

    console.error
      An update to BottomDrawer inside a test was not wrapped in act(...).

      When testing, code that causes React state updates should be wrapped into act(...):

      act(() => {
        /* fire events that update state */
      });
      /* assert on the output */

      This ensures that you're testing the behavior the user would see in the browser. Learn more at https://react.dev/link/wrap-tests-with-act

      30 |     });
      31 |     void AccessibilityInfo.isScreenReaderEnabled().then((enabled) => {
    > 32 |       if (mounted) setScreenReaderEnabled(enabled);
         |                    ^
      33 |     });
      34 |
      35 |     const reduceMotionSubscription = AccessibilityInfo.addEventListener(

      at node_modules/react-test-renderer/cjs/react-test-renderer.development.js:14402:19
      at runWithFiberInDEV (node_modules/react-test-renderer/cjs/react-test-renderer.development.js:2315:13)
      at warnIfUpdatesNotWrappedWithActDEV (node_modules/react-test-renderer/cjs/react-test-renderer.development.js:14401:9)
      at scheduleUpdateOnFiber (node_modules/react-test-renderer/cjs/react-test-renderer.development.js:12086:9)
      at dispatchSetStateInternal (node_modules/react-test-renderer/cjs/react-test-renderer.development.js:6208:13)
      at dispatchSetState (node_modules/react-test-renderer/cjs/react-test-renderer.development.js:6165:7)
      at setScreenReaderEnabled (src/ui/hooks/useAccessibilityPreferences.ts:32:20)

    console.error
      An update to Animated(View) inside a test was not wrapped in act(...).

      When testing, code that causes React state updates should be wrapped into act(...):

      act(() => {
        /* fire events that update state */
      });
      /* assert on the output */

      This ensures that you're testing the behavior the user would see in the browser. Learn more at https://react.dev/link/wrap-tests-with-act

      at node_modules/react-test-renderer/cjs/react-test-renderer.development.js:14402:19
      at runWithFiberInDEV (node_modules/react-test-renderer/cjs/react-test-renderer.development.js:2315:13)
      at warnIfUpdatesNotWrappedWithActDEV (node_modules/react-test-renderer/cjs/react-test-renderer.development.js:14401:9)
      at scheduleUpdateOnFiber (node_modules/react-test-renderer/cjs/react-test-renderer.development.js:12086:9)
      at dispatchReducerAction (node_modules/react-test-renderer/cjs/react-test-renderer.development.js:6155:13)
      at Object.scheduleUpdate [as current] (node_modules/react-native/src/private/animated/createAnimatedPropsHook.js:121:20)
      at AnimatedProps.current [as _callback] (node_modules/react-native/src/private/animated/createAnimatedPropsHook.js:64:56)
      at AnimatedProps._callback [as update] (node_modules/react-native/Libraries/Animated/nodes/AnimatedProps.js:231:10)
      at update (node_modules/react-native/Libraries/Animated/nodes/AnimatedValue.js:64:31)
          at Set.forEach (<anonymous>)
      at forEach (node_modules/react-native/Libraries/Animated/nodes/AnimatedValue.js:64:10)
      at AnimatedValue.flushValue [as _updateValue] (node_modules/react-native/Libraries/Animated/nodes/AnimatedValue.js:358:7)
      at TimingAnimation._updateValue [as _onUpdate] (node_modules/react-native/Libraries/Animated/nodes/AnimatedValue.js:322:14)
      at TimingAnimation._onUpdate [as onUpdate] (node_modules/react-native/Libraries/Animated/animations/TimingAnimation.js:157:10)
      at onUpdate (node_modules/react-native/Libraries/Animated/animations/TimingAnimation.js:132:67)
      at Timeout.callback [as _onTimeout] (node_modules/react-native-worklets/src/runLoop/uiRuntime/mockedRequestAnimationFrame.ts:10:27)

    console.error
      An update to Animated(View) inside a test was not wrapped in act(...).

      When testing, code that causes React state updates should be wrapped into act(...):

      act(() => {
        /* fire events that update state */
      });
      /* assert on the output */

      This ensures that you're testing the behavior the user would see in the browser. Learn more at https://react.dev/link/wrap-tests-with-act

      at node_modules/react-test-renderer/cjs/react-test-renderer.development.js:14402:19
      at runWithFiberInDEV (node_modules/react-test-renderer/cjs/react-test-renderer.development.js:2315:13)
      at warnIfUpdatesNotWrappedWithActDEV (node_modules/react-test-renderer/cjs/react-test-renderer.development.js:14401:9)
      at scheduleUpdateOnFiber (node_modules/react-test-renderer/cjs/react-test-renderer.development.js:12086:9)
      at dispatchReducerAction (node_modules/react-test-renderer/cjs/react-test-renderer.development.js:6155:13)
      at Object.scheduleUpdate [as current] (node_modules/react-native/src/private/animated/createAnimatedPropsHook.js:121:20)
      at AnimatedProps.current [as _callback] (node_modules/react-native/src/private/animated/createAnimatedPropsHook.js:64:56)
      at AnimatedProps._callback [as update] (node_modules/react-native/Libraries/Animated/nodes/AnimatedProps.js:231:10)
      at update (node_modules/react-native/Libraries/Animated/nodes/AnimatedValue.js:64:31)
          at Set.forEach (<anonymous>)
      at forEach (node_modules/react-native/Libraries/Animated/nodes/AnimatedValue.js:64:10)
      at AnimatedValue.flushValue [as _updateValue] (node_modules/react-native/Libraries/Animated/nodes/AnimatedValue.js:358:7)
      at TimingAnimation._updateValue [as _onUpdate] (node_modules/react-native/Libraries/Animated/nodes/AnimatedValue.js:322:14)
      at TimingAnimation._onUpdate [as onUpdate] (node_modules/react-native/Libraries/Animated/animations/TimingAnimation.js:157:10)
      at onUpdate (node_modules/react-native/Libraries/Animated/animations/TimingAnimation.js:132:67)
      at Timeout.callback [as _onTimeout] (node_modules/react-native-worklets/src/runLoop/uiRuntime/mockedRequestAnimationFrame.ts:10:27)

    console.error
      An update to Animated(View) inside a test was not wrapped in act(...).

      When testing, code that causes React state updates should be wrapped into act(...):

      act(() => {
        /* fire events that update state */
      });
      /* assert on the output */

      This ensures that you're testing the behavior the user would see in the browser. Learn more at https://react.dev/link/wrap-tests-with-act

      at node_modules/react-test-renderer/cjs/react-test-renderer.development.js:14402:19
      at runWithFiberInDEV (node_modules/react-test-renderer/cjs/react-test-renderer.development.js:2315:13)
      at warnIfUpdatesNotWrappedWithActDEV (node_modules/react-test-renderer/cjs/react-test-renderer.development.js:14401:9)
      at scheduleUpdateOnFiber (node_modules/react-test-renderer/cjs/react-test-renderer.development.js:12086:9)
      at dispatchReducerAction (node_modules/react-test-renderer/cjs/react-test-renderer.development.js:6155:13)
      at Object.scheduleUpdate [as current] (node_modules/react-native/src/private/animated/createAnimatedPropsHook.js:121:20)
      at AnimatedProps.current [as _callback] (node_modules/react-native/src/private/animated/createAnimatedPropsHook.js:64:56)
      at AnimatedProps._callback [as update] (node_modules/react-native/Libraries/Animated/nodes/AnimatedProps.js:231:10)
      at update (node_modules/react-native/Libraries/Animated/nodes/AnimatedValue.js:64:31)
          at Set.forEach (<anonymous>)
      at forEach (node_modules/react-native/Libraries/Animated/nodes/AnimatedValue.js:64:10)
      at AnimatedValue.flushValue [as _updateValue] (node_modules/react-native/Libraries/Animated/nodes/AnimatedValue.js:358:7)
      at TimingAnimation._updateValue [as _onUpdate] (node_modules/react-native/Libraries/Animated/nodes/AnimatedValue.js:322:14)
      at TimingAnimation._onUpdate [as onUpdate] (node_modules/react-native/Libraries/Animated/animations/TimingAnimation.js:157:10)
      at onUpdate (node_modules/react-native/Libraries/Animated/animations/TimingAnimation.js:132:67)
      at Timeout.callback [as _onTimeout] (node_modules/react-native-worklets/src/runLoop/uiRuntime/mockedRequestAnimationFrame.ts:10:27)

    console.error
      An update to Animated(View) inside a test was not wrapped in act(...).

      When testing, code that causes React state updates should be wrapped into act(...):

      act(() => {
        /* fire events that update state */
      });
      /* assert on the output */

      This ensures that you're testing the behavior the user would see in the browser. Learn more at https://react.dev/link/wrap-tests-with-act

      at node_modules/react-test-renderer/cjs/react-test-renderer.development.js:14402:19
      at runWithFiberInDEV (node_modules/react-test-renderer/cjs/react-test-renderer.development.js:2315:13)
      at warnIfUpdatesNotWrappedWithActDEV (node_modules/react-test-renderer/cjs/react-test-renderer.development.js:14401:9)
      at scheduleUpdateOnFiber (node_modules/react-test-renderer/cjs/react-test-renderer.development.js:12086:9)
      at dispatchReducerAction (node_modules/react-test-renderer/cjs/react-test-renderer.development.js:6155:13)
      at Object.scheduleUpdate [as current] (node_modules/react-native/src/private/animated/createAnimatedPropsHook.js:121:20)
      at AnimatedProps.current [as _callback] (node_modules/react-native/src/private/animated/createAnimatedPropsHook.js:64:56)
      at AnimatedProps._callback [as update] (node_modules/react-native/Libraries/Animated/nodes/AnimatedProps.js:231:10)
      at update (node_modules/react-native/Libraries/Animated/nodes/AnimatedValue.js:64:31)
          at Set.forEach (<anonymous>)
      at forEach (node_modules/react-native/Libraries/Animated/nodes/AnimatedValue.js:64:10)
      at AnimatedValue.flushValue [as _updateValue] (node_modules/react-native/Libraries/Animated/nodes/AnimatedValue.js:358:7)
      at TimingAnimation._updateValue [as _onUpdate] (node_modules/react-native/Libraries/Animated/nodes/AnimatedValue.js:322:14)
      at TimingAnimation._onUpdate [as onUpdate] (node_modules/react-native/Libraries/Animated/animations/TimingAnimation.js:157:10)
      at onUpdate (node_modules/react-native/Libraries/Animated/animations/TimingAnimation.js:132:67)
      at Timeout.callback [as _onTimeout] (node_modules/react-native-worklets/src/runLoop/uiRuntime/mockedRequestAnimationFrame.ts:10:27)

PASS src/features/goals/GoalSharingSettingsSection.test.tsx
PASS src/capabilities/groceries/screens/OnlineShoppingSetupScreen.test.tsx
PASS src/services/soundscapePlayback.test.ts
PASS src/features/account/EmailPasswordSignInForm.test.tsx
PASS src/features/shared-home/SharedLifeComposer.test.tsx
  ● Console

    console.error
      An update to SharedLifeComposer inside a test was not wrapped in act(...).

      When testing, code that causes React state updates should be wrapped into act(...):

      act(() => {
        /* fire events that update state */
      });
      /* assert on the output */

      This ensures that you're testing the behavior the user would see in the browser. Learn more at https://react.dev/link/wrap-tests-with-act

      133 |     void saveHomeDraft(userId, next)
      134 |       .then(() => {
    > 135 |         if (mounted.current) setSavedStatus("Draft saved on this device");
          |                              ^
      136 |       })
      137 |       .catch(() => {
      138 |         if (mounted.current)

      at node_modules/react-test-renderer/cjs/react-test-renderer.development.js:14402:19
      at runWithFiberInDEV (node_modules/react-test-renderer/cjs/react-test-renderer.development.js:2315:13)
      at warnIfUpdatesNotWrappedWithActDEV (node_modules/react-test-renderer/cjs/react-test-renderer.development.js:14401:9)
      at scheduleUpdateOnFiber (node_modules/react-test-renderer/cjs/react-test-renderer.development.js:12086:9)
      at dispatchSetStateInternal (node_modules/react-test-renderer/cjs/react-test-renderer.development.js:6208:13)
      at dispatchSetState (node_modules/react-test-renderer/cjs/react-test-renderer.development.js:6165:7)
      at setSavedStatus (src/features/shared-home/SharedLifeComposer.tsx:135:30)

    console.error
      An update to SharedLifeComposer inside a test was not wrapped in act(...).

      When testing, code that causes React state updates should be wrapped into act(...):

      act(() => {
        /* fire events that update state */
      });
      /* assert on the output */

      This ensures that you're testing the behavior the user would see in the browser. Learn more at https://react.dev/link/wrap-tests-with-act

      133 |     void saveHomeDraft(userId, next)
      134 |       .then(() => {
    > 135 |         if (mounted.current) setSavedStatus("Draft saved on this device");
          |                              ^
      136 |       })
      137 |       .catch(() => {
      138 |         if (mounted.current)

      at node_modules/react-test-renderer/cjs/react-test-renderer.development.js:14402:19
      at runWithFiberInDEV (node_modules/react-test-renderer/cjs/react-test-renderer.development.js:2315:13)
      at warnIfUpdatesNotWrappedWithActDEV (node_modules/react-test-renderer/cjs/react-test-renderer.development.js:14401:9)
      at scheduleUpdateOnFiber (node_modules/react-test-renderer/cjs/react-test-renderer.development.js:12086:9)
      at dispatchSetStateInternal (node_modules/react-test-renderer/cjs/react-test-renderer.development.js:6208:13)
      at dispatchSetState (node_modules/react-test-renderer/cjs/react-test-renderer.development.js:6165:7)
      at setSavedStatus (src/features/shared-home/SharedLifeComposer.tsx:135:30)

PASS src/features/household/screenTime/FamilyScreenTimeLearningScreen.test.tsx
PASS src/features/capability-onboarding/CapabilityOnboardingPager.test.tsx
PASS src/capabilities/recipes/screens/RecipeReadinessScreen.test.tsx
PASS src/features/unifiedChat/runUnifiedChatTurn.test.ts
PASS src/capabilities/groceries/screens/OnlineOrderScreen.test.tsx
PASS src/capabilities/recipes/screens/RecipeEditScreen.test.tsx
PASS src/features/household/HouseholdDevicesScreen.test.tsx
  ● Console

    console.error
      An update to Animated(View) inside a test was not wrapped in act(...).

      When testing, code that causes React state updates should be wrapped into act(...):

      act(() => {
        /* fire events that update state */
      });
      /* assert on the output */

      This ensures that you're testing the behavior the user would see in the browser. Learn more at https://react.dev/link/wrap-tests-with-act

      at node_modules/react-test-renderer/cjs/react-test-renderer.development.js:14402:19
      at runWithFiberInDEV (node_modules/react-test-renderer/cjs/react-test-renderer.development.js:2315:13)
      at warnIfUpdatesNotWrappedWithActDEV (node_modules/react-test-renderer/cjs/react-test-renderer.development.js:14401:9)
      at scheduleUpdateOnFiber (node_modules/react-test-renderer/cjs/react-test-renderer.development.js:12086:9)
      at dispatchReducerAction (node_modules/react-test-renderer/cjs/react-test-renderer.development.js:6155:13)
      at Object.scheduleUpdate [as current] (node_modules/react-native/src/private/animated/createAnimatedPropsHook.js:121:20)
      at AnimatedProps.current [as _callback] (node_modules/react-native/src/private/animated/createAnimatedPropsHook.js:64:56)
      at AnimatedProps._callback [as update] (node_modules/react-native/Libraries/Animated/nodes/AnimatedProps.js:231:10)
      at update (node_modules/react-native/Libraries/Animated/nodes/AnimatedValue.js:64:31)
          at Set.forEach (<anonymous>)
      at forEach (node_modules/react-native/Libraries/Animated/nodes/AnimatedValue.js:64:10)
      at AnimatedValue.flushValue [as _updateValue] (node_modules/react-native/Libraries/Animated/nodes/AnimatedValue.js:358:7)
      at TimingAnimation._updateValue [as _onUpdate] (node_modules/react-native/Libraries/Animated/nodes/AnimatedValue.js:322:14)
      at TimingAnimation._onUpdate [as onUpdate] (node_modules/react-native/Libraries/Animated/animations/TimingAnimation.js:157:10)
      at Timeout.callback [as _onTimeout] (node_modules/react-native-worklets/src/runLoop/uiRuntime/mockedRequestAnimationFrame.ts:10:27)

    console.error
      An update to Animated(View) inside a test was not wrapped in act(...).

      When testing, code that causes React state updates should be wrapped into act(...):

      act(() => {
        /* fire events that update state */
      });
      /* assert on the output */

      This ensures that you're testing the behavior the user would see in the browser. Learn more at https://react.dev/link/wrap-tests-with-act

      at node_modules/react-test-renderer/cjs/react-test-renderer.development.js:14402:19
      at runWithFiberInDEV (node_modules/react-test-renderer/cjs/react-test-renderer.development.js:2315:13)
      at warnIfUpdatesNotWrappedWithActDEV (node_modules/react-test-renderer/cjs/react-test-renderer.development.js:14401:9)
      at scheduleUpdateOnFiber (node_modules/react-test-renderer/cjs/react-test-renderer.development.js:12086:9)
      at dispatchReducerAction (node_modules/react-test-renderer/cjs/react-test-renderer.development.js:6155:13)
      at Object.scheduleUpdate [as current] (node_modules/react-native/src/private/animated/createAnimatedPropsHook.js:121:20)
      at AnimatedProps.current [as _callback] (node_modules/react-native/src/private/animated/createAnimatedPropsHook.js:64:56)
      at AnimatedProps._callback [as update] (node_modules/react-native/Libraries/Animated/nodes/AnimatedProps.js:231:10)
      at update (node_modules/react-native/Libraries/Animated/nodes/AnimatedValue.js:64:31)
          at Set.forEach (<anonymous>)
      at forEach (node_modules/react-native/Libraries/Animated/nodes/AnimatedValue.js:64:10)
      at AnimatedValue.flushValue [as _updateValue] (node_modules/react-native/Libraries/Animated/nodes/AnimatedValue.js:358:7)
      at TimingAnimation._updateValue [as _onUpdate] (node_modules/react-native/Libraries/Animated/nodes/AnimatedValue.js:322:14)
      at TimingAnimation._onUpdate [as onUpdate] (node_modules/react-native/Libraries/Animated/animations/TimingAnimation.js:157:10)
      at Timeout.callback [as _onTimeout] (node_modules/react-native-worklets/src/runLoop/uiRuntime/mockedRequestAnimationFrame.ts:10:27)

    console.error
      An update to Animated(View) inside a test was not wrapped in act(...).

      When testing, code that causes React state updates should be wrapped into act(...):

      act(() => {
        /* fire events that update state */
      });
      /* assert on the output */

      This ensures that you're testing the behavior the user would see in the browser. Learn more at https://react.dev/link/wrap-tests-with-act

      at node_modules/react-test-renderer/cjs/react-test-renderer.development.js:14402:19
      at runWithFiberInDEV (node_modules/react-test-renderer/cjs/react-test-renderer.development.js:2315:13)
      at warnIfUpdatesNotWrappedWithActDEV (node_modules/react-test-renderer/cjs/react-test-renderer.development.js:14401:9)
      at scheduleUpdateOnFiber (node_modules/react-test-renderer/cjs/react-test-renderer.development.js:12086:9)
      at dispatchReducerAction (node_modules/react-test-renderer/cjs/react-test-renderer.development.js:6155:13)
      at Object.scheduleUpdate [as current] (node_modules/react-native/src/private/animated/createAnimatedPropsHook.js:121:20)
      at AnimatedProps.current [as _callback] (node_modules/react-native/src/private/animated/createAnimatedPropsHook.js:64:56)
      at AnimatedProps._callback [as update] (node_modules/react-native/Libraries/Animated/nodes/AnimatedProps.js:231:10)
      at update (node_modules/react-native/Libraries/Animated/nodes/AnimatedValue.js:64:31)
          at Set.forEach (<anonymous>)
      at forEach (node_modules/react-native/Libraries/Animated/nodes/AnimatedValue.js:64:10)
      at AnimatedValue.flushValue [as _updateValue] (node_modules/react-native/Libraries/Animated/nodes/AnimatedValue.js:358:7)
      at TimingAnimation._updateValue [as _onUpdate] (node_modules/react-native/Libraries/Animated/nodes/AnimatedValue.js:322:14)
      at TimingAnimation._onUpdate [as onUpdate] (node_modules/react-native/Libraries/Animated/animations/TimingAnimation.js:157:10)
      at Timeout.callback [as _onTimeout] (node_modules/react-native-worklets/src/runLoop/uiRuntime/mockedRequestAnimationFrame.ts:10:27)

    console.error
      An update to Animated(View) inside a test was not wrapped in act(...).

      When testing, code that causes React state updates should be wrapped into act(...):

      act(() => {
        /* fire events that update state */
      });
      /* assert on the output */

      This ensures that you're testing the behavior the user would see in the browser. Learn more at https://react.dev/link/wrap-tests-with-act

      at node_modules/react-test-renderer/cjs/react-test-renderer.development.js:14402:19
      at runWithFiberInDEV (node_modules/react-test-renderer/cjs/react-test-renderer.development.js:2315:13)
      at warnIfUpdatesNotWrappedWithActDEV (node_modules/react-test-renderer/cjs/react-test-renderer.development.js:14401:9)
      at scheduleUpdateOnFiber (node_modules/react-test-renderer/cjs/react-test-renderer.development.js:12086:9)
      at dispatchReducerAction (node_modules/react-test-renderer/cjs/react-test-renderer.development.js:6155:13)
      at Object.scheduleUpdate [as current] (node_modules/react-native/src/private/animated/createAnimatedPropsHook.js:121:20)
      at AnimatedProps.current [as _callback] (node_modules/react-native/src/private/animated/createAnimatedPropsHook.js:64:56)
      at AnimatedProps._callback [as update] (node_modules/react-native/Libraries/Animated/nodes/AnimatedProps.js:231:10)
      at update (node_modules/react-native/Libraries/Animated/nodes/AnimatedValue.js:64:31)
          at Set.forEach (<anonymous>)
      at forEach (node_modules/react-native/Libraries/Animated/nodes/AnimatedValue.js:64:10)
      at AnimatedValue.flushValue [as _updateValue] (node_modules/react-native/Libraries/Animated/nodes/AnimatedValue.js:358:7)
      at TimingAnimation._updateValue [as _onUpdate] (node_modules/react-native/Libraries/Animated/nodes/AnimatedValue.js:322:14)
      at TimingAnimation._onUpdate [as onUpdate] (node_modules/react-native/Libraries/Animated/animations/TimingAnimation.js:157:10)
      at Timeout.callback [as _onTimeout] (node_modules/react-native-worklets/src/runLoop/uiRuntime/mockedRequestAnimationFrame.ts:10:27)

PASS src/features/household/sharedDevice/HouseholdModeHost.test.tsx
PASS src/capabilities/games/players/__tests__/useGamePlayerProfile.test.tsx
PASS src/features/account/ManageSubscriptionScreen.offer.test.tsx
PASS src/features/plan/PlanSlotCapturePage.test.tsx
PASS src/capabilities/chores/components/ChoreRewardsDrawer.test.tsx
  ● Console

    console.error
      An update to BottomDrawer inside a test was not wrapped in act(...).

      When testing, code that causes React state updates should be wrapped into act(...):

      act(() => {
        /* fire events that update state */
      });
      /* assert on the output */

      This ensures that you're testing the behavior the user would see in the browser. Learn more at https://react.dev/link/wrap-tests-with-act

      27 |
      28 |     void AccessibilityInfo.isReduceMotionEnabled().then((enabled) => {
    > 29 |       if (mounted) setReduceMotionEnabled(enabled);
         |                    ^
      30 |     });
      31 |     void AccessibilityInfo.isScreenReaderEnabled().then((enabled) => {
      32 |       if (mounted) setScreenReaderEnabled(enabled);

      at node_modules/react-test-renderer/cjs/react-test-renderer.development.js:14402:19
      at runWithFiberInDEV (node_modules/react-test-renderer/cjs/react-test-renderer.development.js:2315:13)
      at warnIfUpdatesNotWrappedWithActDEV (node_modules/react-test-renderer/cjs/react-test-renderer.development.js:14401:9)
      at scheduleUpdateOnFiber (node_modules/react-test-renderer/cjs/react-test-renderer.development.js:12086:9)
      at dispatchSetStateInternal (node_modules/react-test-renderer/cjs/react-test-renderer.development.js:6208:13)
      at dispatchSetState (node_modules/react-test-renderer/cjs/react-test-renderer.development.js:6165:7)
      at setReduceMotionEnabled (src/ui/hooks/useAccessibilityPreferences.ts:29:20)

    console.error
      An update to BottomDrawer inside a test was not wrapped in act(...).

      When testing, code that causes React state updates should be wrapped into act(...):

      act(() => {
        /* fire events that update state */
      });
      /* assert on the output */

      This ensures that you're testing the behavior the user would see in the browser. Learn more at https://react.dev/link/wrap-tests-with-act

      30 |     });
      31 |     void AccessibilityInfo.isScreenReaderEnabled().then((enabled) => {
    > 32 |       if (mounted) setScreenReaderEnabled(enabled);
         |                    ^
      33 |     });
      34 |
      35 |     const reduceMotionSubscription = AccessibilityInfo.addEventListener(

      at node_modules/react-test-renderer/cjs/react-test-renderer.development.js:14402:19
      at runWithFiberInDEV (node_modules/react-test-renderer/cjs/react-test-renderer.development.js:2315:13)
      at warnIfUpdatesNotWrappedWithActDEV (node_modules/react-test-renderer/cjs/react-test-renderer.development.js:14401:9)
      at scheduleUpdateOnFiber (node_modules/react-test-renderer/cjs/react-test-renderer.development.js:12086:9)
      at dispatchSetStateInternal (node_modules/react-test-renderer/cjs/react-test-renderer.development.js:6208:13)
      at dispatchSetState (node_modules/react-test-renderer/cjs/react-test-renderer.development.js:6165:7)
      at setScreenReaderEnabled (src/ui/hooks/useAccessibilityPreferences.ts:32:20)

    console.error
      An update to BottomDrawer inside a test was not wrapped in act(...).

      When testing, code that causes React state updates should be wrapped into act(...):

      act(() => {
        /* fire events that update state */
      });
      /* assert on the output */

      This ensures that you're testing the behavior the user would see in the browser. Learn more at https://react.dev/link/wrap-tests-with-act

      27 |
      28 |     void AccessibilityInfo.isReduceMotionEnabled().then((enabled) => {
    > 29 |       if (mounted) setReduceMotionEnabled(enabled);
         |                    ^
      30 |     });
      31 |     void AccessibilityInfo.isScreenReaderEnabled().then((enabled) => {
      32 |       if (mounted) setScreenReaderEnabled(enabled);

      at node_modules/react-test-renderer/cjs/react-test-renderer.development.js:14402:19
      at runWithFiberInDEV (node_modules/react-test-renderer/cjs/react-test-renderer.development.js:2315:13)
      at warnIfUpdatesNotWrappedWithActDEV (node_modules/react-test-renderer/cjs/react-test-renderer.development.js:14401:9)
      at scheduleUpdateOnFiber (node_modules/react-test-renderer/cjs/react-test-renderer.development.js:12086:9)
      at dispatchSetStateInternal (node_modules/react-test-renderer/cjs/react-test-renderer.development.js:6208:13)
      at dispatchSetState (node_modules/react-test-renderer/cjs/react-test-renderer.development.js:6165:7)
      at setReduceMotionEnabled (src/ui/hooks/useAccessibilityPreferences.ts:29:20)

    console.error
      An update to BottomDrawer inside a test was not wrapped in act(...).

      When testing, code that causes React state updates should be wrapped into act(...):

      act(() => {
        /* fire events that update state */
      });
      /* assert on the output */

      This ensures that you're testing the behavior the user would see in the browser. Learn more at https://react.dev/link/wrap-tests-with-act

      30 |     });
      31 |     void AccessibilityInfo.isScreenReaderEnabled().then((enabled) => {
    > 32 |       if (mounted) setScreenReaderEnabled(enabled);
         |                    ^
      33 |     });
      34 |
      35 |     const reduceMotionSubscription = AccessibilityInfo.addEventListener(

      at node_modules/react-test-renderer/cjs/react-test-renderer.development.js:14402:19
      at runWithFiberInDEV (node_modules/react-test-renderer/cjs/react-test-renderer.development.js:2315:13)
      at warnIfUpdatesNotWrappedWithActDEV (node_modules/react-test-renderer/cjs/react-test-renderer.development.js:14401:9)
      at scheduleUpdateOnFiber (node_modules/react-test-renderer/cjs/react-test-renderer.development.js:12086:9)
      at dispatchSetStateInternal (node_modules/react-test-renderer/cjs/react-test-renderer.development.js:6208:13)
      at dispatchSetState (node_modules/react-test-renderer/cjs/react-test-renderer.development.js:6165:7)
      at setScreenReaderEnabled (src/ui/hooks/useAccessibilityPreferences.ts:32:20)

    console.error
      An update to BottomDrawer inside a test was not wrapped in act(...).

      When testing, code that causes React state updates should be wrapped into act(...):

      act(() => {
        /* fire events that update state */
      });
      /* assert on the output */

      This ensures that you're testing the behavior the user would see in the browser. Learn more at https://react.dev/link/wrap-tests-with-act

      27 |
      28 |     void AccessibilityInfo.isReduceMotionEnabled().then((enabled) => {
    > 29 |       if (mounted) setReduceMotionEnabled(enabled);
         |                    ^
      30 |     });
      31 |     void AccessibilityInfo.isScreenReaderEnabled().then((enabled) => {
      32 |       if (mounted) setScreenReaderEnabled(enabled);

      at node_modules/react-test-renderer/cjs/react-test-renderer.development.js:14402:19
      at runWithFiberInDEV (node_modules/react-test-renderer/cjs/react-test-renderer.development.js:2315:13)
      at warnIfUpdatesNotWrappedWithActDEV (node_modules/react-test-renderer/cjs/react-test-renderer.development.js:14401:9)
      at scheduleUpdateOnFiber (node_modules/react-test-renderer/cjs/react-test-renderer.development.js:12086:9)
      at dispatchSetStateInternal (node_modules/react-test-renderer/cjs/react-test-renderer.development.js:6208:13)
      at dispatchSetState (node_modules/react-test-renderer/cjs/react-test-renderer.development.js:6165:7)
      at setReduceMotionEnabled (src/ui/hooks/useAccessibilityPreferences.ts:29:20)

    console.error
      An update to BottomDrawer inside a test was not wrapped in act(...).

      When testing, code that causes React state updates should be wrapped into act(...):

      act(() => {
        /* fire events that update state */
      });
      /* assert on the output */

      This ensures that you're testing the behavior the user would see in the browser. Learn more at https://react.dev/link/wrap-tests-with-act

      30 |     });
      31 |     void AccessibilityInfo.isScreenReaderEnabled().then((enabled) => {
    > 32 |       if (mounted) setScreenReaderEnabled(enabled);
         |                    ^
      33 |     });
      34 |
      35 |     const reduceMotionSubscription = AccessibilityInfo.addEventListener(

      at node_modules/react-test-renderer/cjs/react-test-renderer.development.js:14402:19
      at runWithFiberInDEV (node_modules/react-test-renderer/cjs/react-test-renderer.development.js:2315:13)
      at warnIfUpdatesNotWrappedWithActDEV (node_modules/react-test-renderer/cjs/react-test-renderer.development.js:14401:9)
      at scheduleUpdateOnFiber (node_modules/react-test-renderer/cjs/react-test-renderer.development.js:12086:9)
      at dispatchSetStateInternal (node_modules/react-test-renderer/cjs/react-test-renderer.development.js:6208:13)
      at dispatchSetState (node_modules/react-test-renderer/cjs/react-test-renderer.development.js:6165:7)
      at setScreenReaderEnabled (src/ui/hooks/useAccessibilityPreferences.ts:32:20)

    console.error
      An update to BottomDrawer inside a test was not wrapped in act(...).

      When testing, code that causes React state updates should be wrapped into act(...):

      act(() => {
        /* fire events that update state */
      });
      /* assert on the output */

      This ensures that you're testing the behavior the user would see in the browser. Learn more at https://react.dev/link/wrap-tests-with-act

      27 |
      28 |     void AccessibilityInfo.isReduceMotionEnabled().then((enabled) => {
    > 29 |       if (mounted) setReduceMotionEnabled(enabled);
         |                    ^
      30 |     });
      31 |     void AccessibilityInfo.isScreenReaderEnabled().then((enabled) => {
      32 |       if (mounted) setScreenReaderEnabled(enabled);

      at node_modules/react-test-renderer/cjs/react-test-renderer.development.js:14402:19
      at runWithFiberInDEV (node_modules/react-test-renderer/cjs/react-test-renderer.development.js:2315:13)
      at warnIfUpdatesNotWrappedWithActDEV (node_modules/react-test-renderer/cjs/react-test-renderer.development.js:14401:9)
      at scheduleUpdateOnFiber (node_modules/react-test-renderer/cjs/react-test-renderer.development.js:12086:9)
      at dispatchSetStateInternal (node_modules/react-test-renderer/cjs/react-test-renderer.development.js:6208:13)
      at dispatchSetState (node_modules/react-test-renderer/cjs/react-test-renderer.development.js:6165:7)
      at setReduceMotionEnabled (src/ui/hooks/useAccessibilityPreferences.ts:29:20)

    console.error
      An update to BottomDrawer inside a test was not wrapped in act(...).

      When testing, code that causes React state updates should be wrapped into act(...):

      act(() => {
        /* fire events that update state */
      });
      /* assert on the output */

      This ensures that you're testing the behavior the user would see in the browser. Learn more at https://react.dev/link/wrap-tests-with-act

      30 |     });
      31 |     void AccessibilityInfo.isScreenReaderEnabled().then((enabled) => {
    > 32 |       if (mounted) setScreenReaderEnabled(enabled);
         |                    ^
      33 |     });
      34 |
      35 |     const reduceMotionSubscription = AccessibilityInfo.addEventListener(

      at node_modules/react-test-renderer/cjs/react-test-renderer.development.js:14402:19
      at runWithFiberInDEV (node_modules/react-test-renderer/cjs/react-test-renderer.development.js:2315:13)
      at warnIfUpdatesNotWrappedWithActDEV (node_modules/react-test-renderer/cjs/react-test-renderer.development.js:14401:9)
      at scheduleUpdateOnFiber (node_modules/react-test-renderer/cjs/react-test-renderer.development.js:12086:9)
      at dispatchSetStateInternal (node_modules/react-test-renderer/cjs/react-test-renderer.development.js:6208:13)
      at dispatchSetState (node_modules/react-test-renderer/cjs/react-test-renderer.development.js:6165:7)
      at setScreenReaderEnabled (src/ui/hooks/useAccessibilityPreferences.ts:32:20)

PASS src/capabilities/recipes/screens/RecipeCookCompleteScreen.test.tsx
PASS src/features/friends/JoinFriendInviteScreen.test.tsx
PASS src/features/household/HouseholdDeviceSetupScreen.test.tsx
PASS src/features/activities/QuickAddDock.test.tsx
PASS src/capabilities/groceries/screens/GroceryListScreen.test.ts
PASS src/features/paywall/PaywallContent.test.tsx
PASS src/features/capability-onboarding/CapabilityValueDoorScreen.test.tsx
PASS src/features/shared-home/SharedLifePrivacy.test.tsx
PASS src/capabilities/recipes/components/HiddenMealsDrawer.test.tsx
  ● Console

    console.error
      An update to BottomDrawer inside a test was not wrapped in act(...).

      When testing, code that causes React state updates should be wrapped into act(...):

      act(() => {
        /* fire events that update state */
      });
      /* assert on the output */

      This ensures that you're testing the behavior the user would see in the browser. Learn more at https://react.dev/link/wrap-tests-with-act

      27 |
      28 |     void AccessibilityInfo.isReduceMotionEnabled().then((enabled) => {
    > 29 |       if (mounted) setReduceMotionEnabled(enabled);
         |                    ^
      30 |     });
      31 |     void AccessibilityInfo.isScreenReaderEnabled().then((enabled) => {
      32 |       if (mounted) setScreenReaderEnabled(enabled);

      at node_modules/react-test-renderer/cjs/react-test-renderer.development.js:14402:19
      at runWithFiberInDEV (node_modules/react-test-renderer/cjs/react-test-renderer.development.js:2315:13)
      at warnIfUpdatesNotWrappedWithActDEV (node_modules/react-test-renderer/cjs/react-test-renderer.development.js:14401:9)
      at scheduleUpdateOnFiber (node_modules/react-test-renderer/cjs/react-test-renderer.development.js:12086:9)
      at dispatchSetStateInternal (node_modules/react-test-renderer/cjs/react-test-renderer.development.js:6208:13)
      at dispatchSetState (node_modules/react-test-renderer/cjs/react-test-renderer.development.js:6165:7)
      at setReduceMotionEnabled (src/ui/hooks/useAccessibilityPreferences.ts:29:20)

    console.error
      An update to BottomDrawer inside a test was not wrapped in act(...).

      When testing, code that causes React state updates should be wrapped into act(...):

      act(() => {
        /* fire events that update state */
      });
      /* assert on the output */

      This ensures that you're testing the behavior the user would see in the browser. Learn more at https://react.dev/link/wrap-tests-with-act

      30 |     });
      31 |     void AccessibilityInfo.isScreenReaderEnabled().then((enabled) => {
    > 32 |       if (mounted) setScreenReaderEnabled(enabled);
         |                    ^
      33 |     });
      34 |
      35 |     const reduceMotionSubscription = AccessibilityInfo.addEventListener(

      at node_modules/react-test-renderer/cjs/react-test-renderer.development.js:14402:19
      at runWithFiberInDEV (node_modules/react-test-renderer/cjs/react-test-renderer.development.js:2315:13)
      at warnIfUpdatesNotWrappedWithActDEV (node_modules/react-test-renderer/cjs/react-test-renderer.development.js:14401:9)
      at scheduleUpdateOnFiber (node_modules/react-test-renderer/cjs/react-test-renderer.development.js:12086:9)
      at dispatchSetStateInternal (node_modules/react-test-renderer/cjs/react-test-renderer.development.js:6208:13)
      at dispatchSetState (node_modules/react-test-renderer/cjs/react-test-renderer.development.js:6165:7)
      at setScreenReaderEnabled (src/ui/hooks/useAccessibilityPreferences.ts:32:20)

    console.error
      An update to BottomDrawer inside a test was not wrapped in act(...).

      When testing, code that causes React state updates should be wrapped into act(...):

      act(() => {
        /* fire events that update state */
      });
      /* assert on the output */

      This ensures that you're testing the behavior the user would see in the browser. Learn more at https://react.dev/link/wrap-tests-with-act

      27 |
      28 |     void AccessibilityInfo.isReduceMotionEnabled().then((enabled) => {
    > 29 |       if (mounted) setReduceMotionEnabled(enabled);
         |                    ^
      30 |     });
      31 |     void AccessibilityInfo.isScreenReaderEnabled().then((enabled) => {
      32 |       if (mounted) setScreenReaderEnabled(enabled);

      at node_modules/react-test-renderer/cjs/react-test-renderer.development.js:14402:19
      at runWithFiberInDEV (node_modules/react-test-renderer/cjs/react-test-renderer.development.js:2315:13)
      at warnIfUpdatesNotWrappedWithActDEV (node_modules/react-test-renderer/cjs/react-test-renderer.development.js:14401:9)
      at scheduleUpdateOnFiber (node_modules/react-test-renderer/cjs/react-test-renderer.development.js:12086:9)
      at dispatchSetStateInternal (node_modules/react-test-renderer/cjs/react-test-renderer.development.js:6208:13)
      at dispatchSetState (node_modules/react-test-renderer/cjs/react-test-renderer.development.js:6165:7)
      at setReduceMotionEnabled (src/ui/hooks/useAccessibilityPreferences.ts:29:20)

    console.error
      An update to BottomDrawer inside a test was not wrapped in act(...).

      When testing, code that causes React state updates should be wrapped into act(...):

      act(() => {
        /* fire events that update state */
      });
      /* assert on the output */

      This ensures that you're testing the behavior the user would see in the browser. Learn more at https://react.dev/link/wrap-tests-with-act

      30 |     });
      31 |     void AccessibilityInfo.isScreenReaderEnabled().then((enabled) => {
    > 32 |       if (mounted) setScreenReaderEnabled(enabled);
         |                    ^
      33 |     });
      34 |
      35 |     const reduceMotionSubscription = AccessibilityInfo.addEventListener(

      at node_modules/react-test-renderer/cjs/react-test-renderer.development.js:14402:19
      at runWithFiberInDEV (node_modules/react-test-renderer/cjs/react-test-renderer.development.js:2315:13)
      at warnIfUpdatesNotWrappedWithActDEV (node_modules/react-test-renderer/cjs/react-test-renderer.development.js:14401:9)
      at scheduleUpdateOnFiber (node_modules/react-test-renderer/cjs/react-test-renderer.development.js:12086:9)
      at dispatchSetStateInternal (node_modules/react-test-renderer/cjs/react-test-renderer.development.js:6208:13)
      at dispatchSetState (node_modules/react-test-renderer/cjs/react-test-renderer.development.js:6165:7)
      at setScreenReaderEnabled (src/ui/hooks/useAccessibilityPreferences.ts:32:20)

PASS src/features/goals/GoalFeedSection.test.tsx
PASS src/features/plan/ActivityEventPeek.test.tsx
PASS src/features/plan/PlanScreen.test.tsx
PASS src/capabilities/explore/runtime/useExploreRecorder.test.tsx
PASS src/capabilities/chores/components/ChoreCorrectionDrawer.test.tsx
  ● Console

    console.error
      An update to BottomDrawer inside a test was not wrapped in act(...).

      When testing, code that causes React state updates should be wrapped into act(...):

      act(() => {
        /* fire events that update state */
      });
      /* assert on the output */

      This ensures that you're testing the behavior the user would see in the browser. Learn more at https://react.dev/link/wrap-tests-with-act

      27 |
      28 |     void AccessibilityInfo.isReduceMotionEnabled().then((enabled) => {
    > 29 |       if (mounted) setReduceMotionEnabled(enabled);
         |                    ^
      30 |     });
      31 |     void AccessibilityInfo.isScreenReaderEnabled().then((enabled) => {
      32 |       if (mounted) setScreenReaderEnabled(enabled);

      at node_modules/react-test-renderer/cjs/react-test-renderer.development.js:14402:19
      at runWithFiberInDEV (node_modules/react-test-renderer/cjs/react-test-renderer.development.js:2315:13)
      at warnIfUpdatesNotWrappedWithActDEV (node_modules/react-test-renderer/cjs/react-test-renderer.development.js:14401:9)
      at scheduleUpdateOnFiber (node_modules/react-test-renderer/cjs/react-test-renderer.development.js:12086:9)
      at dispatchSetStateInternal (node_modules/react-test-renderer/cjs/react-test-renderer.development.js:6208:13)
      at dispatchSetState (node_modules/react-test-renderer/cjs/react-test-renderer.development.js:6165:7)
      at setReduceMotionEnabled (src/ui/hooks/useAccessibilityPreferences.ts:29:20)

    console.error
      An update to BottomDrawer inside a test was not wrapped in act(...).

      When testing, code that causes React state updates should be wrapped into act(...):

      act(() => {
        /* fire events that update state */
      });
      /* assert on the output */

      This ensures that you're testing the behavior the user would see in the browser. Learn more at https://react.dev/link/wrap-tests-with-act

      30 |     });
      31 |     void AccessibilityInfo.isScreenReaderEnabled().then((enabled) => {
    > 32 |       if (mounted) setScreenReaderEnabled(enabled);
         |                    ^
      33 |     });
      34 |
      35 |     const reduceMotionSubscription = AccessibilityInfo.addEventListener(

      at node_modules/react-test-renderer/cjs/react-test-renderer.development.js:14402:19
      at runWithFiberInDEV (node_modules/react-test-renderer/cjs/react-test-renderer.development.js:2315:13)
      at warnIfUpdatesNotWrappedWithActDEV (node_modules/react-test-renderer/cjs/react-test-renderer.development.js:14401:9)
      at scheduleUpdateOnFiber (node_modules/react-test-renderer/cjs/react-test-renderer.development.js:12086:9)
      at dispatchSetStateInternal (node_modules/react-test-renderer/cjs/react-test-renderer.development.js:6208:13)
      at dispatchSetState (node_modules/react-test-renderer/cjs/react-test-renderer.development.js:6165:7)
      at setScreenReaderEnabled (src/ui/hooks/useAccessibilityPreferences.ts:32:20)

PASS src/features/chapters/ChaptersScreen.test.tsx
PASS src/capabilities/groceries/screens/GroceryHandoffScreen.test.tsx
PASS src/capabilities/explore/domain/explorePathPresentation.test.ts
PASS src/capabilities/recipes/screens/EditorialMealCollectionScreen.test.tsx
PASS src/features/account/LegalPrivacyScreen.test.tsx
PASS src/capabilities/explore/domain/exploreHistoryHeat.test.ts
PASS src/features/unifiedChat/runUnifiedChatTurn.reliability.test.ts
PASS src/features/account/useProStoreOffer.test.tsx
PASS src/features/unifiedChat/runUnifiedChatTurn.phases.test.ts
PASS src/features/plan/PlanCalendarLensPage.test.tsx
PASS src/features/account/AuthPromptDrawerHost.test.tsx
PASS src/capabilities/recipes/components/RecipeArtworkGallery.test.tsx
PASS src/features/workflow-feedback/workflowFeedbackRuntime.test.tsx
PASS src/capabilities/recipes/components/CookStepMedia.test.tsx
PASS src/features/shared-home/SharedLifeBrowser.test.tsx
PASS src/features/activities/StandaloneFocusExperience.accessibility.test.tsx
PASS src/features/plan/PlanKickoffDrawerHost.test.tsx
PASS src/features/paywall/PaywallInterstitialScreen.test.tsx
PASS src/features/account/AiModelSettingsScreen.test.tsx
PASS src/features/more/MoreScreen.test.tsx
PASS src/capabilities/games/features/stitch-five/StitchFiveScreen.test.tsx
PASS src/features/activities/FocusSetupContent.test.tsx
PASS src/features/plan/PlanRecsPage.test.tsx
PASS src/capabilities/games/features/connection-games/__tests__/RemoteSlanguageScreen.test.tsx
PASS src/ui/ActivityListItem.test.tsx
PASS src/ui/Toast.accessibility.test.tsx
PASS src/features/unifiedChat/runUnifiedChatTurn.phase6.test.ts
PASS src/features/goals/GoalCreationFlow.test.tsx
PASS src/capabilities/recipes/components/RecipeArtwork.test.tsx
PASS src/capabilities/meal-planning/screens/MealPlanFinalizeScreen.test.ts
PASS src/features/shared-home/SharedLifeChoreCard.test.tsx
PASS src/features/activities/ActivityFocusExperience.test.tsx
PASS src/capabilities/money/screens/MoneyTransactionDetailScreen.test.tsx
PASS src/features/plan/PlanEventPeekDrawerHost.test.tsx
PASS src/ui/CelebrationInterstitial.test.tsx
PASS src/capabilities/groceries/screens/RetailerLinkShoppingScreen.test.tsx
PASS src/features/paywall/SubscriptionLegalLinks.test.tsx
PASS src/features/household/screenTime/FamilyScreenTimeDevControls.test.tsx
PASS src/features/household/screenTime/FamilyScreenTimeAgreementCard.test.tsx
PASS src/capabilities/games/features/home/GameShelfScreen.test.tsx
PASS src/features/shared-home/useSharedHomeFeed.test.tsx
PASS src/navigation/KwiltBottomBar.test.tsx
PASS src/features/plan/PlanSessionEditPage.test.tsx
PASS src/features/activities/ViewCustomizationGuide.test.tsx
PASS src/capabilities/money/screens/MoneyTransactionDetailScreen.categoryField.test.ts
PASS src/features/shared-home/SharedLifePostCard.test.tsx
PASS src/features/activities/ActivityDurationEditor.test.tsx
PASS src/features/plan/PlanActionDock.test.tsx
PASS src/features/account/MealsSettingsScreen.test.tsx
PASS src/ui/layout/ObjectPageHeaderUsage.test.ts
PASS src/capabilities/meal-planning/screens/NextMealsScreen.test.ts
PASS src/features/unifiedChat/runUnifiedChatTurn.appControl.test.ts
PASS src/features/unifiedChat/runUnifiedChatTurn.continuity.test.ts
PASS src/capabilities/games/settings/GamesPlayerSettingsScreen.test.tsx
  ● Console

    console.error
      An update to Animated(View) inside a test was not wrapped in act(...).

      When testing, code that causes React state updates should be wrapped into act(...):

      act(() => {
        /* fire events that update state */
      });
      /* assert on the output */

      This ensures that you're testing the behavior the user would see in the browser. Learn more at https://react.dev/link/wrap-tests-with-act

      at node_modules/react-test-renderer/cjs/react-test-renderer.development.js:14402:19
      at runWithFiberInDEV (node_modules/react-test-renderer/cjs/react-test-renderer.development.js:2315:13)
      at warnIfUpdatesNotWrappedWithActDEV (node_modules/react-test-renderer/cjs/react-test-renderer.development.js:14401:9)
      at scheduleUpdateOnFiber (node_modules/react-test-renderer/cjs/react-test-renderer.development.js:12086:9)
      at dispatchReducerAction (node_modules/react-test-renderer/cjs/react-test-renderer.development.js:6155:13)
      at Object.scheduleUpdate [as current] (node_modules/react-native/src/private/animated/createAnimatedPropsHook.js:121:20)
      at AnimatedProps.current [as _callback] (node_modules/react-native/src/private/animated/createAnimatedPropsHook.js:64:56)
      at AnimatedProps._callback [as update] (node_modules/react-native/Libraries/Animated/nodes/AnimatedProps.js:231:10)
      at update (node_modules/react-native/Libraries/Animated/nodes/AnimatedValue.js:64:31)
          at Set.forEach (<anonymous>)
      at forEach (node_modules/react-native/Libraries/Animated/nodes/AnimatedValue.js:64:10)
      at AnimatedValue.flushValue [as _updateValue] (node_modules/react-native/Libraries/Animated/nodes/AnimatedValue.js:358:7)
      at TimingAnimation._updateValue [as _onUpdate] (node_modules/react-native/Libraries/Animated/nodes/AnimatedValue.js:322:14)
      at TimingAnimation._onUpdate [as onUpdate] (node_modules/react-native/Libraries/Animated/animations/TimingAnimation.js:157:10)
      at onUpdate (node_modules/react-native/Libraries/Animated/animations/TimingAnimation.js:132:67)
      at Timeout.callback [as _onTimeout] (node_modules/react-native-worklets/src/runLoop/uiRuntime/mockedRequestAnimationFrame.ts:10:27)

    console.error
      An update to Animated(View) inside a test was not wrapped in act(...).

      When testing, code that causes React state updates should be wrapped into act(...):

      act(() => {
        /* fire events that update state */
      });
      /* assert on the output */

      This ensures that you're testing the behavior the user would see in the browser. Learn more at https://react.dev/link/wrap-tests-with-act

      at node_modules/react-test-renderer/cjs/react-test-renderer.development.js:14402:19
      at runWithFiberInDEV (node_modules/react-test-renderer/cjs/react-test-renderer.development.js:2315:13)
      at warnIfUpdatesNotWrappedWithActDEV (node_modules/react-test-renderer/cjs/react-test-renderer.development.js:14401:9)
      at scheduleUpdateOnFiber (node_modules/react-test-renderer/cjs/react-test-renderer.development.js:12086:9)
      at dispatchReducerAction (node_modules/react-test-renderer/cjs/react-test-renderer.development.js:6155:13)
      at Object.scheduleUpdate [as current] (node_modules/react-native/src/private/animated/createAnimatedPropsHook.js:121:20)
      at AnimatedProps.current [as _callback] (node_modules/react-native/src/private/animated/createAnimatedPropsHook.js:64:56)
      at AnimatedProps._callback [as update] (node_modules/react-native/Libraries/Animated/nodes/AnimatedProps.js:231:10)
      at update (node_modules/react-native/Libraries/Animated/nodes/AnimatedValue.js:64:31)
          at Set.forEach (<anonymous>)
      at forEach (node_modules/react-native/Libraries/Animated/nodes/AnimatedValue.js:64:10)
      at AnimatedValue.flushValue [as _updateValue] (node_modules/react-native/Libraries/Animated/nodes/AnimatedValue.js:358:7)
      at TimingAnimation._updateValue [as _onUpdate] (node_modules/react-native/Libraries/Animated/nodes/AnimatedValue.js:322:14)
      at TimingAnimation._onUpdate [as onUpdate] (node_modules/react-native/Libraries/Animated/animations/TimingAnimation.js:157:10)
      at onUpdate (node_modules/react-native/Libraries/Animated/animations/TimingAnimation.js:132:67)
      at Timeout.callback [as _onTimeout] (node_modules/react-native-worklets/src/runLoop/uiRuntime/mockedRequestAnimationFrame.ts:10:27)

    console.error
      An update to Animated(View) inside a test was not wrapped in act(...).

      When testing, code that causes React state updates should be wrapped into act(...):

      act(() => {
        /* fire events that update state */
      });
      /* assert on the output */

      This ensures that you're testing the behavior the user would see in the browser. Learn more at https://react.dev/link/wrap-tests-with-act

      at node_modules/react-test-renderer/cjs/react-test-renderer.development.js:14402:19
      at runWithFiberInDEV (node_modules/react-test-renderer/cjs/react-test-renderer.development.js:2315:13)
      at warnIfUpdatesNotWrappedWithActDEV (node_modules/react-test-renderer/cjs/react-test-renderer.development.js:14401:9)
      at scheduleUpdateOnFiber (node_modules/react-test-renderer/cjs/react-test-renderer.development.js:12086:9)
      at dispatchReducerAction (node_modules/react-test-renderer/cjs/react-test-renderer.development.js:6155:13)
      at Object.scheduleUpdate [as current] (node_modules/react-native/src/private/animated/createAnimatedPropsHook.js:121:20)
      at AnimatedProps.current [as _callback] (node_modules/react-native/src/private/animated/createAnimatedPropsHook.js:64:56)
      at AnimatedProps._callback [as update] (node_modules/react-native/Libraries/Animated/nodes/AnimatedProps.js:231:10)
      at update (node_modules/react-native/Libraries/Animated/nodes/AnimatedValue.js:64:31)
          at Set.forEach (<anonymous>)
      at forEach (node_modules/react-native/Libraries/Animated/nodes/AnimatedValue.js:64:10)
      at AnimatedValue.flushValue [as _updateValue] (node_modules/react-native/Libraries/Animated/nodes/AnimatedValue.js:358:7)
      at TimingAnimation._updateValue [as _onUpdate] (node_modules/react-native/Libraries/Animated/nodes/AnimatedValue.js:322:14)
      at TimingAnimation._onUpdate [as onUpdate] (node_modules/react-native/Libraries/Animated/animations/TimingAnimation.js:157:10)
      at onUpdate (node_modules/react-native/Libraries/Animated/animations/TimingAnimation.js:132:67)
      at Timeout.callback [as _onTimeout] (node_modules/react-native-worklets/src/runLoop/uiRuntime/mockedRequestAnimationFrame.ts:10:27)

    console.error
      An update to Animated(View) inside a test was not wrapped in act(...).

      When testing, code that causes React state updates should be wrapped into act(...):

      act(() => {
        /* fire events that update state */
      });
      /* assert on the output */

      This ensures that you're testing the behavior the user would see in the browser. Learn more at https://react.dev/link/wrap-tests-with-act

      at node_modules/react-test-renderer/cjs/react-test-renderer.development.js:14402:19
      at runWithFiberInDEV (node_modules/react-test-renderer/cjs/react-test-renderer.development.js:2315:13)
      at warnIfUpdatesNotWrappedWithActDEV (node_modules/react-test-renderer/cjs/react-test-renderer.development.js:14401:9)
      at scheduleUpdateOnFiber (node_modules/react-test-renderer/cjs/react-test-renderer.development.js:12086:9)
      at dispatchReducerAction (node_modules/react-test-renderer/cjs/react-test-renderer.development.js:6155:13)
      at Object.scheduleUpdate [as current] (node_modules/react-native/src/private/animated/createAnimatedPropsHook.js:121:20)
      at AnimatedProps.current [as _callback] (node_modules/react-native/src/private/animated/createAnimatedPropsHook.js:64:56)
      at AnimatedProps._callback [as update] (node_modules/react-native/Libraries/Animated/nodes/AnimatedProps.js:231:10)
      at update (node_modules/react-native/Libraries/Animated/nodes/AnimatedValue.js:64:31)
          at Set.forEach (<anonymous>)
      at forEach (node_modules/react-native/Libraries/Animated/nodes/AnimatedValue.js:64:10)
      at AnimatedValue.flushValue [as _updateValue] (node_modules/react-native/Libraries/Animated/nodes/AnimatedValue.js:358:7)
      at TimingAnimation._updateValue [as _onUpdate] (node_modules/react-native/Libraries/Animated/nodes/AnimatedValue.js:322:14)
      at TimingAnimation._onUpdate [as onUpdate] (node_modules/react-native/Libraries/Animated/animations/TimingAnimation.js:157:10)
      at onUpdate (node_modules/react-native/Libraries/Animated/animations/TimingAnimation.js:132:67)
      at Timeout.callback [as _onTimeout] (node_modules/react-native-worklets/src/runLoop/uiRuntime/mockedRequestAnimationFrame.ts:10:27)

PASS src/ui/FilterDrawer.test.ts
PASS src/features/unifiedChat/enrichCreatedActivityLikeQuickAdd.test.ts
PASS src/services/sync/streakSync.test.ts
PASS src/features/unifiedChat/groundedAnswer.test.ts
PASS src/features/unifiedChat/turnExecutionPhase.agentJudgment.test.ts
PASS src/capabilities/meal-planning/screens/MealChoiceInviteScreen.test.tsx
PASS src/features/unifiedChat/agentJudgmentEvalCases.test.ts
PASS src/capabilities/games/features/connection-games/__tests__/OnePlanGame.test.tsx
PASS src/capabilities/groceries/screens/GrocerySavingsScreen.test.tsx
PASS src/features/unifiedChat/requestAgentJudgment.test.ts
PASS src/features/activities/FocusSessionRuntimeHost.test.tsx
PASS src/capabilities/money/components/MoneyCategoryReorderDrawer.test.tsx
PASS src/capabilities/games/features/tumble/__tests__/PlayerSetup.test.tsx
PASS src/features/activities/useStandaloneFocusController.test.tsx
PASS src/store/useCelebrationStore.sound.test.ts
PASS src/services/ai.coachChatOptions.test.ts
PASS src/features/plan/usePlanSlotCapture.test.ts
PASS src/features/unifiedChat/turnPhases.test.ts
PASS src/capabilities/games/features/timer/GameTimerScreen.test.tsx
PASS src/capabilities/games/players/__tests__/usePersonalBests.test.tsx
PASS src/services/accountDeletionLocalCleanup.test.ts
PASS src/store/useAppStore.lifecycle.test.ts
PASS src/features/unifiedChat/deviceToolProvider.test.ts
PASS src/features/unifiedChat/routeUnifiedChatRequest.test.ts
PASS src/features/arcs/arcGuidance.test.ts
PASS src/features/unifiedChat/unifiedChatToolProvider.test.ts
PASS src/navigation/tabSwitchTelemetry.test.ts
PASS src/features/unifiedChat/unifiedChatBehaviorEvalCases.test.ts
PASS src/services/ai.activityEnrichment.test.ts
PASS src/capabilities/todos/actions/todoActions.test.ts
PASS src/capabilities/money/screens/MoneyLivingPlanScreen.test.tsx
PASS src/capabilities/chores/runtime/ChoreCaregiverAttentionRuntimeHost.test.tsx
PASS src/features/activities/activityCoverImage.test.ts
PASS src/capabilities/meal-planning/screens/MealPlanEditorScreen.test.tsx
PASS src/services/ai.error.test.ts
PASS src/capabilities/recipes/data/recipeUpdateSuggestionRepository.test.ts
PASS src/features/unifiedChat/unifiedChatScreenTimeToolProvider.test.ts
PASS src/features/search/globalSearchLaunch.test.ts
PASS src/features/unifiedChat/unifiedChatToolProvider.recipe.test.ts
PASS src/features/unifiedChat/unifiedChatToolProvider.mealPlan.test.ts
PASS src/features/activities/useActivityLocationEditor.test.tsx
PASS src/services/invites.test.ts
PASS src/services/locationOffers/LocationOfferService.test.ts
PASS src/capabilities/games/features/tumble/__tests__/OpenBankTableLobby.test.tsx
PASS src/capabilities/money/screens/MoneyTransactionsScreen.test.tsx
PASS src/capabilities/life-structure/actions/goalActions.test.ts
PASS src/features/unifiedChat/loadFamilyScreenTimeChatSnapshot.test.ts
PASS src/capabilities/life-structure/actions/arcActions.test.ts
PASS src/services/entitlementsAuthSync.test.ts
PASS src/features/plan/planActivityCompletion.test.ts
PASS src/capabilities/groceries/screens/FoodScenarioReviewScreen.test.tsx
PASS src/store/domainIsolation.test.ts
PASS src/services/screenTimeProtectionRuntime.test.ts
PASS src/capabilities/recipes/data/recipeEditorialEnrichment.seed.test.ts
PASS src/store/useAppStore.exports.test.ts
PASS src/capabilities/explore/screens/ExploreSettingsScreen.test.tsx
PASS src/services/attachments/activityAttachmentsAudio.test.ts
PASS src/capabilities/groceries/screens/AlreadyHaveReviewScreen.test.tsx
PASS src/capabilities/recipes/data/starterRecipeCatalog.test.ts
PASS src/services/gifs.test.ts
PASS src/services/invites.parsing.test.ts
PASS src/capabilities/games/ai/__tests__/storyAdventureAI.test.ts
PASS supabase/functions/_shared/__tests__/serviceAgentRunPersistence.test.ts
PASS src/capabilities/games/features/connection-games/__tests__/OpenSlanguageTableLobby.test.tsx
PASS src/ui/BottomDrawer.accessibility.test.tsx
  ● Console

    console.error
      An update to BottomDrawer inside a test was not wrapped in act(...).

      When testing, code that causes React state updates should be wrapped into act(...):

      act(() => {
        /* fire events that update state */
      });
      /* assert on the output */

      This ensures that you're testing the behavior the user would see in the browser. Learn more at https://react.dev/link/wrap-tests-with-act

      27 |
      28 |     void AccessibilityInfo.isReduceMotionEnabled().then((enabled) => {
    > 29 |       if (mounted) setReduceMotionEnabled(enabled);
         |                    ^
      30 |     });
      31 |     void AccessibilityInfo.isScreenReaderEnabled().then((enabled) => {
      32 |       if (mounted) setScreenReaderEnabled(enabled);

      at node_modules/react-test-renderer/cjs/react-test-renderer.development.js:14402:19
      at runWithFiberInDEV (node_modules/react-test-renderer/cjs/react-test-renderer.development.js:2315:13)
      at warnIfUpdatesNotWrappedWithActDEV (node_modules/react-test-renderer/cjs/react-test-renderer.development.js:14401:9)
      at scheduleUpdateOnFiber (node_modules/react-test-renderer/cjs/react-test-renderer.development.js:12086:9)
      at dispatchSetStateInternal (node_modules/react-test-renderer/cjs/react-test-renderer.development.js:6208:13)
      at dispatchSetState (node_modules/react-test-renderer/cjs/react-test-renderer.development.js:6165:7)
      at setReduceMotionEnabled (src/ui/hooks/useAccessibilityPreferences.ts:29:20)

    console.error
      An update to BottomDrawer inside a test was not wrapped in act(...).

      When testing, code that causes React state updates should be wrapped into act(...):

      act(() => {
        /* fire events that update state */
      });
      /* assert on the output */

      This ensures that you're testing the behavior the user would see in the browser. Learn more at https://react.dev/link/wrap-tests-with-act

      30 |     });
      31 |     void AccessibilityInfo.isScreenReaderEnabled().then((enabled) => {
    > 32 |       if (mounted) setScreenReaderEnabled(enabled);
         |                    ^
      33 |     });
      34 |
      35 |     const reduceMotionSubscription = AccessibilityInfo.addEventListener(

      at node_modules/react-test-renderer/cjs/react-test-renderer.development.js:14402:19
      at runWithFiberInDEV (node_modules/react-test-renderer/cjs/react-test-renderer.development.js:2315:13)
      at warnIfUpdatesNotWrappedWithActDEV (node_modules/react-test-renderer/cjs/react-test-renderer.development.js:14401:9)
      at scheduleUpdateOnFiber (node_modules/react-test-renderer/cjs/react-test-renderer.development.js:12086:9)
      at dispatchSetStateInternal (node_modules/react-test-renderer/cjs/react-test-renderer.development.js:6208:13)
      at dispatchSetState (node_modules/react-test-renderer/cjs/react-test-renderer.development.js:6165:7)
      at setScreenReaderEnabled (src/ui/hooks/useAccessibilityPreferences.ts:32:20)

    console.error
      An update to BottomDrawer inside a test was not wrapped in act(...).

      When testing, code that causes React state updates should be wrapped into act(...):

      act(() => {
        /* fire events that update state */
      });
      /* assert on the output */

      This ensures that you're testing the behavior the user would see in the browser. Learn more at https://react.dev/link/wrap-tests-with-act

      27 |
      28 |     void AccessibilityInfo.isReduceMotionEnabled().then((enabled) => {
    > 29 |       if (mounted) setReduceMotionEnabled(enabled);
         |                    ^
      30 |     });
      31 |     void AccessibilityInfo.isScreenReaderEnabled().then((enabled) => {
      32 |       if (mounted) setScreenReaderEnabled(enabled);

      at node_modules/react-test-renderer/cjs/react-test-renderer.development.js:14402:19
      at runWithFiberInDEV (node_modules/react-test-renderer/cjs/react-test-renderer.development.js:2315:13)
      at warnIfUpdatesNotWrappedWithActDEV (node_modules/react-test-renderer/cjs/react-test-renderer.development.js:14401:9)
      at scheduleUpdateOnFiber (node_modules/react-test-renderer/cjs/react-test-renderer.development.js:12086:9)
      at dispatchSetStateInternal (node_modules/react-test-renderer/cjs/react-test-renderer.development.js:6208:13)
      at dispatchSetState (node_modules/react-test-renderer/cjs/react-test-renderer.development.js:6165:7)
      at setReduceMotionEnabled (src/ui/hooks/useAccessibilityPreferences.ts:29:20)

    console.error
      An update to BottomDrawer inside a test was not wrapped in act(...).

      When testing, code that causes React state updates should be wrapped into act(...):

      act(() => {
        /* fire events that update state */
      });
      /* assert on the output */

      This ensures that you're testing the behavior the user would see in the browser. Learn more at https://react.dev/link/wrap-tests-with-act

      30 |     });
      31 |     void AccessibilityInfo.isScreenReaderEnabled().then((enabled) => {
    > 32 |       if (mounted) setScreenReaderEnabled(enabled);
         |                    ^
      33 |     });
      34 |
      35 |     const reduceMotionSubscription = AccessibilityInfo.addEventListener(

      at node_modules/react-test-renderer/cjs/react-test-renderer.development.js:14402:19
      at runWithFiberInDEV (node_modules/react-test-renderer/cjs/react-test-renderer.development.js:2315:13)
      at warnIfUpdatesNotWrappedWithActDEV (node_modules/react-test-renderer/cjs/react-test-renderer.development.js:14401:9)
      at scheduleUpdateOnFiber (node_modules/react-test-renderer/cjs/react-test-renderer.development.js:12086:9)
      at dispatchSetStateInternal (node_modules/react-test-renderer/cjs/react-test-renderer.development.js:6208:13)
      at dispatchSetState (node_modules/react-test-renderer/cjs/react-test-renderer.development.js:6165:7)
      at setScreenReaderEnabled (src/ui/hooks/useAccessibilityPreferences.ts:32:20)

    console.error
      An update to BottomDrawer inside a test was not wrapped in act(...).

      When testing, code that causes React state updates should be wrapped into act(...):

      act(() => {
        /* fire events that update state */
      });
      /* assert on the output */

      This ensures that you're testing the behavior the user would see in the browser. Learn more at https://react.dev/link/wrap-tests-with-act

      27 |
      28 |     void AccessibilityInfo.isReduceMotionEnabled().then((enabled) => {
    > 29 |       if (mounted) setReduceMotionEnabled(enabled);
         |                    ^
      30 |     });
      31 |     void AccessibilityInfo.isScreenReaderEnabled().then((enabled) => {
      32 |       if (mounted) setScreenReaderEnabled(enabled);

      at node_modules/react-test-renderer/cjs/react-test-renderer.development.js:14402:19
      at runWithFiberInDEV (node_modules/react-test-renderer/cjs/react-test-renderer.development.js:2315:13)
      at warnIfUpdatesNotWrappedWithActDEV (node_modules/react-test-renderer/cjs/react-test-renderer.development.js:14401:9)
      at scheduleUpdateOnFiber (node_modules/react-test-renderer/cjs/react-test-renderer.development.js:12086:9)
      at dispatchSetStateInternal (node_modules/react-test-renderer/cjs/react-test-renderer.development.js:6208:13)
      at dispatchSetState (node_modules/react-test-renderer/cjs/react-test-renderer.development.js:6165:7)
      at setReduceMotionEnabled (src/ui/hooks/useAccessibilityPreferences.ts:29:20)

    console.error
      An update to BottomDrawer inside a test was not wrapped in act(...).

      When testing, code that causes React state updates should be wrapped into act(...):

      act(() => {
        /* fire events that update state */
      });
      /* assert on the output */

      This ensures that you're testing the behavior the user would see in the browser. Learn more at https://react.dev/link/wrap-tests-with-act

      30 |     });
      31 |     void AccessibilityInfo.isScreenReaderEnabled().then((enabled) => {
    > 32 |       if (mounted) setScreenReaderEnabled(enabled);
         |                    ^
      33 |     });
      34 |
      35 |     const reduceMotionSubscription = AccessibilityInfo.addEventListener(

      at node_modules/react-test-renderer/cjs/react-test-renderer.development.js:14402:19
      at runWithFiberInDEV (node_modules/react-test-renderer/cjs/react-test-renderer.development.js:2315:13)
      at warnIfUpdatesNotWrappedWithActDEV (node_modules/react-test-renderer/cjs/react-test-renderer.development.js:14401:9)
      at scheduleUpdateOnFiber (node_modules/react-test-renderer/cjs/react-test-renderer.development.js:12086:9)
      at dispatchSetStateInternal (node_modules/react-test-renderer/cjs/react-test-renderer.development.js:6208:13)
      at dispatchSetState (node_modules/react-test-renderer/cjs/react-test-renderer.development.js:6165:7)
      at setScreenReaderEnabled (src/ui/hooks/useAccessibilityPreferences.ts:32:20)

PASS src/capabilities/games/features/setup/__tests__/GamePlayerSetup.test.tsx
PASS src/store/useEntitlementsStore.test.ts
PASS src/features/plan/usePlanSessionEditor.test.ts
PASS src/capabilities/meal-planning/components/MealPlanningReminderOfferDrawer.test.tsx
PASS src/capabilities/explore/runtime/ExploreAlwaysOnRuntimeHost.test.tsx
PASS src/services/soundscape.test.ts
PASS src/capabilities/recipes/components/AddToMealPlanSheet.test.tsx
PASS src/capabilities/explore/navigation/ExploreNavigator.test.tsx
PASS src/capabilities/money/runtime/MoneyWidgetStateRuntimeHost.test.tsx
PASS src/ui/PickerFields.test.tsx
PASS src/capabilities/chores/components/ChoreEvidencePhoto.test.tsx
PASS src/services/soundscapeCatalog.test.ts
PASS src/features/household-food/components/FoodNeedsDrawer.test.tsx
PASS src/features/activities/ActivityAttachmentCard.test.tsx
PASS src/services/soundscapeLoopAsset.test.ts
PASS src/features/shared-home/SharedLifeNativeText.test.ts
PASS src/ui/SortDrawer.test.tsx
PASS src/capabilities/games/features/tumble/__tests__/BankPlayerPicker.test.tsx
PASS src/features/activities/InventoryDockAffordances.test.tsx
PASS src/features/screen-time/components/ScreenTimeUnlockGuide.test.tsx
PASS src/capabilities/meal-planning/domain/mealPlanningRecipeInventory.test.ts
PASS src/capabilities/games/players/__tests__/SavedPlayerPicker.test.tsx
PASS src/features/household-food/components/UsualDinersDrawer.test.tsx
PASS src/capabilities/money/components/MoneyPlanLimitAnswer.test.tsx
PASS src/capabilities/meal-planning/components/MealOccasionDrawer.test.tsx
PASS src/ui/KwiltLoader.test.tsx
PASS src/ui/AlertDialog.test.tsx
PASS src/ui/Dialog.accessibility.test.tsx
PASS src/features/capability-onboarding/CapabilityOnboardingStepScreen.test.tsx
PASS src/capabilities/games/players/__tests__/PlayerIdentityEditor.test.tsx
PASS src/features/account/KwiltLabsSettingsScreen.test.tsx
PASS src/capabilities/money/screens/MoneyScreenFrame.test.tsx
PASS src/features/household-food/components/MealSetupDrawer.test.tsx
PASS src/capabilities/money/components/MoneyFreshnessStamp.test.tsx
PASS src/ui/SettingsSurface.test.tsx
  ● Console

    console.error
      An update to Animated(View) inside a test was not wrapped in act(...).

      When testing, code that causes React state updates should be wrapped into act(...):

      act(() => {
        /* fire events that update state */
      });
      /* assert on the output */

      This ensures that you're testing the behavior the user would see in the browser. Learn more at https://react.dev/link/wrap-tests-with-act

      at node_modules/react-test-renderer/cjs/react-test-renderer.development.js:14402:19
      at runWithFiberInDEV (node_modules/react-test-renderer/cjs/react-test-renderer.development.js:2315:13)
      at warnIfUpdatesNotWrappedWithActDEV (node_modules/react-test-renderer/cjs/react-test-renderer.development.js:14401:9)
      at scheduleUpdateOnFiber (node_modules/react-test-renderer/cjs/react-test-renderer.development.js:12086:9)
      at dispatchReducerAction (node_modules/react-test-renderer/cjs/react-test-renderer.development.js:6155:13)
      at Object.scheduleUpdate [as current] (node_modules/react-native/src/private/animated/createAnimatedPropsHook.js:121:20)
      at AnimatedProps.current [as _callback] (node_modules/react-native/src/private/animated/createAnimatedPropsHook.js:64:56)
      at AnimatedProps._callback [as update] (node_modules/react-native/Libraries/Animated/nodes/AnimatedProps.js:231:10)
      at update (node_modules/react-native/Libraries/Animated/nodes/AnimatedValue.js:64:31)
          at Set.forEach (<anonymous>)
      at forEach (node_modules/react-native/Libraries/Animated/nodes/AnimatedValue.js:64:10)
      at AnimatedValue.flushValue [as _updateValue] (node_modules/react-native/Libraries/Animated/nodes/AnimatedValue.js:358:7)
      at TimingAnimation._updateValue [as _onUpdate] (node_modules/react-native/Libraries/Animated/nodes/AnimatedValue.js:322:14)
      at TimingAnimation._onUpdate [as onUpdate] (node_modules/react-native/Libraries/Animated/animations/TimingAnimation.js:157:10)
      at onUpdate (node_modules/react-native/Libraries/Animated/animations/TimingAnimation.js:132:67)
      at Timeout.callback [as _onTimeout] (node_modules/react-native-worklets/src/runLoop/uiRuntime/mockedRequestAnimationFrame.ts:10:27)

    console.error
      An update to Animated(View) inside a test was not wrapped in act(...).

      When testing, code that causes React state updates should be wrapped into act(...):

      act(() => {
        /* fire events that update state */
      });
      /* assert on the output */

      This ensures that you're testing the behavior the user would see in the browser. Learn more at https://react.dev/link/wrap-tests-with-act

      at node_modules/react-test-renderer/cjs/react-test-renderer.development.js:14402:19
      at runWithFiberInDEV (node_modules/react-test-renderer/cjs/react-test-renderer.development.js:2315:13)
      at warnIfUpdatesNotWrappedWithActDEV (node_modules/react-test-renderer/cjs/react-test-renderer.development.js:14401:9)
      at scheduleUpdateOnFiber (node_modules/react-test-renderer/cjs/react-test-renderer.development.js:12086:9)
      at dispatchReducerAction (node_modules/react-test-renderer/cjs/react-test-renderer.development.js:6155:13)
      at Object.scheduleUpdate [as current] (node_modules/react-native/src/private/animated/createAnimatedPropsHook.js:121:20)
      at AnimatedProps.current [as _callback] (node_modules/react-native/src/private/animated/createAnimatedPropsHook.js:64:56)
      at AnimatedProps._callback [as update] (node_modules/react-native/Libraries/Animated/nodes/AnimatedProps.js:231:10)
      at update (node_modules/react-native/Libraries/Animated/nodes/AnimatedValue.js:64:31)
          at Set.forEach (<anonymous>)
      at forEach (node_modules/react-native/Libraries/Animated/nodes/AnimatedValue.js:64:10)
      at AnimatedValue.flushValue [as _updateValue] (node_modules/react-native/Libraries/Animated/nodes/AnimatedValue.js:358:7)
      at TimingAnimation._updateValue [as _onUpdate] (node_modules/react-native/Libraries/Animated/nodes/AnimatedValue.js:322:14)
      at TimingAnimation._onUpdate [as onUpdate] (node_modules/react-native/Libraries/Animated/animations/TimingAnimation.js:157:10)
      at onUpdate (node_modules/react-native/Libraries/Animated/animations/TimingAnimation.js:132:67)
      at Timeout.callback [as _onTimeout] (node_modules/react-native-worklets/src/runLoop/uiRuntime/mockedRequestAnimationFrame.ts:10:27)

    console.error
      An update to Animated(View) inside a test was not wrapped in act(...).

      When testing, code that causes React state updates should be wrapped into act(...):

      act(() => {
        /* fire events that update state */
      });
      /* assert on the output */

      This ensures that you're testing the behavior the user would see in the browser. Learn more at https://react.dev/link/wrap-tests-with-act

      at node_modules/react-test-renderer/cjs/react-test-renderer.development.js:14402:19
      at runWithFiberInDEV (node_modules/react-test-renderer/cjs/react-test-renderer.development.js:2315:13)
      at warnIfUpdatesNotWrappedWithActDEV (node_modules/react-test-renderer/cjs/react-test-renderer.development.js:14401:9)
      at scheduleUpdateOnFiber (node_modules/react-test-renderer/cjs/react-test-renderer.development.js:12086:9)
      at dispatchReducerAction (node_modules/react-test-renderer/cjs/react-test-renderer.development.js:6155:13)
      at Object.scheduleUpdate [as current] (node_modules/react-native/src/private/animated/createAnimatedPropsHook.js:121:20)
      at AnimatedProps.current [as _callback] (node_modules/react-native/src/private/animated/createAnimatedPropsHook.js:64:56)
      at AnimatedProps._callback [as update] (node_modules/react-native/Libraries/Animated/nodes/AnimatedProps.js:231:10)
      at update (node_modules/react-native/Libraries/Animated/nodes/AnimatedValue.js:64:31)
          at Set.forEach (<anonymous>)
      at forEach (node_modules/react-native/Libraries/Animated/nodes/AnimatedValue.js:64:10)
      at AnimatedValue.flushValue [as _updateValue] (node_modules/react-native/Libraries/Animated/nodes/AnimatedValue.js:358:7)
      at TimingAnimation._updateValue [as _onUpdate] (node_modules/react-native/Libraries/Animated/nodes/AnimatedValue.js:322:14)
      at TimingAnimation._onUpdate [as onUpdate] (node_modules/react-native/Libraries/Animated/animations/TimingAnimation.js:157:10)
      at onUpdate (node_modules/react-native/Libraries/Animated/animations/TimingAnimation.js:132:67)
      at Timeout.callback [as _onTimeout] (node_modules/react-native-worklets/src/runLoop/uiRuntime/mockedRequestAnimationFrame.ts:10:27)

    console.error
      An update to Animated(View) inside a test was not wrapped in act(...).

      When testing, code that causes React state updates should be wrapped into act(...):

      act(() => {
        /* fire events that update state */
      });
      /* assert on the output */

      This ensures that you're testing the behavior the user would see in the browser. Learn more at https://react.dev/link/wrap-tests-with-act

      at node_modules/react-test-renderer/cjs/react-test-renderer.development.js:14402:19
      at runWithFiberInDEV (node_modules/react-test-renderer/cjs/react-test-renderer.development.js:2315:13)
      at warnIfUpdatesNotWrappedWithActDEV (node_modules/react-test-renderer/cjs/react-test-renderer.development.js:14401:9)
      at scheduleUpdateOnFiber (node_modules/react-test-renderer/cjs/react-test-renderer.development.js:12086:9)
      at dispatchReducerAction (node_modules/react-test-renderer/cjs/react-test-renderer.development.js:6155:13)
      at Object.scheduleUpdate [as current] (node_modules/react-native/src/private/animated/createAnimatedPropsHook.js:121:20)
      at AnimatedProps.current [as _callback] (node_modules/react-native/src/private/animated/createAnimatedPropsHook.js:64:56)
      at AnimatedProps._callback [as update] (node_modules/react-native/Libraries/Animated/nodes/AnimatedProps.js:231:10)
      at update (node_modules/react-native/Libraries/Animated/nodes/AnimatedValue.js:64:31)
          at Set.forEach (<anonymous>)
      at forEach (node_modules/react-native/Libraries/Animated/nodes/AnimatedValue.js:64:10)
      at AnimatedValue.flushValue [as _updateValue] (node_modules/react-native/Libraries/Animated/nodes/AnimatedValue.js:358:7)
      at TimingAnimation._updateValue [as _onUpdate] (node_modules/react-native/Libraries/Animated/nodes/AnimatedValue.js:322:14)
      at TimingAnimation._onUpdate [as onUpdate] (node_modules/react-native/Libraries/Animated/animations/TimingAnimation.js:157:10)
      at onUpdate (node_modules/react-native/Libraries/Animated/animations/TimingAnimation.js:132:67)
      at Timeout.callback [as _onTimeout] (node_modules/react-native-worklets/src/runLoop/uiRuntime/mockedRequestAnimationFrame.ts:10:27)

PASS src/features/activities/actionCards/ActivityActionCard.test.tsx
PASS src/features/workflow-feedback/WorkflowFeedbackQuestion.test.tsx
PASS src/capabilities/groceries/components/StoreOpportunityCaptureSheet.test.tsx
PASS src/ui/layout/PageHeader.test.tsx
PASS src/features/capability-onboarding/OnboardingPageIndicator.test.tsx
PASS src/capabilities/chores/runtime/useActivityBackedChores.test.tsx
PASS src/features/activities/FloatingDockLabeledActionButton.test.tsx
PASS src/capabilities/games/ui/__tests__/KeyboardSafeFormSheet.test.tsx
PASS src/capabilities/money/components/MoneyCategoryMeterTile.test.tsx
PASS src/capabilities/recipes/data/catalogMediaOverlay.test.ts
PASS src/capabilities/recipes/components/RecipeIngredientList.test.tsx
PASS src/ui/Coachmark.test.tsx
PASS src/ui/DrawerDestinationAction.test.tsx
PASS src/ui/layout/BottomDrawerHeader.test.tsx
PASS src/ui/Button.accessibility.test.tsx
PASS src/ui/ActionDockSplitContent.test.tsx
PASS src/capabilities/explore/components/ExploreAdventureRecap.test.tsx
PASS src/capabilities/groceries/components/KrogerCartReviewSections.test.tsx
PASS src/capabilities/recipes/components/RecipeEditorialPickCard.test.tsx
PASS src/features/activities/TodosEmptyState.test.tsx
PASS src/ui/Combobox.test.tsx
PASS src/capabilities/recipes/components/RecipeAffiliateDisclosureGuide.test.tsx
PASS src/capabilities/recipes/components/ImportEvidenceViewer.test.tsx
PASS src/ui/FullWidthActionDock.test.tsx
PASS src/capabilities/recipes/domain/cuisineFamilies.test.ts
PASS supabase/functions/_shared/__tests__/agentRunCoordinator.test.ts
PASS src/capabilities/recipes/components/RecipeSummaryBar.test.tsx
PASS src/capabilities/groceries/components/SavingsOptionCard.test.tsx
PASS src/capabilities/meal-planning/components/TripTargetSheet.test.tsx
PASS src/capabilities/meal-planning/components/MealFitCallout.test.tsx
PASS src/ui/KwiltRefresh.test.tsx
PASS supabase/functions/_shared/__tests__/serverAgentModel.test.ts
PASS src/capabilities/meal-planning/domain/editorialMealPlanSeed.test.ts
PASS src/capabilities/games/remote/__tests__/useRemotePassPatternRoom.test.tsx
PASS src/capabilities/recipes/domain/editorialMealCollectionContracts.test.ts
PASS src/capabilities/explore/runtime/useExploreRecapResolver.test.tsx
PASS src/capabilities/meal-planning/components/FoodRealityStrip.test.tsx
PASS src/navigation/navigationOrientation.test.ts
PASS src/features/unifiedChat/executeReceiptUndo.test.ts
PASS src/capabilities/games/audio/__tests__/useGameFeedback.test.tsx
PASS src/capabilities/recipes/domain/recipeRecommendations.test.ts
PASS src/capabilities/explore/runtime/useExploreNearbyPlaces.test.tsx
PASS src/ui/NarrativeEditableTitle.test.tsx
PASS src/services/backend/auth.test.ts
  ● Console

    console.log
      [auth] redirectTo (native): kwilt://auth/callback

      at log (src/services/backend/auth.ts:256:13)

    console.log
      [auth] supabaseUrl (native): undefined

      at log (src/services/backend/auth.ts:258:13)

    console.log
      [auth] oauth start url (native): https://auth.kwilt.app/auth/v1/authorize?provider=apple

      at log (src/services/backend/auth.ts:309:13)

    console.log
      [auth] callback url: kwilt://auth/callback?error=server_error&error_code=unexpected_failure&error_description=Unable+to+exchange+external+code%3A+cacb#error=server_error&error_code=unexpected_failure&error_description=Unable+to+exchange+external+code%253A+cacb&sb=opaque

      at log (src/services/backend/auth.ts:365:13)

PASS scripts/conversational-control-corpus.test.ts
PASS src/ui/hooks/useAccessibilityPreferences.test.tsx
PASS src/services/NotificationService.test.ts
PASS src/features/activities/ActivityInventoryRow.test.tsx
PASS src/ui/BottomGuide.test.tsx
PASS supabase/functions/_shared/__tests__/externalMcp.test.ts
PASS src/capabilities/money/components/MoneyCategoryCover.test.tsx
PASS src/capabilities/meal-planning/domain/guestMealFeedbackMigration.test.ts
PASS src/capabilities/explore/domain/exploreGeometry.test.ts
PASS src/ui/InventoryControlGroup.test.tsx
PASS src/ui/layout/ObjectDetailMediaShell.test.tsx
PASS src/ui/Input.accessibility.test.tsx
PASS src/features/activities/FloatingControlSurface.test.tsx
PASS src/features/activities/useActivityScheduleSheetController.test.tsx
PASS src/capabilities/groceries/components/InstacartCtaButton.test.tsx
PASS src/capabilities/money/components/MoneyDetailMeter.test.tsx
PASS src/features/activities/useActivityFocusController.test.tsx
PASS src/features/unifiedChat/onDeviceChatProvider.test.ts
PASS src/capabilities/recipes/components/RecipeOriginStory.test.tsx
PASS src/features/unifiedChat/threadRepository.test.ts
PASS src/ui/UnderKeyboardDrawer.test.tsx
PASS src/ui/SegmentedControl.accessibility.test.tsx
PASS src/features/liveConversation/voiceOperationConformance.test.ts
PASS src/capabilities/groceries/components/GroceryItemProvenanceSheet.test.tsx
PASS src/ui/FormField.test.tsx
PASS src/ui/Typography.accessibility.test.tsx
PASS src/features/unifiedChat/executeRecipeProposalDecision.test.ts
PASS src/capabilities/recipes/components/RecipeMethodPreview.test.tsx
PASS src/ui/DropdownMenu.test.tsx
PASS src/ui/ProfileAvatar.test.tsx
PASS src/ui/layout/AppShell.test.tsx
PASS src/features/unifiedChat/planProposalExecutor.test.ts
PASS src/features/ai/safeMarkdown.test.ts
PASS src/capabilities/games/audio/__tests__/usePatternGroove.test.tsx
PASS src/capabilities/games/features/tumble/__tests__/BankBroadcastBoard.test.tsx
PASS src/capabilities/games/features/tumble/__tests__/BankPot.test.tsx
PASS src/services/analytics/usePosthogSafe.test.tsx
PASS src/features/activities/useQuickAddDockController.test.ts
PASS src/features/unifiedChat/turnContextPhase.test.ts
PASS src/features/unifiedChat/chatCapabilityCoverage.test.ts
PASS src/services/notifications/notificationBackgroundTask.test.ts
PASS src/capabilities/explore/domain/exploreRecordedPath.test.ts
PASS src/ui/buttonTokens.accessibility.test.ts
PASS src/ui/BrandLockup.accessibility.test.tsx
PASS supabase/functions/_shared/__tests__/agentRuntime.test.ts
PASS src/services/phoneAgent.test.ts
PASS src/navigation/CapabilityShellContext.test.ts
PASS src/features/unifiedChat/onDeviceGenerationPolicy.test.ts
PASS src/features/arcs/goalProgressSignals.test.ts
PASS src/theme/motion.test.ts
PASS src/navigation/capabilitySideSheetMotion.test.ts
PASS src/capabilities/recipes/data/catalogMediaRepository.test.ts
PASS src/ui/layout/bottomDockGeometry.test.ts
PASS src/services/uiSounds.test.ts
PASS src/features/unifiedChat/chapterProposal.test.ts
PASS src/features/unifiedChat/turnPlanningPhase.test.ts
PASS src/features/unifiedChat/agentCapabilityEvalCases.test.ts
PASS src/services/relationshipMemoryToolProvider.test.ts
PASS src/features/unifiedChat/requestRoutingEvalCases.test.ts
PASS src/capabilities/money/data/moneyRepository.test.ts
PASS src/capabilities/plan/actions/planActions.test.ts
PASS src/features/activities/focusSessionStore.test.ts
PASS supabase/functions/_shared/__tests__/emailTemplates.test.ts
PASS src/services/plan/loadPlanAgentContext.test.ts
PASS src/services/plan/calendarEventCommit.test.ts
PASS supabase/functions/_shared/__tests__/serverAgentTools.test.ts
PASS src/capabilities/explore/runtime/exploreShardedStorage.test.ts
PASS packages/kwilt-agent-runtime/src/capabilityManifest.test.ts
PASS src/services/analytics/analytics.test.ts
PASS src/services/analytics/analyticsConsentRuntime.test.ts
PASS src/capabilities/money/data/moneyHouseholdAccessMigration.test.ts
PASS src/services/sharedGoals.test.ts
PASS src/icons/KwiltIcons.test.tsx
PASS src/navigation/linkingConfig.test.ts
PASS src/features/activities/FocusEnvironmentBackdrop.test.tsx
PASS src/ui/HapticPressable.test.tsx
PASS packages/kwilt-agent-runtime/src/kwiltToolContracts.test.ts
PASS src/capabilities/uiParityInventory.test.ts
PASS src/features/shared-home/useSharedLife.test.tsx
PASS src/features/unifiedChat/groceryControlToolProvider.test.ts
PASS src/capabilities/recipes/data/starterEditorialRecipeCatalog.test.ts
PASS src/ui/Icon.test.tsx
PASS src/capabilities/games/ui/__tests__/KeyboardSafeScrollView.test.tsx
PASS src/capabilities/meal-planning/actions/mealPlanActions.test.ts
PASS src/ui/SplitActionDock.test.tsx
PASS src/navigation/capabilityNavigationAction.test.ts
PASS src/test/renderWithProviders.test.tsx
PASS src/capabilities/games/audio/__tests__/usePatternAudio.test.tsx
PASS src/capabilities/groceries/providers/krogerProvider.test.ts
PASS src/capabilities/recipes/runtime/useHiddenRecipeStore.test.ts
PASS src/capabilities/meal-planning/data/mealPlanningRepository.test.ts
PASS src/features/unifiedChat/UnifiedChatDrawer.test.tsx
PASS src/capabilities/recipes/runtime/useRecipeFavoriteStore.test.ts
PASS src/capabilities/chores/domain/choreActions.test.ts
PASS src/capabilities/food-ai/foodAuthorityPolicy.test.ts
PASS src/capabilities/operations.test.ts
PASS src/capabilities/groceries/screens/OnlineStorePickerScreen.test.tsx
PASS src/capabilities/recipes/runtime/useRecipeStore.test.ts
PASS src/capabilities/explore/runtime/ExploreSyncRuntimeHost.test.tsx
PASS src/features/unifiedChat/activityProposalExecutor.test.ts
PASS src/features/unifiedChat/executeMealPlanProposalDecision.test.ts
PASS src/features/unifiedChat/clientActionNavigation.test.ts
PASS src/features/unifiedChat/householdChatToolProvider.test.ts
PASS packages/kwilt-agent-runtime/src/externalActionCatalog.test.ts
PASS packages/kwilt-agent-runtime/src/foodCapabilityManifest.test.ts
PASS supabase/functions/_shared/__tests__/emailUnsubscribe.test.ts
PASS src/features/shared-home/sharedHomeRepository.test.ts
PASS src/features/activities/useActivityAttachmentsController.test.tsx
PASS src/features/household-food/data/householdMealPreferencesRepository.test.ts
PASS src/features/unifiedChat/householdToolProvider.test.ts
PASS src/features/unifiedChat/executeMealPreferenceProposalDecision.test.ts
PASS src/features/ai/capabilityAgentContext.test.ts
PASS src/capabilities/groceries/data/groceryRepository.test.ts
PASS src/capabilities/groceries/data/krogerConnectionRepository.test.ts
PASS src/capabilities/recipes/domain/recipePublicationContracts.test.ts
PASS src/capabilities/recipes/data/recipeCookRepository.test.ts
PASS src/capabilities/recipes/data/recipeEditorialEnrichment.test.ts
PASS src/capabilities/chores/domain/choreLearning.test.ts
PASS src/capabilities/chores/runtime/useChoreLearningStore.test.ts
PASS src/capabilities/food-ai/recipeImportProposalExecutor.test.ts
PASS src/services/chapters.test.ts
PASS src/navigation/CapabilityMenuStateContext.test.tsx
PASS src/features/household-food/runtime/useHouseholdMealPreferencesStore.test.ts
PASS src/features/unifiedChat/planningBudget.test.ts
PASS src/features/unifiedChat/turnOutcomeTruth.test.ts
PASS src/features/unifiedChat/toolCatalog.test.ts
PASS src/features/unifiedChat/unifiedChatConfig.test.ts
PASS src/features/unifiedChat/buildWorkbenchSnapshot.test.ts
PASS src/features/plan/usePlanClock.test.ts
PASS src/capabilities/groceries/data/foodStockRepository.test.ts
PASS src/capabilities/groceries/providers/amazonCartPreparationProvider.test.ts
PASS src/capabilities/recipes/actions/recipeCookActions.test.ts
PASS src/capabilities/explore/runtime/exploreSyncRepository.test.ts
PASS src/services/ugcSafety.test.ts
PASS src/features/unifiedChat/unifiedChatVoice.test.ts
PASS src/features/unifiedChat/conversationalParity.test.ts
PASS src/features/unifiedChat/executeGroceryProposalDecision.test.ts
PASS src/capabilities/games/ui/__tests__/GameButton.test.tsx
PASS src/capabilities/money/runtime/moneyGlanceableState.test.ts
PASS src/capabilities/recipes/data/recipeRepository.test.ts
PASS src/capabilities/explore/runtime/ExploreLabsRuntimeHost.test.tsx
PASS src/capabilities/explore/runtime/exploreBackgroundTask.test.ts
PASS src/capabilities/chores/data/choreRepository.test.ts
PASS src/capabilities/food-ai/evals/foodOperationEvalCases.test.ts
PASS src/capabilities/meal-planning/domain/mealPlanContracts.test.ts
PASS src/services/milestones.test.ts
PASS src/features/unifiedChat/activityProposal.test.ts
PASS src/capabilities/games/audio/__tests__/useOddballCountdownAudio.test.tsx
PASS src/capabilities/groceries/data/foodScenarioRepository.test.ts
PASS src/capabilities/money/native/moneyPlaidLink.native.test.ts
  ● Console

    console.info
      [money-plaid-link] { event: 'EXIT' }

      at info (src/capabilities/money/native/moneyPlaidDiagnostics.ts:14:27)

    console.info
      [money-plaid-link] { event: 'EXIT' }

      at info (src/capabilities/money/native/moneyPlaidDiagnostics.ts:14:27)

    console.info
      [money-plaid-link] { event: 'EXIT', errorCode: 'INSTITUTION_NOT_RESPONDING' }

      at info (src/capabilities/money/native/moneyPlaidDiagnostics.ts:14:27)

    console.info
      [money-plaid-link] { event: 'SUCCESS' }

      at info (src/capabilities/money/native/moneyPlaidDiagnostics.ts:14:27)

    console.info
      [money-plaid-link] { event: 'SUCCESS' }

      at info (src/capabilities/money/native/moneyPlaidDiagnostics.ts:14:27)

    console.info
      [money-plaid-link] { event: 'SUCCESS' }

      at info (src/capabilities/money/native/moneyPlaidDiagnostics.ts:14:27)

    console.info
      [money-plaid-link] { event: 'EXIT' }

      at info (src/capabilities/money/native/moneyPlaidDiagnostics.ts:14:27)

    console.info
      [money-plaid-link] { event: 'SUCCESS' }

      at info (src/capabilities/money/native/moneyPlaidDiagnostics.ts:14:27)

    console.info
      [money-plaid-link] { event: 'SUCCESS' }

      at info (src/capabilities/money/native/moneyPlaidDiagnostics.ts:14:27)

PASS src/capabilities/recipes/data/recipeImportRepository.test.ts
PASS src/capabilities/explore/domain/explorePlayback.test.ts
PASS src/capabilities/food-ai/evals/recipeImportEvalCases.test.ts
PASS src/capabilities/meal-planning/data/mealPlanAttentionRepository.test.ts
PASS supabase/functions/_shared/__tests__/externalMcpWrite.test.ts
PASS supabase/functions/_shared/__tests__/serverMoneyTools.test.ts
PASS src/services/analytics/foodAnalyticsContracts.test.ts
PASS src/services/appleEcosystem/screenTimePrerequisiteNative.test.ts
PASS src/features/household/screenTime/familyScreenTimeCommands.test.ts
PASS src/features/activities/useFloatingControlElevation.test.tsx
PASS src/features/activities/useActivityRepeatEditor.test.tsx
PASS src/features/plan/usePlanRecommendationFunnel.test.ts
PASS src/capabilities/games/domain/__tests__/storyAdventure.test.ts
PASS src/capabilities/games/features/tumble/__tests__/bankPotPresentation.test.ts
PASS src/capabilities/games/features/tumble/__tests__/useRollCooldown.test.tsx
PASS src/capabilities/games/ui/GameButton.test.tsx
PASS src/capabilities/groceries/actions/groceryListActions.test.ts
PASS src/capabilities/groceries/actions/foodStockActions.test.ts
PASS src/capabilities/recipes/domain/recipeValidation.test.ts
PASS src/capabilities/recipes/domain/recipeImportContracts.test.ts
PASS src/capabilities/recipes/data/recipeFavoriteRepository.test.ts
PASS src/capabilities/food-ai/foodProposalContracts.test.ts
PASS supabase/functions/_shared/__tests__/chapterOutputValidation.test.ts
PASS supabase/functions/_shared/__tests__/externalMcpOAuth.test.ts
PASS src/services/analytics/appLifecycleAnalytics.test.ts
PASS src/navigation/capabilityNavigation.test.ts
PASS src/features/unifiedChat/UnifiedChatScreen.test.tsx
PASS src/features/unifiedChat/requestPolicy.test.ts
PASS src/capabilities/games/domain/__tests__/slanguage.test.ts
PASS src/capabilities/games/domain/stitch-five.test.ts
PASS src/capabilities/games/features/timer/useGameTimer.test.tsx
PASS src/capabilities/groceries/data/foodCycleRepository.test.ts
PASS src/capabilities/money/runtime/livingPlanReconciliation.test.ts
PASS src/capabilities/recipes/domain/recipeCookCueBuilder.test.ts
PASS src/capabilities/recipes/domain/recipeContracts.test.ts
PASS src/capabilities/recipes/data/hiddenRecipeRepository.test.ts
PASS src/capabilities/recipes/actions/recipeCollaborationActions.test.ts
PASS src/capabilities/recipes/voice/cookVoiceSilenceDetector.test.ts
PASS src/capabilities/recipes/platform/__tests__/useCookModeOrientation.test.tsx
PASS src/capabilities/explore/domain/exploreNearby.test.ts
PASS src/capabilities/explore/domain/exploreRecap.test.ts
PASS supabase/functions/_shared/__tests__/serverTurnPlanning.test.ts
PASS supabase/functions/_shared/__tests__/serverAgentResponses.test.ts
PASS supabase/functions/_shared/__tests__/mobileAgentRunBackground.test.ts
PASS src/services/attachments/nativeAttachmentPreview.test.ts
PASS src/features/shared-home/useHomeReaction.test.ts
PASS src/features/household/data/household.test.ts
PASS src/features/unifiedChat/unifiedChatAttachmentPolicy.test.ts
PASS src/features/unifiedChat/hybridRequestPolicy.test.ts
PASS src/features/unifiedChat/executeProposalDecision.test.ts
PASS src/features/unifiedChat/executeGoalProposalDecision.test.ts
PASS src/features/liveConversation/durableRealtimeTool.test.ts
PASS src/features/liveConversation/liveConversationSpeech.test.ts
PASS src/features/screen-time/domain/personalScreenTimeRuleActions.test.ts
PASS src/capabilities/games/remote/__tests__/remoteSlanguageClient.test.ts
PASS src/capabilities/games/remote/__tests__/serverSlanguage.test.ts
PASS src/capabilities/games/remote/__tests__/remoteBankTableClient.test.ts
PASS src/capabilities/games/domain/__tests__/onePlan.test.ts
PASS src/capabilities/games/platform/__tests__/useActiveGameOrientation.test.tsx
PASS src/capabilities/groceries/domain/groceryContracts.test.ts
PASS src/capabilities/money/domain/livingPlanEvidence.test.ts
PASS src/capabilities/money/data/moneySnapshot.test.ts
PASS src/capabilities/money/actions/moneyControlActions.test.ts
PASS src/capabilities/recipes/domain/recipeScaling.test.ts
PASS src/capabilities/recipes/domain/recipeCookLearning.test.ts
PASS src/capabilities/recipes/data/starterRecipePresentation.test.ts
PASS src/capabilities/plan/actions/planPreferenceActions.test.ts
PASS src/capabilities/meal-planning/domain/sharedMealCart.test.ts
PASS src/capabilities/meal-planning/domain/mealPlanPresentation.test.ts
PASS src/capabilities/meal-planning/domain/returnPlanMealToIdeasMigration.test.ts
PASS src/capabilities/meal-planning/domain/mealCommitments.test.ts
PASS supabase/functions/_shared/__tests__/externalMcpActionParity.test.ts
PASS supabase/functions/_shared/__tests__/founderAlerts.test.ts
PASS src/services/accountDeletionProviderToken.test.ts
PASS src/services/entitlements.test.ts
PASS src/services/accountDeletion.test.ts
PASS src/services/screenTimeProtection.test.ts
PASS src/navigation/navigationPersistence.test.ts
PASS src/features/household/data/householdAvatars.test.ts
PASS src/features/household/personalDevice/managedChildAccess.test.ts
PASS src/features/activities/activityQuickAddDefaults.test.ts
PASS src/features/unifiedChat/capabilityAdapters.test.ts
PASS src/features/unifiedChat/foodCapabilityAdapters.test.ts
PASS src/features/unifiedChat/conversationReferent.test.ts
PASS src/features/unifiedChat/executeArcProposalDecision.test.ts
PASS src/features/unifiedChat/durableMobileChatTurn.test.ts
PASS src/features/unifiedChat/localChatRoute.test.ts
PASS src/features/unifiedChat/executePlanProposalDecision.test.ts
PASS src/features/unifiedChat/executeMoneyControlProposalDecision.test.ts
PASS src/features/unifiedChat/recoverScreenTimeMutations.test.ts
PASS src/features/unifiedChat/turnContract.test.ts
PASS src/features/unifiedChat/workbenchProtocol.test.ts
PASS src/features/screen-time/domain/personalCompositeRuleActions.test.ts
PASS src/capabilities/games/navigation/gamesRouter.test.ts
PASS src/capabilities/money/data/livingPlanRepository.test.ts
PASS src/capabilities/money/data/moneyPlanProjection.test.ts
PASS src/capabilities/recipes/domain/recipeUpdateSuggestion.test.ts
PASS src/capabilities/recipes/voice/cookVoiceCacheCleanup.test.ts
PASS src/capabilities/meal-planning/actions/mealPreferenceActions.test.ts
PASS packages/food-core/src/compiler.test.ts
PASS packages/kwilt-agent-runtime/src/strictToolSchema.test.ts
PASS supabase/functions/_shared/__tests__/chapterRecommendations.test.ts
PASS supabase/functions/_shared/__tests__/resendWebhook.test.ts
PASS src/services/appleEcosystem/liveActivity.test.ts
PASS src/services/appleEcosystem/glanceableState.snapshots.test.ts
PASS src/services/QueryService.test.ts
PASS src/services/audioAssetDelivery.test.ts
PASS src/services/checkinDrafts.test.ts
PASS src/services/soundscapeLoopTransport.test.ts
PASS src/services/checkins.test.ts
PASS src/domain/arcCreationSurvey.test.ts
PASS src/features/shared-home/sharedLifePublishing.test.ts
PASS src/features/account/actions/sharingActions.test.ts
PASS src/features/account/actions/executionTargetActions.test.ts
PASS src/features/account/actions/activityAreaActions.test.ts
PASS src/features/household/data/householdMigration.test.ts
PASS src/features/household/data/householdDeviceParticipation.test.ts
PASS src/features/household/screenTime/data/familyScreenTime.test.ts
PASS src/features/activities/inventoryChrome.test.ts
PASS src/features/unifiedChat/agentJudgmentPrompt.test.ts
PASS src/features/unifiedChat/turnFinalizationPhase.test.ts
PASS src/features/unifiedChat/operationalIncidentEvalCases.test.ts
PASS src/features/unifiedChat/legacyAgentCapabilityInventory.test.ts
PASS src/features/unifiedChat/unifiedChatTelemetry.test.ts
PASS src/features/unifiedChat/onDeviceGenerationBenchmark.test.ts
PASS src/features/unifiedChat/mobileToolProviderRegistry.test.ts
PASS src/features/unifiedChat/executeProposalOutcomeBatch.test.ts
PASS src/features/unifiedChat/runStateMachine.test.ts
PASS src/features/liveConversation/liveConversationConnection.test.ts
PASS src/capabilities/games/remote/__tests__/serverBank.test.ts
PASS src/capabilities/games/domain/__tests__/doodleStroke.test.ts
PASS src/capabilities/games/domain/__tests__/connectionGames.test.ts
PASS src/capabilities/groceries/domain/recipeEquipmentSuggestions.test.ts
PASS src/capabilities/groceries/domain/foodScenarioContracts.test.ts
PASS src/capabilities/groceries/providers/groceryProviderContracts.test.ts
PASS src/capabilities/money/domain/moneyCategoryCover.test.ts
PASS src/capabilities/money/domain/living-plan-pagination.test.ts
PASS src/capabilities/money/data/moneyPlaidApi.test.ts
PASS src/capabilities/money/data/moneyMutations.test.ts
PASS src/capabilities/recipes/domain/mealPlanSelection.test.ts
PASS src/capabilities/explore/domain/exploreAdaptiveTracking.test.ts
PASS src/capabilities/meal-planning/domain/mealPlanLifecycle.test.ts
PASS src/capabilities/meal-planning/domain/mealCandidatePreparation.test.ts
PASS packages/kwilt-agent-runtime/src/providerRegistry.test.ts
PASS packages/kwilt-agent-runtime/src/familyScreenTimeContracts.test.ts
PASS packages/kwilt-agent-runtime/src/reliabilityCorpus.test.ts
PASS supabase/functions/_shared/__tests__/phoneAgent.test.ts
PASS supabase/functions/_shared/__tests__/serverScreenTimeTools.test.ts
PASS src/store/streakProtection.test.ts
PASS src/services/appleEcosystem/screenTimeProtection.test.ts
PASS src/services/friendships.test.ts
PASS src/services/arcBannerImageSearchTerms.test.ts
PASS src/services/plan/planDates.test.ts
PASS src/domain/normalizeActivity.test.ts
PASS src/navigation/emailAttribution.test.ts
PASS src/features/account/actions/destinationActions.test.ts
PASS src/features/account/actions/phoneAgentSettingsActions.test.ts
PASS src/features/account/actions/aiModelPreferenceActions.test.ts
PASS src/features/household/screenTime/familyScreenTimeLearning.test.ts
PASS src/features/activities/actionCards/activityActionCardRegistry.test.ts
PASS src/features/activities/activityPriority.test.ts
PASS src/features/unifiedChat/executeHouseholdReceiptUndo.test.ts
PASS src/features/unifiedChat/recoverArcMutations.test.ts
PASS src/features/unifiedChat/moneyToolProvider.test.ts
PASS src/features/unifiedChat/clientActionCopyGuardrail.test.ts
PASS src/features/unifiedChat/unifiedChatAttachmentInspection.test.ts
PASS src/features/unifiedChat/agentJudgment.test.ts
PASS src/features/unifiedChat/executePlanProposalBatch.test.ts
PASS src/features/unifiedChat/buildRunContext.test.ts
PASS src/features/unifiedChat/executeHouseholdProposalDecision.test.ts
PASS src/features/unifiedChat/recoverGoalMutations.test.ts
PASS src/features/unifiedChat/launchContext.test.ts
PASS src/features/unifiedChat/recipeProposal.test.ts
PASS src/features/unifiedChat/screenTimeProposal.test.ts
PASS src/features/ai/activitySuggestionRequestState.test.ts
PASS src/features/arcs/GoalDetailScreen.hookOrder.test.ts
PASS src/features/search/searchAlgorithms.test.ts
PASS src/features/plan/planSlotDraft.test.ts
PASS src/features/screen-time/domain/personalCompositeScreenTimeRule.test.ts
PASS src/config/appEnvironment.test.ts
PASS src/capabilities/lifecycle.test.ts
PASS src/capabilities/games/remote/__tests__/serverPassPattern.test.ts
PASS src/capabilities/games/domain/__tests__/catalog.test.ts
PASS src/capabilities/games/audio/__tests__/audioGainPolicy.test.ts
PASS src/capabilities/games/players/__tests__/savedPlayerStorage.test.ts
PASS src/capabilities/games/players/__tests__/savedPlayers.test.ts
PASS src/capabilities/groceries/domain/foodStockContracts.test.ts
PASS src/capabilities/groceries/domain/savingsContracts.test.ts
PASS src/capabilities/groceries/domain/onlineShoppingPreferences.test.ts
PASS src/capabilities/money/domain/livingPlan.test.ts
PASS src/capabilities/money/domain/governedCategoryPolicy.test.ts
PASS src/capabilities/money/domain/transactionPlanCoverage.test.ts
PASS src/capabilities/money/data/moneyPlaidErrors.test.ts
PASS src/capabilities/money/runtime/connectMoneyAccount.test.ts
PASS src/capabilities/recipes/domain/publicEditorialMealCollections.test.ts
PASS src/capabilities/recipes/domain/recipeCommerceCatalog.test.ts
PASS src/capabilities/recipes/domain/recipeCookStateMachine.test.ts
PASS src/capabilities/plan/actions/planCalendarPreferenceActions.test.ts
PASS src/capabilities/chores/domain/choreCreation.test.ts
PASS src/capabilities/meal-planning/domain/collaborativeHouseholdPlanMigration.test.ts
PASS packages/kwilt-agent-runtime/src/generationJobContracts.test.ts
PASS packages/kwilt-agent-runtime/src/deviceHandoffs.test.ts
PASS supabase/functions/_shared/__tests__/unifiedChatAgentRequest.test.ts
PASS supabase/functions/_shared/__tests__/chapterHealth.test.ts
PASS supabase/functions/_shared/__tests__/agentChannelWorker.test.ts
PASS supabase/functions/_shared/__tests__/aiChatCompletionStream.test.ts
PASS supabase/functions/_shared/__tests__/serverToolProviderRegistry.test.ts
PASS src/store/useCapabilityMenuPinsStore.test.ts
PASS src/services/logger.test.ts
PASS src/services/appleEcosystem/glanceableStateSync.test.ts
PASS src/services/screenTimeProtectionForegroundSync.test.ts
PASS src/services/sync/agentProfileProjection.test.ts
PASS src/services/runCoachRuntimeToolLoop.test.ts
PASS src/services/aiChatCompletionStream.test.ts
PASS src/services/health/healthBackgroundTask.test.ts
PASS src/services/location/currentLocation.test.ts
PASS src/services/plan/planScheduling.test.ts
PASS src/domain/idealArcs.test.ts
PASS src/features/shared-home/sharedLifeDomain.test.ts
PASS src/features/onboarding/identityAspirationParsing.test.ts
PASS src/features/guidedOverture/guidedOvertureEvaluationScenarios.test.ts
PASS src/features/guidedOverture/guidedOvertureModel.test.ts
PASS src/features/account/actions/appearancePreferenceActions.test.ts
PASS src/features/account/actions/connectedToolActions.test.ts
PASS src/features/household/data/householdManagementActions.test.ts
PASS src/features/household/data/householdDeviceParticipationMigration.test.ts
PASS src/features/household/screenTime/data/familyScreenTimeMigration.test.ts
PASS src/features/activities/tagGroups.test.ts
PASS src/features/activities/focusSessionLifecycle.test.ts
PASS src/features/activities/focusEnvironmentCatalog.test.ts
PASS src/features/capability-onboarding/capabilityOnboardingContracts.test.ts
PASS src/features/unifiedChat/recoverPlanMutations.test.ts
PASS src/features/unifiedChat/finalizedConversationTurn.test.ts
PASS src/features/unifiedChat/arcProposalExecutor.test.ts
PASS src/features/unifiedChat/executeChapterProposalDecision.test.ts
PASS src/features/unifiedChat/threadTitle.test.ts
PASS src/features/unifiedChat/directAppControl.test.ts
PASS src/features/unifiedChat/freshEntryThread.test.ts
PASS src/features/unifiedChat/executeScreenTimeProposalDecision.test.ts
PASS src/features/unifiedChat/prepareClientActionNativeReview.test.ts
PASS src/features/unifiedChat/unifiedChatAttachmentPicker.test.ts
PASS src/features/unifiedChat/executeClientActionDecision.test.ts
PASS src/features/unifiedChat/chatProgress.test.ts
PASS src/features/unifiedChat/recoverActivityMutations.test.ts
PASS src/features/ai/agentHandoffParsers.test.ts
PASS src/features/arcs/goalPartnerAccessPresentation.test.ts
PASS src/features/arcs/goalCheckinLifecycleCommands.test.ts
PASS src/features/arcs/goalSharePreviewUrl.test.ts
PASS src/features/liveConversation/conversationProgressSpeech.test.ts
PASS src/features/liveConversation/conversationTurnProfile.test.ts
PASS src/features/liveConversation/conversationActivationFeedback.test.ts
PASS src/features/plan/planSlotInventory.test.ts
PASS src/features/goals/goalInviteReferralUrl.test.ts
PASS src/features/screen-time/domain/screenTimeRuleInventory.test.ts
PASS src/features/screen-time/runtime/screenTimeRuleSystemCleanup.test.ts
PASS src/features/screen-time/runtime/screenTimeMonetizationLifecycle.test.ts
PASS src/features/screen-time/runtime/openScreenTimeRulesTemporarily.test.ts
PASS src/capabilities/actionRuntime/createActionRegistry.test.ts
PASS src/capabilities/actionRuntime/dispatchKwiltAction.test.ts
PASS src/capabilities/notifications/actions/notificationPreferenceActions.test.ts
PASS src/capabilities/games/remote/__tests__/passPatternRoom.test.ts
PASS src/capabilities/games/domain/__tests__/farklePractice.test.ts
PASS src/capabilities/games/domain/__tests__/passPattern.test.ts
PASS src/capabilities/games/audio/__tests__/useGameMusic.test.tsx
PASS src/capabilities/games/features/tumble/__tests__/setupSeats.test.ts
PASS src/capabilities/games/features/tumble/__tests__/confetti.test.ts
PASS src/capabilities/games/players/__tests__/playerIdentity.test.ts
PASS src/capabilities/games/players/__tests__/savedPlayerCloud.test.ts
PASS src/capabilities/groceries/domain/retailerBatchPreparation.test.ts
PASS src/capabilities/groceries/domain/savingsOptimizer.test.ts
PASS src/capabilities/groceries/domain/krogerCartProjection.test.ts
PASS src/capabilities/groceries/domain/foodScenarioPersistence.test.ts
PASS src/capabilities/groceries/data/groceryOfflineQueue.test.ts
PASS src/capabilities/groceries/data/preferredGroceryStore.test.ts
PASS src/capabilities/groceries/providers/affiliateRetailerProvider.test.ts
PASS src/capabilities/groceries/activity/groceryActivityCardProvider.test.ts
PASS src/capabilities/money/domain/moneyCategoryOrder.test.ts
PASS src/capabilities/money/domain/paymentSourcePresentation.test.ts
PASS src/capabilities/money/domain/foodBudgetProjection.test.ts
PASS src/capabilities/money/domain/moneyOnboarding.test.ts
PASS src/capabilities/money/domain/moneyPeriodView.test.ts
PASS src/capabilities/money/domain/categoryPlanDraft.test.ts
PASS src/capabilities/money/domain/moneyDetailView.test.ts
PASS src/capabilities/money/domain/moneyPlanLimitAnswer.test.ts
PASS src/capabilities/money/domain/moneyConnectionOnboarding.test.ts
PASS src/capabilities/money/data/governedMoneyMigration.test.ts
PASS src/capabilities/money/data/moneyConfirmedPatches.test.ts
PASS src/capabilities/money/actions/moneyBudgetControlBoundary.test.ts
PASS src/capabilities/money/runtime/moneyPlanLifecycle.test.ts
PASS src/capabilities/money/runtime/moneyOnboardingStorage.test.ts
PASS src/capabilities/recipes/domain/mealPlanRecipeCandidate.test.ts
PASS src/capabilities/recipes/domain/recipeEditorialPicks.test.ts
PASS src/capabilities/recipes/data/starterRecipeBatch032.test.ts
PASS src/capabilities/recipes/data/recipeCookCache.test.ts
PASS src/capabilities/recipes/voice/cookVoiceReceiptSound.test.ts
PASS src/capabilities/recipes/voice/cookVoiceController.test.ts
PASS src/capabilities/explore/domain/exploreSync.test.ts
PASS src/capabilities/explore/domain/exploreState.test.ts
PASS src/capabilities/explore/runtime/exploreLocationUpdates.test.ts
PASS src/capabilities/explore/runtime/useExploreStore.test.ts
PASS src/capabilities/explore/runtime/exploreBackgroundPolicy.test.ts
PASS src/capabilities/life-structure/actions/profileActions.test.ts
PASS src/capabilities/meal-planning/domain/mealChoiceAggregate.test.ts
PASS src/capabilities/meal-planning/activity/mealPlanningActivityCardProvider.test.ts
PASS packages/kwilt-agent-runtime/src/toolNamespaces.test.ts
PASS supabase/functions/_shared/__tests__/creatorAcquisition.test.ts
PASS supabase/functions/_shared/__tests__/phoneAgentDelivery.test.ts
PASS supabase/functions/_shared/__tests__/agentChannelJobs.test.ts
PASS supabase/functions/_shared/__tests__/phoneAgentContinuation.test.ts
PASS supabase/functions/_shared/__tests__/serverHouseholdTools.test.ts
PASS supabase/functions/_shared/__tests__/aiModelRouting.test.ts
PASS supabase/functions/_shared/__tests__/conversationalControlAuditMigration.test.ts
PASS supabase/functions/_shared/__tests__/serverRelationshipTools.test.ts
PASS src/store/useCheckinNudgeStore.test.ts
PASS src/services/analytics/analyticsConsent.test.ts
PASS src/services/notifications/activityReminderStartupReconciliation.test.ts
PASS src/services/notifications/goalNudge.test.ts
PASS src/services/nativeCrashBreadcrumbs.test.ts
PASS src/services/screenTimeRestrictionPresentation.test.ts
PASS src/services/files/uploadFileToSignedUrl.test.ts
PASS src/services/backend/supabaseAuthStorage.test.ts
PASS src/services/aiErrorParsing.test.ts
PASS src/services/LocationPermissionService.test.ts
PASS src/services/plan/planConflictDetection.test.ts
PASS src/services/plan/planAvailability.test.ts
PASS src/services/scheduling/inferSchedulingDomain.test.ts
PASS src/services/completionFeedbackSoundPolicy.test.ts
PASS src/services/background/registerKwiltBackgroundTasks.test.ts
PASS src/domain/destinationCapabilities.test.ts
PASS src/domain/limits.test.ts
PASS src/domain/generativeCredits.test.ts
PASS src/domain/getEffectiveThumbnailUrl.test.ts
PASS src/domain/proAccessPolicy.test.ts
PASS src/domain/activityRecurrence.test.ts
PASS src/utils/persistImageUri.test.ts
PASS src/utils/getEnv.affiliateRetailers.test.ts
PASS src/features/shared-home/sharedHomeCache.test.ts
PASS src/features/onboarding/ftuePermissionActions.test.ts
PASS src/features/paywall/LegalUrlConsistency.test.ts
PASS src/features/guidedOverture/guidedOvertureResearchDecision.test.ts
PASS src/features/account/screenTimeOverview.test.ts
PASS src/features/account/actions/hapticsPreferenceActions.test.ts
PASS src/features/account/actions/widgetPreferenceActions.test.ts
PASS src/features/account/subscriptionPricing.test.ts
PASS src/features/household/sharedDevice/householdModeReconciliation.test.ts
PASS src/features/household/data/householdAvatarMigration.test.ts
PASS src/features/household/data/householdInviteDeliveryMigration.test.ts
PASS src/features/household/screenTime/familyScreenTimePresentation.test.ts
PASS src/features/activities/ActivityDetailStepCompletion.test.ts
PASS src/features/activities/activityListSpacing.test.ts
PASS src/features/activities/activityScheduleSelection.test.ts
PASS src/features/activities/recurringOccurrenceVisibility.test.ts
PASS src/features/activities/activityCustomRepeat.test.ts
PASS src/features/activities/nextBestAction.test.ts
PASS src/features/activities/actionCards/activityActionCardPolicy.test.ts
PASS src/features/activities/actionCards/screenTimeActivityCardProvider.test.ts
PASS src/features/activities/activityLocationTriggers.test.ts
PASS src/features/activities/ActivitiesViewSettingsContract.test.ts
PASS src/features/activities/focusLiveActivitySource.test.ts
PASS src/features/activities/dueDateReminderPolicy.test.ts
PASS src/features/activities/activityScheduleSheetDraft.test.ts
PASS src/features/activities/ActivityDetailGoalNavigation.test.ts
PASS src/features/activities/activityTypeHeaderArtwork.test.ts
PASS src/features/activities/activityRepeatLabels.test.ts
PASS src/features/activities/activityGrouping.test.ts
PASS src/features/activities/activityGoalOptions.test.ts
PASS src/features/activities/inventoryDockActions.test.ts
PASS src/features/capability-onboarding/capabilityOnboardingState.test.ts
PASS src/features/capability-onboarding/capabilityOnboardingPagerModel.test.ts
PASS src/features/household-food/data/householdMealPreferencesCache.test.ts
PASS src/features/household-food/foodNavigationOptions.test.ts
PASS src/features/workflow-feedback/workflowFeedbackRegistry.test.ts
PASS src/features/workflow-feedback/workflowFeedbackStorage.test.ts
PASS src/features/unifiedChat/resumeRefreshPolicy.test.ts
PASS src/features/unifiedChat/webSearchResponse.test.ts
PASS src/features/unifiedChat/planRecommendationTool.test.ts
PASS src/features/unifiedChat/onDeviceGenerationQuality.test.ts
PASS src/features/unifiedChat/chapterProposalExecutor.test.ts
PASS src/features/unifiedChat/recoverMoneyControlMutations.test.ts
PASS src/features/unifiedChat/runDurableRealtimeRequest.test.ts
PASS src/features/unifiedChat/proposalReceiptSummary.test.ts
PASS src/features/unifiedChat/planConversationReferent.test.ts
PASS src/features/unifiedChat/recoverProfileMutations.test.ts
PASS src/features/unifiedChat/familyScreenTimeChatEvidence.test.ts
PASS src/features/unifiedChat/goalProposal.test.ts
PASS src/features/unifiedChat/chatTranscript.test.ts
PASS src/features/unifiedChat/foodControlToolProvider.test.ts
PASS src/features/unifiedChat/recoverChapterMutations.test.ts
PASS src/features/unifiedChat/recipeChatAdapter.test.ts
PASS src/features/unifiedChat/choreToolProvider.test.ts
PASS src/features/unifiedChat/goalProposalExecutor.test.ts
PASS src/features/unifiedChat/contextualChatPresentation.test.ts
PASS src/features/unifiedChat/runtimeToolTransport.test.ts
PASS src/features/unifiedChat/visibleAssistantText.test.ts
PASS src/features/unifiedChat/unifiedChatTranscriptInsertion.test.ts
PASS src/features/unifiedChat/typedTurnControl.test.ts
PASS src/features/unifiedChat/semanticRequestRouter.test.ts
PASS src/features/ai/activitySuggestionSelection.test.ts
PASS src/features/arcs/goalProposalMerge.test.ts
PASS src/features/ai/activitySuggestionRail.test.ts
PASS src/features/arcs/goalTargetDateMutations.test.ts
PASS src/features/arcs/goalPartnerPromptDecision.test.ts
PASS src/features/arcs/goalTargetDatePickerDefaults.test.ts
PASS src/features/arcs/goalPartnerRoles.test.ts
PASS src/features/liveConversation/liveConversationState.test.ts
PASS src/features/liveConversation/openAiRealtimeEvents.test.ts
PASS src/features/liveConversation/conversationProgressCue.test.ts
PASS src/features/liveConversation/conversationLatency.test.ts
PASS src/features/liveConversation/conversationTurnFinalizer.test.ts
PASS src/features/liveConversation/conversationStateAudio.test.ts
PASS src/features/safety/contextualUgcSafetyMigration.test.ts
PASS src/features/goals/GoalsScreen.contextualChat.test.ts
PASS src/features/screen-time/components/ScreenTimeUnlockGuideHost.test.ts
PASS src/features/screen-time/rule-builder/personalRuleBuilderLaunch.test.ts
PASS src/features/screen-time/runtime/screenTimeHandoffStore.test.ts
PASS src/features/screen-time/runtime/screenTimeHandoffForegroundSync.test.ts
PASS src/features/screen-time/rule-builder/personalRuleBuilderModel.test.ts
PASS src/capabilities/games/remote/remoteGamesReleaseGate.test.ts
PASS src/capabilities/relationships/actions/relationshipActions.test.ts
PASS src/capabilities/games/remote/__tests__/remoteBank.test.ts
PASS src/capabilities/games/remote/__tests__/gamesHostIntegrationContract.test.ts
PASS src/capabilities/games/domain/__tests__/passPatternRhythm.test.ts
PASS src/capabilities/games/domain/__tests__/celebration.test.ts
PASS src/capabilities/games/domain/__tests__/doodleBridge.test.ts
PASS src/capabilities/games/domain/__tests__/bank.test.ts
PASS src/capabilities/games/audio/gameMusicState.test.ts
PASS src/capabilities/games/navigation/__tests__/backToGames.test.ts
PASS src/capabilities/games/features/connection-games/__tests__/SlanguageStartScreen.test.ts
PASS src/capabilities/games/features/timer/gameTimerDuration.test.ts
PASS src/capabilities/games/players/__tests__/personalBestCloud.test.ts
PASS src/capabilities/games/players/__tests__/personalBests.test.ts
PASS src/capabilities/games/players/__tests__/playerSeats.test.ts
PASS src/capabilities/games/players/__tests__/personalBestStorage.test.ts
PASS src/capabilities/groceries/groceryExport.test.ts
PASS src/capabilities/groceries/domain/krogerProductMatching.test.ts
PASS src/capabilities/groceries/domain/foodScenarioOptimizer.test.ts
PASS src/capabilities/groceries/domain/retailerLinkSession.test.ts
PASS src/capabilities/groceries/domain/groceryPersistence.test.ts
PASS src/capabilities/groceries/domain/retailPackageNormalization.test.ts
PASS src/capabilities/groceries/domain/onlineRetailerResolver.test.ts
PASS src/capabilities/groceries/domain/cartSavingsSuggestions.test.ts
PASS src/capabilities/groceries/data/onlineShoppingPreferencesRepository.test.ts
PASS src/capabilities/groceries/data/retailerStoreConfirmation.test.ts
PASS src/capabilities/groceries/data/groceryEducation.test.ts
PASS src/capabilities/registry.test.ts
PASS src/capabilities/money/presentation/budgetOverviewMoney.test.ts
PASS src/capabilities/money/domain/livingPlanPromotion.test.ts
PASS src/capabilities/money/domain/moneyEconomicRole.test.ts
PASS src/capabilities/money/domain/moneyAppControl.test.ts
PASS src/capabilities/money/domain/merchantRuleOffer.test.ts
PASS src/capabilities/money/domain/moneyOnboardingDemoBudget.test.ts
PASS src/capabilities/money/domain/monthlyBudgetSummary.test.ts
PASS src/capabilities/money/domain/transactionAllocation.test.ts
PASS src/capabilities/money/domain/monthlyPlanCarry.test.ts
PASS src/capabilities/money/domain/moneySavedCheck.test.ts
PASS src/capabilities/money/domain/moneyOnboardingFollowThrough.test.ts
PASS src/capabilities/money/domain/moneyOnboardingAssessment.test.ts
PASS src/capabilities/money/domain/demoMoneyEnvironment.test.ts
PASS src/capabilities/money/domain/privacyLockState.test.ts
PASS src/capabilities/money/domain/categoryFunding.test.ts
PASS src/capabilities/money/domain/transactionTruthTelemetry.test.ts
PASS src/capabilities/money/domain/transactionNote.test.ts
PASS src/capabilities/money/domain/budgetOverageReview.test.ts
PASS src/capabilities/money/data/moneyFamilySharing.test.ts
PASS src/capabilities/money/data/moneyTransactionPlanRoleMigration.test.ts
PASS src/capabilities/money/data/moneyDataState.test.ts
PASS src/capabilities/money/data/moneyAllocationMigration.test.ts
PASS src/capabilities/money/data/moneyConversationalControlMigration.test.ts
PASS src/capabilities/money/screens/MoneyAccountsScreen.test.tsx
PASS src/capabilities/money/navigation/moneyNavigationOptions.test.ts
PASS src/capabilities/money/runtime/moneySavedCheckStorage.test.ts
PASS src/capabilities/money/runtime/moneySummaryAutoRefresh.test.ts
PASS src/capabilities/money/runtime/moneyLifecycle.test.ts
PASS src/capabilities/money/runtime/moneyMutationTelemetry.test.ts
PASS src/capabilities/money/runtime/moneyProAccess.test.ts
PASS src/capabilities/money/runtime/moneyPlanLimitAnalytics.test.ts
PASS src/capabilities/money/runtime/moneyMutationFeedback.test.ts
PASS src/capabilities/money/runtime/moneySnapshotCache.test.ts
PASS src/capabilities/money/native/moneyPlaidDiagnostics.test.ts
PASS src/capabilities/recipes/domain/recipeCookContracts.test.ts
PASS src/capabilities/recipes/domain/recipeSnapshotScale.test.ts
PASS src/capabilities/recipes/domain/recipeNextAction.test.ts
PASS src/capabilities/recipes/domain/recipeCookSessionCueMigration.test.ts
PASS src/capabilities/recipes/domain/recipeInstructionPhases.test.ts
PASS src/capabilities/recipes/domain/mealPreferences.test.ts
PASS src/capabilities/recipes/domain/mealPlanAffordance.test.ts
PASS src/capabilities/recipes/data/starterRecipeBatch050.test.ts
PASS src/capabilities/recipes/data/starterRecipeBatch038.test.ts
PASS src/capabilities/recipes/data/starterRecipeBatch091.test.ts
PASS src/capabilities/recipes/data/editorialRecipeCatalog.test.ts
PASS src/capabilities/recipes/data/starterRecipeBatch089.test.ts
PASS src/capabilities/recipes/data/starterRecipeBatch016.test.ts
PASS src/capabilities/recipes/data/starterRecipeBatch064.test.ts
PASS src/capabilities/recipes/data/starterRecipeBatch074.test.ts
PASS src/capabilities/recipes/data/starterRecipeBatch029.test.ts
PASS src/capabilities/recipes/data/starterRecipeBatch085.test.ts
PASS src/capabilities/recipes/data/starterRecipeBatch003.test.ts
PASS src/capabilities/recipes/data/recipeCache.test.ts
PASS src/capabilities/recipes/data/starterRecipeBatch070.test.ts
PASS src/capabilities/recipes/data/recipeOfflineQueue.test.ts
PASS src/capabilities/recipes/data/recipeFavoriteCache.test.ts
PASS src/capabilities/recipes/data/starterRecipeBatch063.test.ts
PASS src/capabilities/recipes/data/compileEditorialRecipe.test.ts
PASS src/capabilities/recipes/data/starterRecipeBatch027.test.ts
PASS src/capabilities/recipes/voice/cookVoiceCommandParser.test.ts
PASS src/capabilities/recipes/voice/cookVoiceSpeechPolicy.test.ts
PASS src/capabilities/explore/domain/explorePathReconstruction.test.ts
PASS src/capabilities/explore/domain/exploreRecordingMode.test.ts
PASS src/capabilities/explore/domain/exploreElevation.test.ts
PASS src/capabilities/explore/domain/explorePointPolicy.test.ts
PASS src/capabilities/explore/screens/ExploreMetalFogContract.test.ts
PASS src/capabilities/explore/runtime/exploreRecordsMigration.test.ts
PASS src/capabilities/life-structure/actions/chapterActions.test.ts
PASS src/capabilities/life-structure/actions/chapterDigestSettingsActions.test.ts
PASS src/capabilities/chores/domain/choreRewardRate.test.ts
PASS src/capabilities/meal-planning/domain/mealPlanDrag.test.ts
PASS src/capabilities/meal-planning/domain/mealPlanFinalizationTelemetry.test.ts
PASS src/capabilities/meal-planning/domain/mealPlanValidation.test.ts
PASS src/capabilities/meal-planning/domain/individualFirstMealPlanMigration.test.ts
PASS src/capabilities/meal-planning/domain/sharedMealCartMigration.test.ts
PASS src/capabilities/meal-planning/domain/planLifecycle.test.ts
PASS src/capabilities/meal-planning/data/mealPlanHouseholdScope.test.ts
PASS packages/kwilt-agent-runtime/src/actionExecution.test.ts
PASS packages/kwilt-agent-runtime/src/orchestrator.test.ts
PASS packages/kwilt-agent-runtime/src/discovery.test.ts
PASS packages/kwilt-agent-runtime/src/planning/resolveTurnPolicy.test.ts
PASS supabase/functions/_shared/__tests__/aiRequestValidation.test.ts
PASS supabase/functions/_shared/__tests__/serverPlanAvailabilityTools.test.ts
PASS supabase/functions/_shared/__tests__/serverAgentEntitlement.test.ts
PASS supabase/functions/_shared/__tests__/serverDeviceHandoffs.test.ts
PASS supabase/functions/_shared/__tests__/agentWorkMigration.test.ts
PASS supabase/functions/_shared/__tests__/periodLabels.test.ts
PASS supabase/functions/_shared/__tests__/externalMcpPresentation.test.ts
PASS src/store/uiPreferences.test.ts
PASS src/store/usePaywallStore.test.ts
PASS src/store/domainPersistence.test.ts
PASS src/store/useActivityEnrichmentStore.test.ts
PASS src/services/notifications/developmentNotificationLogFilters.test.ts
PASS src/services/appleEcosystem/glanceableState.merge.test.ts
PASS src/services/performance/startupTelemetry.test.ts
PASS src/services/sync/returningUserProbe.test.ts
PASS src/services/affiliateLinks.test.ts
PASS src/services/recommendations/nextStep.test.ts
PASS src/services/plan/activityScheduleSessions.test.ts
PASS src/services/plan/kwiltCalendarBlocks.test.ts
PASS src/services/plan/planPriorityPresentation.test.ts
PASS src/services/plan/planCalendarReconcile.test.ts
PASS src/services/coachChatCreditPolicy.test.ts
PASS src/domain/activityAreas.test.ts
PASS src/domain/arcHybridPrompt.test.ts
PASS src/utils/activityTagVocabulary.test.ts
PASS src/utils/activityListMeta.test.ts
PASS src/utils/outlookEventLinks.test.ts
PASS src/utils/share.test.ts
PASS src/utils/tags.test.ts
PASS src/navigation/capabilityMenuPins.test.ts
PASS src/navigation/capabilityDiscovery.test.ts
PASS src/navigation/placeTabs.test.ts
PASS src/features/shared-home/sharedLifeCelebration.test.ts
PASS src/features/shared-home/sharedLifeMedia.test.ts
PASS src/features/shared-home/sharedHomeMigration.test.ts
PASS src/features/shared-home/sharedHomeDestination.test.ts
PASS src/features/shared-home/sharedHomePresentation.test.ts
PASS src/features/shared-home/sharedLifePresentation.test.ts
PASS src/features/onboarding/identityArcPrompt.test.ts
PASS src/features/onboarding/launchCadence.test.ts
PASS src/features/onboarding/firstTimeUxEntryMode.test.ts
PASS src/features/household/sharedDevice/useHouseholdModeStore.test.ts
PASS src/features/household/data/householdChildInvitesMigration.test.ts
PASS src/features/household/data/householdInviteSendFunction.test.ts
PASS src/features/household/screenTime/data/familyScreenTimeAgreementPrerequisiteGuardMigration.test.ts
PASS src/features/household/screenTime/data/familyScreenTimePrerequisiteMigration.test.ts
PASS src/features/household/screenTime/familyScreenTimeAnalytics.test.ts
PASS src/features/household/screenTime/familyScreenTimeSetupFlow.test.ts
PASS src/features/activities/activityCompletionUndo.test.ts
PASS src/features/activities/activitySearchAlgorithm.test.ts
PASS src/features/activities/focusSessionAnalytics.test.ts
PASS src/features/activities/ActivityDetailScreen.stepScreenTime.test.ts
PASS src/features/activities/activityScheduleSlots.test.ts
PASS src/features/activities/activityAttachmentPresentation.test.ts
PASS src/features/activities/activityDatePickerDefaults.test.ts
PASS src/features/activities/viewTemplates.test.ts
PASS src/features/activities/focusSessionPresentation.test.ts
PASS src/features/activities/activityScheduleDisplay.test.ts
PASS src/features/activities/focusOrientationNativeContract.test.ts
PASS src/features/activities/focusOverlayPalette.test.ts
PASS src/features/activities/ActivityDetailScreen.coverSheet.test.ts
PASS src/features/activities/activityLocationDraft.test.ts
PASS src/features/capability-onboarding/capabilityOnboardingNavigationTarget.test.ts
PASS src/features/capability-onboarding/capabilityOnboardingAnalytics.test.ts
PASS src/features/capability-onboarding/capabilityOnboardingEntryPolicy.test.ts
PASS src/features/capability-onboarding/useCapabilityOnboardingStore.test.ts
PASS src/features/household-food/onboarding/foodFirstCycleGuide.test.ts
PASS src/features/workflow-feedback/workflowFeedbackPolicy.test.ts
PASS src/features/unifiedChat/unifiedChatVoiceMetering.test.ts
PASS src/features/unifiedChat/chatFailure.test.ts
PASS src/features/unifiedChat/arcProposal.test.ts
PASS src/features/unifiedChat/requestedChatThreadLoadPolicy.test.ts
PASS src/features/unifiedChat/executeChoreProposalDecision.test.ts
PASS src/features/unifiedChat/assistantArtifact.test.ts
PASS src/features/unifiedChat/executeProfileProposalDecision.test.ts
PASS src/features/unifiedChat/planPriorityChatPresentation.test.ts
PASS src/features/unifiedChat/unifiedChatVoiceRecovery.test.ts
PASS src/features/unifiedChat/screenTimeProposalExecutor.test.ts
PASS src/features/unifiedChat/autoApplyCreatePolicy.test.ts
PASS src/features/ai/chatDraftStorage.test.ts
PASS src/features/ai/chatVoicePrompt.test.ts
PASS src/features/arcs/goalCheckinDeliveryController.test.ts
PASS src/features/arcs/goalRouteCheckinApprovalDecision.test.ts
PASS src/features/arcs/goalRefinementPrompt.test.ts
PASS src/features/arcs/goalFirstPlanActivity.test.ts
PASS src/features/shared-experiences/sharedExperienceIndexesMigration.test.ts
PASS src/features/plan/planSessionEdit.test.ts
PASS src/features/chapters/chapterSnippet.test.ts
PASS src/features/goals/goalsInventorySort.test.ts
PASS src/features/goals/goalInvitePreviewFailure.test.ts
PASS src/features/goals/goalInviteDestinationUrl.test.ts
PASS src/features/goals/goalSupportDestination.test.ts
PASS src/features/screen-time/domain/screenTimeHandoffProjection.test.ts
PASS src/features/screen-time/domain/screenTimeGuideActions.test.ts
PASS src/features/screen-time/domain/personalCompositeRuleEvaluation.test.ts
PASS src/features/screen-time/domain/screenTimeAccessPolicy.test.ts
PASS src/features/screen-time/domain/screenTimeRule.test.ts
PASS src/features/screen-time/domain/screenTimeHouseholdAuthority.test.ts
PASS src/features/screen-time/domain/personalCompositeRuleExplanation.test.ts
PASS src/features/screen-time/rule-builder/usePersonalRuleBuilderDrawerStore.test.ts
PASS src/config/supabaseAuthConfig.test.ts
PASS src/test/jestRunnerBoundaries.test.ts
PASS src/capabilities/games/remote/remoteGamesReleasePolicy.test.ts
PASS src/capabilities/games/domain/__tests__/farkle.test.ts
PASS src/capabilities/games/players/__tests__/savedPlayerSync.test.ts
PASS src/capabilities/games/players/__tests__/gamePlayerProfile.test.ts
PASS src/capabilities/games/settings/useGamesSettingsStore.test.ts
PASS src/capabilities/groceries/domain/krogerMatchReadiness.test.ts
PASS src/capabilities/groceries/domain/onlineShoppingLaunch.test.ts
PASS src/capabilities/groceries/domain/groceryFulfillment.test.ts
PASS src/capabilities/groceries/domain/groceryOnlineShoppingEligibility.test.ts
PASS src/capabilities/groceries/data/retailerLinkSessionRepository.test.ts
PASS src/capabilities/groceries/providers/instacartProvider.test.ts
PASS src/capabilities/money/domain/moneyPlanAudit.test.ts
PASS src/capabilities/money/domain/moneyForecast.test.ts
PASS src/capabilities/money/domain/moneyCalendar.test.ts
PASS src/capabilities/money/domain/moneyRebalanceAnswer.test.ts
PASS src/capabilities/money/domain/transactionCounting.test.ts
PASS src/capabilities/money/domain/moneyGoalBridge.test.ts
PASS src/capabilities/money/domain/moneyOnboardingHandoff.test.ts
PASS src/capabilities/money/domain/creditCardPaymentTransfers.test.ts
PASS src/capabilities/money/domain/transactionMeaningOptions.test.ts
PASS src/capabilities/money/domain/livingPlanNotice.test.ts
PASS src/capabilities/money/data/creditCardPaymentTransferMigration.test.ts
PASS src/capabilities/money/data/moneyMerchantRuleMigration.test.ts
PASS src/capabilities/money/data/moneyTransactionNoteMigration.test.ts
PASS src/capabilities/money/data/userCreatedCategoryPlanRoleMigration.test.ts
PASS src/capabilities/money/data/moneyCategoryOrderingMigration.test.ts
PASS src/capabilities/money/data/moneyPendingCategorizationMigration.test.ts
PASS src/capabilities/money/data/moneyPlanLimitEvidence.test.ts
PASS src/capabilities/money/runtime/reconcileConnectedMoneyActivity.test.ts
PASS src/capabilities/money/runtime/moneyAppControlStorage.test.ts
PASS src/capabilities/money/runtime/transactionTruthAnalytics.test.ts
PASS src/capabilities/money/runtime/moneyClassificationTelemetry.test.ts
PASS src/capabilities/recipes/domain/recipeScaleAssessment.test.ts
PASS src/capabilities/recipes/domain/hiddenRecipes.test.ts
PASS src/capabilities/recipes/data/starterRecipeBatch022.test.ts
PASS src/capabilities/recipes/data/starterRecipeBatch076.test.ts
PASS src/capabilities/recipes/data/cookModeEducationCache.test.ts
PASS src/capabilities/recipes/data/starterRecipeBatch040.test.ts
PASS src/capabilities/recipes/data/starterRecipeBatch014.test.ts
PASS src/capabilities/recipes/data/starterRecipeBatch066.test.ts
PASS src/capabilities/recipes/data/starterRecipeBatch015.test.ts
PASS src/capabilities/recipes/data/starterRecipeBatch004.test.ts
PASS src/capabilities/recipes/data/starterRecipeBatch049.test.ts
PASS src/capabilities/recipes/data/starterRecipeBatch059.test.ts
PASS src/capabilities/recipes/data/starterRecipeBatch082.test.ts
PASS src/capabilities/recipes/data/starterRecipeBatch067.test.ts
PASS src/capabilities/recipes/data/starterRecipeBatch077.test.ts
PASS src/capabilities/recipes/data/starterRecipeBatch005.test.ts
PASS src/capabilities/recipes/data/starterRecipeBatch058.test.ts
PASS src/capabilities/recipes/data/starterRecipeBatch048.test.ts
PASS src/capabilities/recipes/data/starterRecipeBatch083.test.ts
PASS src/capabilities/recipes/data/starterRecipeBatch023.test.ts
PASS src/capabilities/recipes/data/starterRecipeBatch033.test.ts
PASS src/capabilities/recipes/data/starterRecipeBatch041.test.ts
PASS src/capabilities/recipes/data/starterRecipeBatch075.test.ts
PASS src/capabilities/recipes/data/starterRecipeBatch007.test.ts
PASS src/capabilities/recipes/data/starterRecipeBatch065.test.ts
PASS src/capabilities/recipes/data/starterRecipeBatch081.test.ts
PASS src/capabilities/recipes/data/starterRecipeBatch053.test.ts
PASS src/capabilities/recipes/data/starterRecipeBatch043.test.ts
PASS src/capabilities/recipes/data/starterRecipeBatch031.test.ts
PASS src/capabilities/recipes/data/starterRecipeBatch021.test.ts
PASS src/capabilities/recipes/data/starterRecipeBatch042.test.ts
PASS src/capabilities/recipes/data/starterRecipeBatch080.test.ts
PASS src/capabilities/recipes/data/starterRecipeBatch090.test.ts
PASS src/capabilities/recipes/data/starterRecipeBatch039.test.ts
PASS src/capabilities/recipes/data/starterRecipeBatch071.test.ts
PASS src/capabilities/recipes/data/starterRecipeBatch061.test.ts
PASS src/capabilities/recipes/data/starterRecipeBatch057.test.ts
PASS src/capabilities/recipes/data/catalogMediaCache.test.ts
PASS src/capabilities/recipes/data/starterRecipeBatch025.test.ts
PASS src/capabilities/recipes/data/starterRecipeBatch046.test.ts
PASS src/capabilities/recipes/data/starterRecipeBatch056.test.ts
PASS src/capabilities/recipes/data/starterRecipeBatch068.test.ts
PASS src/capabilities/recipes/data/starterRecipeBatch078.test.ts
PASS src/capabilities/recipes/data/starterRecipeBatch024.test.ts
PASS src/capabilities/recipes/data/starterRecipeBatch069.test.ts
PASS src/capabilities/recipes/data/resolveAvailableRecipe.test.ts
PASS src/capabilities/recipes/data/starterRecipeBatch084.test.ts
PASS src/capabilities/recipes/data/starterRecipeBatch002.test.ts
PASS src/capabilities/recipes/data/starterRecipeBatch012.test.ts
PASS src/capabilities/recipes/data/starterRecipeBatch036.test.ts
PASS src/capabilities/recipes/data/starterRecipeBatch060.test.ts
PASS src/capabilities/recipes/data/starterRecipeBatch026.test.ts
PASS src/capabilities/recipes/data/starterRecipeBatch009.test.ts
PASS src/capabilities/recipes/data/starterRecipeBatch054.test.ts
PASS src/capabilities/recipes/data/starterRecipeBatch019.test.ts
PASS src/capabilities/recipes/data/starterRecipeBatch072.test.ts
PASS src/capabilities/recipes/data/starterRecipeBatch073.test.ts
PASS src/capabilities/recipes/data/starterRecipeBatch011.test.ts
PASS src/capabilities/recipes/data/starterRecipeBatch001.test.ts
PASS src/capabilities/recipes/data/starterRecipeBatch037.test.ts
PASS src/capabilities/recipes/data/starterRecipeBatch045.test.ts
PASS src/capabilities/recipes/data/starterRecipeBatch055.test.ts
PASS src/capabilities/recipes/data/starterRecipeBatch018.test.ts
PASS src/capabilities/recipes/actions/recipeControlActions.test.ts
PASS src/capabilities/recipes/voice/cookVoiceNaturalSpeech.test.ts
PASS src/capabilities/recipes/screens/recipeImportEntry.test.ts
PASS src/capabilities/recipes/screens/MealPlanDrawerGesture.test.ts
PASS src/capabilities/explore/domain/exploreDiscovery.test.ts
PASS src/capabilities/recipes/recipeExport.test.ts
PASS src/capabilities/explore/domain/explorePrivacy.test.ts
PASS src/capabilities/explore/runtime/explorePathReconstructionNativeContract.test.ts
PASS src/capabilities/explore/runtime/exploreNearbyNativeContract.test.ts
PASS src/capabilities/life-structure/actions/chapterAlignmentActions.test.ts
PASS src/capabilities/chores/domain/choreProductionProjection.test.ts
PASS src/capabilities/chores/components/choreDetailPresentation.test.ts
PASS src/capabilities/meal-planning/domain/progressiveMealCommitmentMigration.test.ts
PASS src/capabilities/meal-planning/domain/guestMealPlanSharing.test.ts
PASS src/capabilities/meal-planning/domain/mealPlanAttentionMigration.test.ts
PASS src/capabilities/meal-planning/domain/mealPlanFinalization.test.ts
PASS src/capabilities/meal-planning/domain/legacyMealPlanScaleRepairMigration.test.ts
PASS src/ui/DraggableListGesture.test.ts
PASS src/labs/kwiltLabs.test.ts
PASS packages/kwilt-agent-runtime/src/channelContext.test.ts
PASS packages/kwilt-agent-runtime/src/capabilityNavigationCopy.test.ts
PASS packages/kwilt-agent-runtime/src/policy.test.ts
PASS packages/kwilt-agent-runtime/src/timeContext.test.ts
PASS supabase/functions/_shared/__tests__/serverMvpPreviewAccess.test.ts
PASS supabase/functions/_shared/__tests__/serverActionDispatcher.test.ts
PASS supabase/functions/_shared/__tests__/agentWorkPolicy.test.ts
PASS supabase/functions/_shared/__tests__/subscriptionLifecycle.test.ts
PASS supabase/functions/_shared/__tests__/serverProfileTools.test.ts
PASS supabase/functions/_shared/__tests__/conversationalActionHandoffsMigration.test.ts
PASS supabase/functions/_shared/__tests__/serverPlanTools.test.ts
PASS src/services/notifications/timeRounding.test.ts
PASS src/services/screenTimeShieldHandoff.test.ts
PASS src/services/paywall.purchaseEntry.test.ts
PASS src/utils/getEnv.authDiagnostics.test.ts
PASS src/features/guidedOverture/guidedOvertureEntryPolicy.test.ts
PASS src/features/activities/quickAddPlaceEnrichment.test.ts
PASS src/features/activities/ActivitiesInventoryControlsContract.test.ts
PASS src/features/activities/ActivityDetailScreen.focusSetupOffer.test.ts
PASS src/features/household-food/domain/householdMealFit.test.ts
PASS src/features/unifiedChat/executeMoneyCategoryProposalDecision.test.ts
PASS src/features/unifiedChat/profileProposalExecutor.test.ts
PASS src/features/unifiedChat/profileProposal.test.ts
PASS src/features/arcs/goalCheckinPartnerPresentation.test.ts
PASS src/capabilities/games/remote/__tests__/remoteGameLifecycle.test.ts
PASS src/capabilities/money/domain/moneyCategoryCoverMigration.test.ts
PASS src/capabilities/money/domain/moneyCategoryPlanRole.test.ts
PASS src/capabilities/money/domain/transactionPlanTreatment.test.ts
PASS src/capabilities/recipes/data/starterRecipeBatch092.test.ts
PASS src/capabilities/recipes/data/starterRecipeBatch093.test.ts
PASS src/capabilities/recipes/data/starterRecipeBatch051.test.ts
PASS src/capabilities/recipes/data/starterRecipeBatch017.test.ts
PASS src/capabilities/recipes/data/starterRecipeBatch028.test.ts
PASS src/capabilities/recipes/data/starterRecipeBatch088.test.ts
PASS src/capabilities/recipes/data/starterRecipeBatch052.test.ts
PASS src/capabilities/recipes/data/starterRecipeBatch020.test.ts
PASS src/capabilities/recipes/data/starterRecipeBatch030.test.ts
PASS src/capabilities/recipes/data/starterRecipeBatch006.test.ts
PASS src/capabilities/recipes/data/starterRecipeBatch013.test.ts
PASS src/capabilities/recipes/data/starterRecipeBatch047.test.ts
PASS src/capabilities/recipes/data/starterRecipeBatch035.test.ts
PASS src/capabilities/recipes/data/starterRecipeBatch034.test.ts
PASS src/capabilities/recipes/data/starterRecipeBatch079.test.ts
PASS src/capabilities/recipes/data/starterRecipeBatch044.test.ts
PASS src/capabilities/recipes/data/starterRecipeBatch086.test.ts
PASS src/capabilities/recipes/data/starterRecipeBatch062.test.ts
PASS src/capabilities/recipes/data/starterRecipeBatch010.test.ts
PASS src/capabilities/recipes/data/hiddenRecipeCache.test.ts
PASS src/capabilities/recipes/data/starterRecipeBatch087.test.ts
PASS src/capabilities/recipes/data/starterRecipeBatch008.test.ts
PASS src/capabilities/meal-planning/domain/guestMealLinkTokenMigration.test.ts
PASS packages/kwilt-plan-core/src/index.test.ts
PASS supabase/functions/_shared/__tests__/serverPlanCalendarTools.test.ts

Test Suites: 1209 passed, 1209 total
Tests:       2 skipped, 7490 passed, 7492 total
Snapshots:   2 passed, 2 total
Time:        92.241 s
Ran all test suites.

[verify:changed] npm run lint:supabase-functions

> kwilt@1.0.121 lint:supabase-functions
> find supabase/functions -path 'supabase/functions/node_modules' -prune -o -name '*.ts' ! -path '*/__tests__/*' -print0 | xargs -0 deno check --no-lock --config supabase/functions/tsconfig.json


[verify:changed] npm run test:supabase-functions

> kwilt@1.0.121 test:supabase-functions
> deno test --allow-env --no-lock --config supabase/functions/tsconfig.json supabase/functions/_shared/__tests__/plaid*_deno_test.ts supabase/functions/disconnect-money-connection/__tests__/*_deno_test.ts supabase/functions/_shared/__tests__/conversationalActionHandoffs_deno_test.ts supabase/functions/_shared/__tests__/conversationalControlTelemetry_deno_test.ts supabase/functions/chapters-generate/__tests__/*_deno_test.ts supabase/functions/create-plaid-link-token/__tests__/*_deno_test.ts supabase/functions/heart-report/__tests__/heartReport_deno_test.ts supabase/functions/_shared/__tests__/goalSupport_deno_test.ts supabase/functions/_shared/__tests__/sharedHomeDelivery_deno_test.ts supabase/functions/shared-home-publish-goal-checkin/publishGoalCheckin_deno_test.ts supabase/functions/meal-plan-attention-process/processMealPlanAttention_deno_test.ts supabase/functions/_shared/__tests__/unifiedChatTranscription_deno_test.ts supabase/functions/_shared/__tests__/liveConversationSession_deno_test.ts supabase/functions/_shared/__tests__/cookVoiceSpeech_deno_test.ts supabase/functions/_shared/__tests__/moneyTransactionClassifier_deno_test.ts supabase/functions/classify-money-transactions/__tests__/classificationPolicy_deno_test.ts supabase/functions/_shared/__tests__/recipeImport_deno_test.ts supabase/functions/_shared/__tests__/recipeImageAdmin_deno_test.ts supabase/functions/_shared/__tests__/recipeImagePipeline_deno_test.ts supabase/functions/_shared/__tests__/mealPlanningDelivery_deno_test.ts supabase/functions/_shared/__tests__/groceryCompiler_deno_test.ts supabase/functions/_shared/__tests__/groceryRetailerAdapters_deno_test.ts supabase/functions/_shared/__tests__/groceryRetailerCart_deno_test.ts supabase/functions/_shared/__tests__/krogerShoppingLocation_deno_test.ts supabase/functions/_shared/__tests__/krogerAdapter_deno_test.ts supabase/functions/_shared/__tests__/krogerAuthState_deno_test.ts supabase/functions/_shared/__tests__/grocerySavings_deno_test.ts

running 4 tests from ./supabase/functions/disconnect-money-connection/__tests__/disconnectMoneyConnection_deno_test.ts
disconnect confirms provider removal before recording local completion ... ok (0ms)
provider failure never records or reports local success ... ok (0ms)
stale connection is rejected before its provider token is read ... ok (0ms)
busy sync prevents provider removal and a completed disconnect is idempotent ... ok (0ms)
running 1 test from ./supabase/functions/classify-money-transactions/__tests__/classificationPolicy_deno_test.ts
classifier candidates exclude every higher-precedence assignment and split ... ok (0ms)
running 6 tests from ./supabase/functions/create-plaid-link-token/__tests__/plaidLinkRequest_deno_test.ts
Plaid presents the current Kwilt product name ... ok (0ms)
Plaid update mode uses the private access token and omits products ... ok (0ms)
Plaid new-item mode keeps products and transaction history request ... ok (0ms)
iOS Plaid link requests omit the Android package name ... ok (0ms)
Android Plaid link requests omit the OAuth redirect URI ... ok (0ms)
legacy iOS clients are inferred from their user agent ... ok (0ms)
running 5 tests from ./supabase/functions/shared-home-publish-goal-checkin/publishGoalCheckin_deno_test.ts
publisher rejects a missing or mismatched authoritative check-in ... ok (0ms)
publisher requires the author to remain an active Goal member ... ok (0ms)
publisher excludes the actor and filters exact recipients through the release allowlist ... ok (1ms)
publisher does not push an idempotently reused item ... ok (0ms)
publisher excludes blocked recipients before delivery creation ... ok (0ms)
running 2 tests from ./supabase/functions/chapters-generate/__tests__/chapterOpenAiRequest_deno_test.ts
chapterOpenAiRequest builds the chat completion JSON contract ... ok (0ms)
chapterOpenAiRequest applies detail, kind, period, and retry policies ... ok (0ms)
running 6 tests from ./supabase/functions/chapters-generate/__tests__/chapterPeriods_deno_test.ts
chapterPeriods resolves valid and invalid time zones ... ok (12ms)
chapterPeriods reads weekly delivery weekday from filter JSON ... ok (0ms)
chapterPeriods detects whether a weekly template is due today ... ok (0ms)
chapterPeriods computes complete weekly, monthly, and yearly periods ... ok (0ms)
chapterPeriods supports older complete period offsets ... ok (0ms)
chapterPeriods parses manual date ranges with future and length guards ... ok (0ms)
running 2 tests from ./supabase/functions/meal-plan-attention-process/processMealPlanAttention_deno_test.ts
processes due windows and acknowledges every claimed push job ... ok (0ms)
releases a failed push claim for bounded retry ... ok (0ms)
running 4 tests from ./supabase/functions/heart-report/__tests__/heartReport_deno_test.ts
HEART report refuses to overclaim success for a sparse external cohort ... ok (0ms)
HEART report handles zero denominators without inventing percentages ... ok (0ms)
HEART email makes founder exclusion and measurement gaps explicit ... ok (0ms)
HEART cohort excludes founder accounts, linked test identities, and automated accounts ... ok (0ms)
running 5 tests from ./supabase/functions/_shared/__tests__/plaidLifecycle_deno_test.ts
disconnecting and disconnected connections cannot sync; recoverable errors can ... ok (0ms)
failure health stores a code, never a provider message or token ... ok (0ms)
webhooks separate consent and data changes ... ok (0ms)
duplicate account detection requires exact persistent provider identity ... ok (0ms)
non-TAN banks require a complete matching account signature, not mask alone ... ok (0ms)
running 4 tests from ./supabase/functions/_shared/__tests__/plaidSyncBatch_deno_test.ts
bank sync overlaps independent connections with at most two in flight and preserves order ... ok (3ms)
one failed bank does not abandon or skip the others before reporting failure ... ok (0ms)
an empty bank batch is empty ... ok (0ms)
shared foundation writes remain serial even when banks overlap, and recover after failure ... ok (7ms)
running 4 tests from ./supabase/functions/_shared/__tests__/plaidSyncIntegration_deno_test.ts
real sync boundary refuses disconnected and unauthorized records before token/provider access ... ok (0ms)
real sync boundary persists safe failures and preserves the original cursor ... ok (1ms)
real sync retries page mutation and only writes the successful page sequence ... ok (0ms)
large imports resume checkpointed pages after a bounded invocation ... ok (0ms)
running 2 tests from ./supabase/functions/_shared/__tests__/plaidWebhookHandler_deno_test.ts
webhook HTTP boundary rejects unsigned callers before provider or database access ... ok (0ms)
signed delivery acknowledges only after durable enqueue, returning 503 for retry on failure ...
------- post-test output -------
[plaid-webhook] durable processing failed
----- post-test output end -----
signed delivery acknowledges only after durable enqueue, returning 503 for retry on failure ... ok (26ms)
running 3 tests from ./supabase/functions/_shared/__tests__/plaidWebhookVerification_deno_test.ts
accepts a valid Plaid signature over exact raw bytes ... ok (1ms)
rejects tampered payloads, expired/future JWTs and expired keys ... ok (2ms)
missing signature fails before any key lookup ... ok (0ms)
running 3 tests from ./supabase/functions/_shared/__tests__/conversationalActionHandoffs_deno_test.ts
service receipt persistence scopes replay lookup and uses the canonical idempotency key ... ok (0ms)
service handoff persistence stores redacted arguments and bounded transitions ... ok (0ms)
persistence reports database refusal without leaking the database error ... ok (0ms)
running 4 tests from ./supabase/functions/_shared/__tests__/conversationalControlTelemetry_deno_test.ts
audit digests stable redacted arguments without storing secrets ... ok (8ms)
authorization fails closed and preserves replay-safe database decisions ... ok (0ms)
reconciliation delegates expiration and dead-letter recovery to one database boundary ... ok (0ms)
result and consequence mapping preserve operationally distinct outcomes ... ok (0ms)
running 3 tests from ./supabase/functions/_shared/__tests__/goalSupport_deno_test.ts
generic Goal invitations can receive a support note before the first check-in ... ok (0ms)
recipient-bound Goal invitations cannot be used for anonymous web support ... ok (0ms)
a reply to an existing check-in remains attached to that check-in ... ok (0ms)
running 8 tests from ./supabase/functions/_shared/__tests__/sharedHomeDelivery_deno_test.ts
Shared Home allowlist accepts only an exact recipient id ... ok (0ms)
Goal invitation destination contains only the recipient invite code ... ok (0ms)
reused Goal invitation inputs preserve the idempotency key ... ok (0ms)
game handoff is emitted only for a changed permanent-account player ... ok (0ms)
game handoff builder uses the committed state version ... ok (4ms)
Goal check-in builder creates one available item per exact recipient ... ok (0ms)
Goal check-in builder falls back to the authored preset without leaking unknown values ... ok (0ms)
push body never contains private experience presentation ... ok (0ms)
running 2 tests from ./supabase/functions/_shared/__tests__/unifiedChatTranscription_deno_test.ts
accepts bounded m4a input and normalizes transcript whitespace ... ok (0ms)
rejects malformed and oversized audio before provider access ... ok (12ms)
running 5 tests from ./supabase/functions/_shared/__tests__/liveConversationSession_deno_test.ts
live conversation request is bounded to Chat ... ok (0ms)
OpenAI Realtime session exposes one durable Kwilt tool ... ok (0ms)
ephemeral response exposes only the bounded client credential ... ok (0ms)
safety identifier is stable and does not expose the user id ... ok (0ms)
OpenAI failures are reduced to safe diagnostic fields ... ok (0ms)
running 7 tests from ./supabase/functions/_shared/__tests__/cookVoiceSpeech_deno_test.ts
accepts a bounded spoken response and normalizes whitespace ... ok (0ms)
rejects missing and oversized spoken responses ... ok (0ms)
removes control characters before sending text to speech ... ok (0ms)
uses a Marin-compatible model for the shared natural Kwilt voice ... ok (0ms)
accepts only strict message UUIDs for streamed speech ... ok (0ms)
builds a streamable provider request and no-store headers ... ok (0ms)
maps bounded progress styles to server-owned voice direction ... ok (4ms)
running 2 tests from ./supabase/functions/_shared/__tests__/moneyTransactionClassifier_deno_test.ts
classifier request contains only bounded permitted evidence and strict output ... ok (0ms)
classifier validation accepts only supplied category-role pairs ... ok (0ms)
running 6 tests from ./supabase/functions/_shared/__tests__/recipeImport_deno_test.ts
accepts a bounded URL import request ... ok (0ms)
rejects local, private, credentialed, and non-https URL targets ... ok (0ms)
rejects oversized source text and unknown request fields ... ok (0ms)
extracts schema.org Recipe JSON-LD while preserving literal lines ... ok (0ms)
requires bounded equipment evidence in the strict recipe import schema ... ok (0ms)
keeps only equipment grounded in the reviewed recipe instructions ... ok (0ms)
running 9 tests from ./supabase/functions/_shared/__tests__/recipeImageAdmin_deno_test.ts
image request stays pinned to the approved model and landscape contract ... ok (0ms)
WebP envelope rejects mislabeled or empty output ... ok (0ms)
Codex image ingest accepts only bounded WebP input with truthful provenance ... ok (0ms)
queue policy preserves weekly release time and bounded paid attempts ... ok (0ms)
image review listing can be bounded to one editorial batch ... ok (0ms)
semantic QA parser is strict and bounded ... ok (0ms)
semantic QA instructions define one unambiguous positive score direction ... ok (0ms)
semantic QA only advances faithful candidates ... ok (0ms)
human approval requires each editorial check and meaningful alt text ... ok (0ms)
running 6 tests from ./supabase/functions/_shared/__tests__/recipeImagePipeline_deno_test.ts
visual brief preserves exact recipe evidence and marks optional ingredients ... ok (0ms)
prompt is versioned, crop safe, culturally careful, and contains no private signals ... ok (4ms)
priority exposes an inspectable breakdown and penalizes retries ... ok (0ms)
job lifecycle permits review and replacement without auto-publishing ... ok (0ms)
generated image parser requires one bounded base64 payload ... ok (0ms)
storage paths are immutable and content addressed ... ok (0ms)
running 2 tests from ./supabase/functions/_shared/__tests__/mealPlanningDelivery_deno_test.ts
meal choice delivery is exact, neutral, opaque, and idempotent per participant ... ok (0ms)
meal plan attention push deep-links directly to the live Plan without leaking meals ... ok (0ms)
running 12 tests from ./supabase/functions/_shared/__tests__/groceryCompiler_deno_test.ts
compiles finalized exact-version authority and preserves provenance ... ok (0ms)
rejects stale, unfinalized, wrong-owner, and missing Recipe authority ... ok (0ms)
compiles every dish once while keeping dish entry provenance private ... ok (0ms)
compiles an immutable bundled-catalog ingredient snapshot without private Recipe rows ... ok (0ms)
compiles one readable Recipe version without inventing Meal Plan membership ... ok (0ms)
compiles one immutable bundled-catalog Recipe snapshot ... ok (4ms)
compiles a persistent household Plan with candidate-level quantities ... ok (0ms)
rejects household Plan compilation without adult authority or current draft version ... ok (0ms)
lets only the organizer compile a personal draft Plan ... ok (0ms)
compiles a loaf snapshot from recipeScaleMultiplier instead of planned portions ... ok (0ms)
doubles a loaf only from an explicit recipe multiplier ... ok (0ms)
requires review before compiling an ambiguous legacy physical yield ... ok (0ms)
running 6 tests from ./supabase/functions/_shared/__tests__/groceryRetailerAdapters_deno_test.ts
builds a conservative Instacart list-link payload without choosing products ... ok (0ms)
normalizes Kwilt units to supported Instacart measurements ... ok (4ms)
accepts only an https product link and captures provider request id ... ok (0ms)
remote disable prevents a provider request ... ok (0ms)
maps rate limit, provider failure, malformed response, and timeout to safe errors ... ok (2ms)
sends a server credential and returns the reviewed-product link ... ok (0ms)
running 3 tests from ./supabase/functions/_shared/__tests__/groceryRetailerCart_deno_test.ts
retailer cart receipts remove only acknowledged items from later passes ... ok (0ms)
opened or dismissed retailer links do not remove grocery items ... ok (0ms)
replayed later passes count the remainder across every acknowledged cart ... ok (0ms)
running 7 tests from ./supabase/functions/_shared/__tests__/krogerShoppingLocation_deno_test.ts
opens a Smiths cart on the Smiths storefront ... ok (0ms)
keeps Kroger carts on the Kroger storefront ... ok (0ms)
routes Seattle banners to their own storefronts ... ok (0ms)
routes the supported Kroger-family banners through an explicit allowlist ... ok (0ms)
uses an explicit Kroger-family store before OAuth exists ... ok (0ms)
falls back to the connected account location ... ok (5ms)
requires the cart write confirmation to name the exact account store ... ok (0ms)
running 9 tests from ./supabase/functions/_shared/__tests__/krogerAdapter_deno_test.ts
builds the exact customer cart scope and PKCE authorization request ... ok (0ms)
preserves store coordinates for map-first location selection ... ok (0ms)
preserves a Seattle store chain as the retailer banner ... ok (0ms)
uses basic auth server-side when exchanging the authorization code ... ok (0ms)
keeps the requested cart scope when Kroger omits an unchanged scope from the token response ... ok (0ms)
refuses a token response missing cart authority ... ok (0ms)
normalizes product proposals and only builds confirmed cart rows ... ok (0ms)
uses mode-specific product fulfillment filters ... ok (0ms)
coalesces duplicate retailer products before sending the cart payload ... ok (0ms)
running 2 tests from ./supabase/functions/_shared/__tests__/krogerAuthState_deno_test.ts
accepts a fresh Kroger state bound to a user and nonce ... ok (0ms)
rejects expired, future, wrong-provider, and malformed state ... ok (0ms)
running 1 test from ./supabase/functions/_shared/__tests__/grocerySavings_deno_test.ts
savings preparation excludes stale evidence and keeps activation truthful ... ok (0ms)

ok | 145 passed | 0 failed (832ms)


[verify:changed] npm run product:lint

> kwilt@1.0.121 product:lint
> node scripts/product-lint.mjs && npm run chat:delivery-lint

Product lint summary:
  JTBDs found:           17
  Audiences found:       6
  Job flows found:       10
  Feature briefs found:  158
  Feature manifests:     189 brief references
  Errors:                0
  Warnings:              8

Warnings:
  - docs/feature-briefs/activation-experiment-loop.md: has front-matter but is not referenced by any FEATURE.md briefs list
  - docs/feature-briefs/audio-learning-release.md: has front-matter but is not referenced by any FEATURE.md briefs list
  - docs/feature-briefs/build-continuity-control-plane.md: has front-matter but is not referenced by any FEATURE.md briefs list
  - docs/feature-briefs/explore-missions-stories-system.md: has front-matter but is not referenced by any FEATURE.md briefs list
  - docs/feature-briefs/household-activity-assignment.md: has front-matter but is not referenced by any FEATURE.md briefs list
  - docs/feature-briefs/object-creation-ux-system.md: has front-matter but is not referenced by any FEATURE.md briefs list
  - docs/feature-briefs/pixel-pet-labs.md: has front-matter but is not referenced by any FEATURE.md briefs list
  - docs/feature-briefs/recipe-origin-story.md: has front-matter but is not referenced by any FEATURE.md briefs list

OK - no errors.

> kwilt@1.0.121 chat:delivery-lint
> node scripts/chat-delivery-lint.mjs && npm run chat:control-parity -- --allow-incomplete --no-write

Unified Chat delivery evidence:
  1. Arrive with visible scope and exact return: 4/5
  2. Express intent in ordinary language: 3/5
  3. Establish bounded request scope: 4/5
  4. Retrieve inspectable evidence: 4/5
  5. Understand result and limits: 4/5
  6. Review a typed capability-owned proposal: 4/5
  7. Correct decline defer or approve: 4/5
  8. Apply idempotently with authoritative receipt: 4/5
  9. Return to the exact native destination: 4/5
  10. Resume correct and undo: 4/5
  Errors: 0
OK - delivery claims resolve to their required evidence.

> kwilt@1.0.121 chat:control-parity
> node scripts/conversational-control-parity.mjs --allow-incomplete --no-write

# Conversational Control Parity

> Generated from the canonical UI inventory, capability manifest, provider registries, and external control ledger. Do not edit counts by hand.

| Measure | Value |
| --- | --- |
| Operations | 232 |
| Mobile | {"ready":225,"excluded":7} |
| Phone | {"ready":225,"excluded":7} |
| External | {"boundary":7,"ready":223,"excluded":2} |
| Voice | {"shared_runtime":225,"excluded":7} |
| Final parity errors | 0 |

## Operations

| Operation | Owner | Mode | Mobile | Phone | External | Voice |
| --- | --- | --- | --- | --- | --- | --- |
| `general.answer` | general | direct | ready | ready | boundary | shared_runtime |
| `general.answer_with_context` | general | direct | ready | ready | boundary | shared_runtime |
| `relationships.read` | relationships | direct | ready | ready | ready | shared_runtime |
| `relationships.remember` | relationships | direct | ready | ready | ready | shared_runtime |
| `relationships.correct` | relationships | direct | ready | ready | ready | shared_runtime |
| `relationships.forget` | relationships | direct | ready | ready | ready | shared_runtime |
| `relationships.forget_person` | relationships | supported_boundary | excluded | excluded | boundary | excluded |
| `household.read` | household | direct | ready | ready | ready | shared_runtime |
| `household.member.add_dependent` | household | reviewed_proposal | ready | ready | ready | shared_runtime |
| `household.invitation.create` | household | reviewed_proposal | ready | ready | ready | shared_runtime |
| `household.invitation.preview` | household | direct | ready | ready | ready | shared_runtime |
| `household.invitation.accept` | household | reviewed_proposal | ready | ready | ready | shared_runtime |
| `household.child_capability.update` | household | reviewed_proposal | ready | ready | ready | shared_runtime |
| `household.caregiver_grant.update` | household | reviewed_proposal | ready | ready | ready | shared_runtime |
| `profile.read` | profile | direct | ready | ready | ready | shared_runtime |
| `profile.update` | profile | reviewed_proposal | ready | ready | ready | shared_runtime |
| `arcs.list` | arcs | direct | ready | ready | ready | shared_runtime |
| `arcs.get` | arcs | direct | ready | ready | ready | shared_runtime |
| `arcs.create` | arcs | reviewed_proposal | ready | ready | ready | shared_runtime |
| `arcs.update` | arcs | reviewed_proposal | ready | ready | ready | shared_runtime |
| `arcs.delete` | arcs | reviewed_proposal | ready | ready | ready | shared_runtime |
| `goals.list` | goals | direct | ready | ready | ready | shared_runtime |
| `goals.get` | goals | direct | ready | ready | ready | shared_runtime |
| `goals.create` | goals | reviewed_proposal | ready | ready | ready | shared_runtime |
| `goals.update` | goals | reviewed_proposal | ready | ready | ready | shared_runtime |
| `goals.delete` | goals | reviewed_proposal | ready | ready | ready | shared_runtime |
| `goals.check_in` | goals | native_handoff | ready | ready | ready | shared_runtime |
| `goals.share` | goals | native_handoff | ready | ready | ready | shared_runtime |
| `activities.list` | todos | direct | ready | ready | ready | shared_runtime |
| `activities.get` | todos | direct | ready | ready | ready | shared_runtime |
| `activities.search` | todos | direct | ready | ready | ready | shared_runtime |
| `activities.capture` | todos | direct | ready | ready | ready | shared_runtime |
| `activities.update` | todos | reviewed_proposal | ready | ready | ready | shared_runtime |
| `activities.complete` | todos | reviewed_proposal | ready | ready | ready | shared_runtime |
| `activities.delete` | todos | reviewed_proposal | ready | ready | ready | shared_runtime |
| `activities.steps.create` | todos | reviewed_proposal | ready | ready | ready | shared_runtime |
| `activities.steps.update` | todos | reviewed_proposal | ready | ready | ready | shared_runtime |
| `activities.steps.complete` | todos | reviewed_proposal | ready | ready | ready | shared_runtime |
| `activities.steps.delete` | todos | reviewed_proposal | ready | ready | ready | shared_runtime |
| `activities.steps.reorder` | todos | reviewed_proposal | ready | ready | ready | shared_runtime |
| `activities.focus.open` | todos | native_handoff | ready | ready | ready | shared_runtime |
| `activities.focus_today` | todos | reviewed_proposal | ready | ready | ready | shared_runtime |
| `activities.schedule` | todos | reviewed_proposal | ready | ready | ready | shared_runtime |
| `plan.schedule_chunks` | plan | reviewed_proposal | ready | ready | ready | shared_runtime |
| `activities.reminder.update` | todos | reviewed_proposal | ready | ready | ready | shared_runtime |
| `activities.repeat.update` | todos | reviewed_proposal | ready | ready | ready | shared_runtime |
| `activities.location.update` | todos | native_handoff | ready | ready | ready | shared_runtime |
| `activities.attachments.update` | todos | native_handoff | ready | ready | ready | shared_runtime |
| `activities.share` | todos | native_handoff | ready | ready | ready | shared_runtime |
| `plan.read_day_context` | plan | direct | ready | ready | ready | shared_runtime |
| `plan.recommend_day` | plan | direct | ready | ready | ready | shared_runtime |
| `plan.schedule_activity` | plan | reviewed_proposal | ready | ready | ready | shared_runtime |
| `plan.reschedule_activity` | plan | reviewed_proposal | ready | ready | ready | shared_runtime |
| `plan.remove_activity` | plan | reviewed_proposal | ready | ready | ready | shared_runtime |
| `plan.preferences.open` | plan | native_handoff | ready | ready | ready | shared_runtime |
| `chapters.list` | chapters | direct | ready | ready | ready | shared_runtime |
| `chapters.get` | chapters | direct | ready | ready | ready | shared_runtime |
| `chapters.reflect` | chapters | direct | ready | ready | ready | shared_runtime |
| `chapters.note.update` | chapters | reviewed_proposal | ready | ready | ready | shared_runtime |
| `account.show_up_status` | account | direct | ready | ready | ready | shared_runtime |
| `money.read` | money | direct | ready | ready | ready | shared_runtime |
| `money.review_transaction` | money | native_handoff | ready | ready | ready | shared_runtime |
| `money.category.create` | money | reviewed_proposal | ready | ready | ready | shared_runtime |
| `money.category.rename` | money | reviewed_proposal | ready | ready | ready | shared_runtime |
| `money.app_control.review` | money | native_handoff | ready | ready | ready | shared_runtime |
| `money.category.update` | money | native_handoff | ready | ready | ready | shared_runtime |
| `money.privacy.configure` | money | native_handoff | ready | ready | ready | shared_runtime |
| `money.connection.connect` | money | native_handoff | ready | ready | ready | shared_runtime |
| `money.connection.sync` | money | native_handoff | ready | ready | ready | shared_runtime |
| `explore.open` | explore | excluded | excluded | excluded | excluded | excluded |
| `games.open` | games | excluded | excluded | excluded | excluded | excluded |
| `chores.open` | chores | native_handoff | ready | ready | ready | shared_runtime |
| `recipes.search` | recipes | direct | ready | ready | ready | shared_runtime |
| `recipes.read` | recipes | direct | ready | ready | ready | shared_runtime |
| `recipes.create` | recipes | reviewed_proposal | ready | ready | ready | shared_runtime |
| `recipes.import.prepare` | recipes | direct | ready | ready | ready | shared_runtime |
| `recipes.import.approve` | recipes | reviewed_proposal | ready | ready | ready | shared_runtime |
| `recipes.update` | recipes | reviewed_proposal | ready | ready | ready | shared_runtime |
| `recipes.scale.preview` | recipes | direct | ready | ready | ready | shared_runtime |
| `recipes.fork` | recipes | reviewed_proposal | ready | ready | ready | shared_runtime |
| `recipes.share_copy.prepare` | recipes | reviewed_proposal | ready | ready | ready | shared_runtime |
| `recipes.collaborator.invite` | recipes | reviewed_proposal | ready | ready | ready | shared_runtime |
| `recipes.publication.prepare` | recipes | reviewed_proposal | ready | ready | ready | shared_runtime |
| `recipes.publication.publish` | recipes | reviewed_proposal | ready | ready | ready | shared_runtime |
| `recipes.publication.attest_rights` | recipes | supported_boundary | excluded | excluded | boundary | excluded |
| `recipes.delete` | recipes | reviewed_proposal | ready | ready | ready | shared_runtime |
| `meal_planning.plan.create` | meal_planning | reviewed_proposal | ready | ready | ready | shared_runtime |
| `meal_planning.plan.update` | meal_planning | reviewed_proposal | ready | ready | ready | shared_runtime |
| `meal_planning.candidate.add` | meal_planning | reviewed_proposal | ready | ready | ready | shared_runtime |
| `meal_planning.candidate.remove` | meal_planning | reviewed_proposal | ready | ready | ready | shared_runtime |
| `meal_planning.round.open` | meal_planning | reviewed_proposal | ready | ready | ready | shared_runtime |
| `meal_planning.round.close` | meal_planning | reviewed_proposal | ready | ready | ready | shared_runtime |
| `meal_planning.response.submit` | meal_planning | reviewed_proposal | ready | ready | ready | shared_runtime |
| `meal_planning.response.withdraw` | meal_planning | reviewed_proposal | ready | ready | ready | shared_runtime |
| `meal_planning.plan.finalize` | meal_planning | reviewed_proposal | ready | ready | ready | shared_runtime |
| `meal_planning.plan.revise` | meal_planning | reviewed_proposal | ready | ready | ready | shared_runtime |
| `meal_planning.candidates.prepare` | meal_planning | direct | ready | ready | ready | shared_runtime |
| `food_budget.read` | savings | direct | ready | ready | ready | shared_runtime |
| `food_stock.read` | groceries | direct | ready | ready | ready | shared_runtime |
| `food_stock.observe` | groceries | reviewed_proposal | ready | ready | ready | shared_runtime |
| `food_stock.deplete` | groceries | reviewed_proposal | ready | ready | ready | shared_runtime |
| `groceries.compile` | groceries | reviewed_proposal | ready | ready | ready | shared_runtime |
| `groceries.item.add` | groceries | reviewed_proposal | ready | ready | ready | shared_runtime |
| `groceries.item.update` | groceries | reviewed_proposal | ready | ready | ready | shared_runtime |
| `groceries.item.set_state` | groceries | reviewed_proposal | ready | ready | ready | shared_runtime |
| `groceries.list.review` | groceries | direct | ready | ready | ready | shared_runtime |
| `groceries.product_match.prepare` | groceries | direct | ready | ready | ready | shared_runtime |
| `groceries.product_match.confirm` | groceries | reviewed_proposal | ready | ready | ready | shared_runtime |
| `groceries.handoff.prepare` | groceries | reviewed_proposal | ready | ready | ready | shared_runtime |
| `groceries.handoff.open` | groceries | native_handoff | ready | ready | ready | shared_runtime |
| `groceries.checkout` | groceries | supported_boundary | excluded | excluded | boundary | excluded |
| `groceries.payment` | groceries | supported_boundary | excluded | excluded | boundary | excluded |
| `store_opportunity.capture` | groceries | reviewed_proposal | ready | ready | ready | shared_runtime |
| `food_scenario.prepare` | groceries | direct | ready | ready | ready | shared_runtime |
| `food_scenario.accept` | groceries | reviewed_proposal | ready | ready | ready | shared_runtime |
| `savings.review` | savings | direct | ready | ready | ready | shared_runtime |
| `savings.accept` | savings | reviewed_proposal | ready | ready | ready | shared_runtime |
| `savings.coupon.apply_unsupported` | savings | supported_boundary | excluded | excluded | boundary | excluded |
| `savings.coupon.open` | savings | native_handoff | ready | ready | ready | shared_runtime |
| `receipt.extract` | groceries | direct | ready | ready | ready | shared_runtime |
| `receipt.reconcile` | groceries | reviewed_proposal | ready | ready | ready | shared_runtime |
| `cook_session.read` | recipes | direct | ready | ready | ready | shared_runtime |
| `cook_session.start` | recipes | reviewed_proposal | ready | ready | ready | shared_runtime |
| `cook_session.control` | recipes | direct | ready | ready | ready | shared_runtime |
| `cook_session.complete` | recipes | reviewed_proposal | ready | ready | ready | shared_runtime |
| `screen_time.read` | screenTime | direct | ready | ready | ready | shared_runtime |
| `screen_time.agreement.create` | screenTime | reviewed_proposal | ready | ready | ready | shared_runtime |
| `screen_time.agreement.update` | screenTime | reviewed_proposal | ready | ready | ready | shared_runtime |
| `screen_time.agreement.deactivate` | screenTime | reviewed_proposal | ready | ready | ready | shared_runtime |
| `screen_time.override.block` | screenTime | reviewed_proposal | ready | ready | ready | shared_runtime |
| `screen_time.override.allow` | screenTime | reviewed_proposal | ready | ready | ready | shared_runtime |
| `screen_time.override.cancel` | screenTime | reviewed_proposal | ready | ready | ready | shared_runtime |
| `screen_time.request.decide` | screenTime | reviewed_proposal | ready | ready | ready | shared_runtime |
| `screen_time.personal.setup.open` | screenTime | native_handoff | ready | ready | ready | shared_runtime |
| `screen_time.personal.limit.open` | screenTime | native_handoff | ready | ready | ready | shared_runtime |
| `screen_time.selection.open` | screenTime | native_handoff | ready | ready | ready | shared_runtime |
| `screen_time.device.setup.open` | screenTime | native_handoff | ready | ready | ready | shared_runtime |
| `screen_time.device.release.open` | screenTime | native_handoff | ready | ready | ready | shared_runtime |
| `screen_time.configure` | screenTime | native_handoff | ready | ready | ready | shared_runtime |
| `notifications.configure` | notifications | native_handoff | ready | ready | ready | shared_runtime |
| `search.open` | navigation | native_handoff | ready | ready | ready | shared_runtime |
| `account.settings.open` | account | native_handoff | ready | ready | ready | shared_runtime |
| `account.subscription.manage` | account | native_handoff | ready | ready | ready | shared_runtime |
| `account.delete` | account | native_handoff | ready | ready | ready | shared_runtime |
| `channel.phone.continue_run` | channels | direct | ready | ready | ready | shared_runtime |
| `household.member.update` | household | reviewed_proposal | ready | ready | ready | shared_runtime |
| `household.member.remove` | household | reviewed_proposal | ready | ready | ready | shared_runtime |
| `household.device.list` | household | direct | ready | ready | ready | shared_runtime |
| `household.device.update` | household | reviewed_proposal | ready | ready | ready | shared_runtime |
| `household.device.revoke` | household | reviewed_proposal | ready | ready | ready | shared_runtime |
| `household.device.reconcile` | household | reviewed_proposal | ready | ready | ready | shared_runtime |
| `plan.availability.read` | plan | direct | ready | ready | ready | shared_runtime |
| `plan.availability.update` | plan | reviewed_proposal | ready | ready | ready | shared_runtime |
| `plan.calendars.read` | plan | direct | ready | ready | ready | shared_runtime |
| `plan.calendars.update` | plan | native_handoff | ready | ready | ready | shared_runtime |
| `chapters.digest_settings.read` | chapters | direct | ready | ready | ready | shared_runtime |
| `chapters.digest_settings.update` | chapters | reviewed_proposal | ready | ready | ready | shared_runtime |
| `chapters.alignment.preview` | chapters | direct | ready | ready | ready | shared_runtime |
| `chapters.alignment.apply` | chapters | reviewed_proposal | ready | ready | ready | shared_runtime |
| `settings.appearance.read` | settings | direct | ready | ready | ready | shared_runtime |
| `settings.appearance.update` | settings | reviewed_proposal | ready | ready | ready | shared_runtime |
| `settings.ai_model.read` | settings | direct | ready | ready | ready | shared_runtime |
| `settings.ai_model.update` | settings | reviewed_proposal | ready | ready | ready | shared_runtime |
| `settings.phone_agent.read` | settings | direct | ready | ready | ready | shared_runtime |
| `settings.phone_agent.update` | settings | reviewed_proposal | ready | ready | ready | shared_runtime |
| `settings.connected_tools.list` | settings | direct | ready | ready | ready | shared_runtime |
| `settings.connected_tools.get` | settings | direct | ready | ready | ready | shared_runtime |
| `settings.connected_tools.connect.open` | settings | provider_handoff | ready | ready | ready | shared_runtime |
| `settings.connected_tools.revoke` | settings | reviewed_proposal | ready | ready | ready | shared_runtime |
| `settings.sharing.list` | settings | direct | ready | ready | ready | shared_runtime |
| `settings.sharing.invitation.prepare` | settings | native_handoff | ready | ready | ready | shared_runtime |
| `settings.sharing.connection.revoke` | settings | reviewed_proposal | ready | ready | ready | shared_runtime |
| `settings.haptics.read` | settings | direct | ready | ready | ready | shared_runtime |
| `settings.haptics.update` | settings | reviewed_proposal | ready | ready | ready | shared_runtime |
| `settings.widgets.read` | settings | direct | ready | ready | ready | shared_runtime |
| `settings.widgets.configure` | settings | native_handoff | ready | ready | ready | shared_runtime |
| `settings.execution_targets.list` | settings | direct | ready | ready | ready | shared_runtime |
| `settings.execution_targets.get` | settings | direct | ready | ready | ready | shared_runtime |
| `settings.execution_targets.create` | settings | reviewed_proposal | ready | ready | ready | shared_runtime |
| `settings.execution_targets.update` | settings | reviewed_proposal | ready | ready | ready | shared_runtime |
| `settings.execution_targets.delete` | settings | reviewed_proposal | ready | ready | ready | shared_runtime |
| `settings.destinations.list` | settings | direct | ready | ready | ready | shared_runtime |
| `settings.destinations.get` | settings | direct | ready | ready | ready | shared_runtime |
| `settings.destinations.create` | settings | reviewed_proposal | ready | ready | ready | shared_runtime |
| `settings.destinations.delete` | settings | reviewed_proposal | ready | ready | ready | shared_runtime |
| `settings.activity_areas.list` | settings | direct | ready | ready | ready | shared_runtime |
| `settings.activity_areas.get` | settings | direct | ready | ready | ready | shared_runtime |
| `settings.activity_areas.create` | settings | reviewed_proposal | ready | ready | ready | shared_runtime |
| `settings.activity_areas.update` | settings | reviewed_proposal | ready | ready | ready | shared_runtime |
| `settings.activity_areas.delete` | settings | reviewed_proposal | ready | ready | ready | shared_runtime |
| `money.budget.read` | money | direct | ready | ready | ready | shared_runtime |
| `money.budget.update` | money | reviewed_proposal | ready | ready | ready | shared_runtime |
| `money.transaction.get` | money | direct | ready | ready | ready | shared_runtime |
| `money.transaction.meaning.update` | money | reviewed_proposal | ready | ready | ready | shared_runtime |
| `money.transaction.plan_treatment.update` | money | reviewed_proposal | ready | ready | ready | shared_runtime |
| `money.connection.disconnect` | money | reviewed_proposal | ready | ready | ready | shared_runtime |
| `money.connection.repair.open` | money | provider_handoff | ready | ready | ready | shared_runtime |
| `money.transfer.list` | money | direct | ready | ready | ready | shared_runtime |
| `money.transfer.get` | money | direct | ready | ready | ready | shared_runtime |
| `money.transfer.review` | money | reviewed_proposal | ready | ready | ready | shared_runtime |
| `chores.list` | chores | direct | ready | ready | ready | shared_runtime |
| `chores.get` | chores | direct | ready | ready | ready | shared_runtime |
| `chores.definition.create` | chores | reviewed_proposal | ready | ready | ready | shared_runtime |
| `chores.definition.update` | chores | reviewed_proposal | ready | ready | ready | shared_runtime |
| `chores.definition.pause` | chores | reviewed_proposal | ready | ready | ready | shared_runtime |
| `chores.definition.delete` | chores | reviewed_proposal | ready | ready | ready | shared_runtime |
| `chores.occurrence.claim` | chores | reviewed_proposal | ready | ready | ready | shared_runtime |
| `chores.occurrence.release` | chores | reviewed_proposal | ready | ready | ready | shared_runtime |
| `chores.occurrence.complete` | chores | reviewed_proposal | ready | ready | ready | shared_runtime |
| `chores.occurrence.reopen` | chores | reviewed_proposal | ready | ready | ready | shared_runtime |
| `chores.occurrence.report_earlier` | chores | reviewed_proposal | ready | ready | ready | shared_runtime |
| `chores.evidence.add` | chores | native_handoff | ready | ready | ready | shared_runtime |
| `chores.review.approve` | chores | reviewed_proposal | ready | ready | ready | shared_runtime |
| `chores.review.return` | chores | reviewed_proposal | ready | ready | ready | shared_runtime |
| `chores.review.leave_missed` | chores | reviewed_proposal | ready | ready | ready | shared_runtime |
| `chores.reward.read` | chores | direct | ready | ready | ready | shared_runtime |
| `chores.reward.configure` | chores | reviewed_proposal | ready | ready | ready | shared_runtime |
| `chores.reward.reserve` | chores | reviewed_proposal | ready | ready | ready | shared_runtime |
| `chores.reward.cancel` | chores | reviewed_proposal | ready | ready | ready | shared_runtime |
| `chores.reward.settle` | chores | reviewed_proposal | ready | ready | ready | shared_runtime |
| `recipes.favorite.update` | recipes | reviewed_proposal | ready | ready | ready | shared_runtime |
| `recipes.visibility.update` | recipes | reviewed_proposal | ready | ready | ready | shared_runtime |
| `meal_planning.preferences.read` | meal_planning | direct | ready | ready | ready | shared_runtime |
| `meal_planning.preferences.update` | meal_planning | reviewed_proposal | ready | ready | ready | shared_runtime |
| `screen_time.personal_rule.list` | screenTime | direct | ready | ready | ready | shared_runtime |
| `screen_time.personal_rule.get` | screenTime | direct | ready | ready | ready | shared_runtime |
| `screen_time.personal_rule.update` | screenTime | reviewed_proposal | ready | ready | ready | shared_runtime |
| `screen_time.personal_rule.deactivate` | screenTime | reviewed_proposal | ready | ready | ready | shared_runtime |
| `screen_time.personal_rule.delete` | screenTime | reviewed_proposal | ready | ready | ready | shared_runtime |
| `notifications.preferences.read` | notifications | direct | ready | ready | ready | shared_runtime |
| `notifications.preferences.update` | notifications | native_handoff | ready | ready | ready | shared_runtime |
| `navigation.open_capability` | navigation | native_handoff | ready | ready | ready | shared_runtime |

## Final parity errors

None.

[verify:changed] npm run agent:map

> kwilt@1.0.121 agent:map
> node scripts/generate-agent-code-map.mjs

Wrote docs/agent-code-map.md

[verify:changed] npm run architecture:lint

> kwilt@1.0.121 architecture:lint
> node --test scripts/architecture-lint-lib.test.mjs && node scripts/architecture-lint.mjs

✔ counts product green tokens but ignores neutral color roles (0.627542ms)
✔ allows green only when the source line names an explicit brand moment (0.047833ms)
✔ rejects increases while allowing existing green debt to stay flat or decrease (0.076792ms)
✔ rejects feature-level overrides of canonical ActionDock placement (0.572083ms)
✔ allows dock internals and semantic placement without raw geometry overrides (0.057708ms)
✔ rejects raw React Native press controls outside the app-owned haptic boundary (0.10175ms)
✔ rejects drawer action geometry escape hatches in feature code (0.063584ms)
✔ rejects a migrated screen selecting a raw repository mutation (0.06575ms)
✔ rejects Chat mutation duplication while allowing the capability action module (0.053166ms)
ℹ tests 9
ℹ suites 0
ℹ pass 9
ℹ fail 0
ℹ cancelled 0
ℹ skipped 0
ℹ todo 0
ℹ duration_ms 64.563375
Architecture warnings:
- src/features/account/ManageSubscriptionScreen.tsx: legacy raw react-native Text import in a feature file; prefer src/ui Typography for on-canvas copy when editing this file
- src/features/activities/ActivityDetailRefresh.tsx: legacy raw react-native Text import in a feature file; prefer src/ui Typography for on-canvas copy when editing this file
- src/features/activities/ActivityDetailScreen.tsx: legacy raw react-native Text import in a feature file; prefer src/ui Typography for on-canvas copy when editing this file
- src/features/activities/ActivityDraftDetailFields.tsx: legacy raw react-native Text import in a feature file; prefer src/ui Typography for on-canvas copy when editing this file
- src/features/activities/QuickAddDock.tsx: legacy raw react-native Text import in a feature file; prefer src/ui Typography for on-canvas copy when editing this file
- src/features/arcs/ArcBannerSheet.tsx: legacy raw react-native Text import in a feature file; prefer src/ui Typography for on-canvas copy when editing this file
- src/features/arcs/ArcDetailScreen.tsx: legacy raw react-native Text import in a feature file; prefer src/ui Typography for on-canvas copy when editing this file
- src/features/arcs/ArcsScreen.tsx: legacy raw react-native Text import in a feature file; prefer src/ui Typography for on-canvas copy when editing this file
- src/features/onboarding/ConfigErrorScreen.tsx: legacy raw react-native Text import in a feature file; prefer src/ui Typography for on-canvas copy when editing this file
- src/features/onboarding/CreditsInterstitialDrawer.tsx: legacy raw react-native Text import in a feature file; prefer src/ui Typography for on-canvas copy when editing this file
Raw Text warnings by feature:
- activities: 4
- arcs: 3
- onboarding: 2
- account: 1
Architecture lint passed with 10 warnings.
